epoch,train_loss,test_psnr,test_ssim,best_psnr,best_ssim,best_epoch,is_best
1,0.22627635,8.382016,0.258517,8.382016,0.258517,1,1
2,0.08013954,22.443588,0.682153,22.443588,0.682153,2,1
3,0.02340653,20.807276,0.681427,22.443588,0.682153,2,0
4,0.02286519,20.904366,0.683999,22.443588,0.683999,2,0
5,0.02239066,20.995264,0.686493,22.443588,0.686493,2,0
6,0.02193338,21.102621,0.689383,22.443588,0.689383,2,0
7,0.02147363,21.18745,0.692233,22.443588,0.692233,2,0
8,0.0210238,21.302106,0.694847,22.443588,0.694847,2,0
9,0.0205851,21.399452,0.697661,22.443588,0.697661,2,0
10,0.02016638,21.508762,0.70048,22.443588,0.70048,2,0
11,0.01977596,21.595882,0.703051,22.443588,0.703051,2,0
12,0.01940147,21.685385,0.70581,22.443588,0.70581,2,0
13,0.01901667,21.777646,0.708397,22.443588,0.708397,2,0
14,0.01865434,21.884747,0.711175,22.443588,0.711175,2,0
15,0.01829188,21.984947,0.713722,22.443588,0.713722,2,0
16,0.01794043,22.060941,0.716358,22.443588,0.716358,2,0
17,0.0175971,22.189218,0.719016,22.443588,0.719016,2,0
18,0.01724582,22.287301,0.721498,22.443588,0.721498,2,0
19,0.01690281,22.393793,0.724224,22.443588,0.724224,2,0
20,0.01656948,22.461319,0.726669,22.461319,0.726669,20,1
21,0.01624956,22.585093,0.729241,22.585093,0.729241,21,1
22,0.01591961,22.664052,0.73163,22.664052,0.73163,22,1
23,0.01560574,22.776119,0.734298,22.776119,0.734298,23,1
24,0.01528723,22.86545,0.736805,22.86545,0.736805,24,1
25,0.01497719,22.992169,0.739328,22.992169,0.739328,25,1
26,0.01467305,23.105687,0.7418,23.105687,0.7418,26,1
27,0.01435879,23.203359,0.744318,23.203359,0.744318,27,1
28,0.01407483,23.327433,0.746901,23.327433,0.746901,28,1
29,0.01378045,23.424713,0.749451,23.424713,0.749451,29,1
30,0.01349553,23.544145,0.752353,23.544145,0.752353,30,1
31,0.01320033,23.683146,0.755359,23.683146,0.755359,31,1
32,0.01288613,23.780771,0.757877,23.780771,0.757877,32,1
33,0.01259557,23.906879,0.76003,23.906879,0.76003,33,1
34,0.01232062,24.00305,0.762266,24.00305,0.762266,34,1
35,0.01204607,24.109144,0.764531,24.109144,0.764531,35,1
36,0.01179049,24.211693,0.766645,24.211693,0.766645,36,1
37,0.01155662,24.320025,0.768785,24.320025,0.768785,37,1
38,0.01130809,24.402792,0.770682,24.402792,0.770682,38,1
39,0.01107708,24.508517,0.772735,24.508517,0.772735,39,1
40,0.01085133,24.605122,0.774743,24.605122,0.774743,40,1
41,0.01063067,24.682812,0.776621,24.682812,0.776621,41,1
42,0.01042419,24.774751,0.778587,24.774751,0.778587,42,1
43,0.01022121,24.86292,0.780428,24.86292,0.780428,43,1
44,0.0100204,24.935779,0.782159,24.935779,0.782159,44,1
45,0.00983197,25.026095,0.783969,25.026095,0.783969,45,1
46,0.0096507,25.111587,0.785747,25.111587,0.785747,46,1
47,0.0094738,25.187479,0.787355,25.187479,0.787355,47,1
48,0.00930361,25.267292,0.789011,25.267292,0.789011,48,1
49,0.00914188,25.336122,0.790548,25.336122,0.790548,49,1
50,0.00898736,25.417016,0.792114,25.417016,0.792114,50,1
51,0.00884421,25.467358,0.793411,25.467358,0.793411,51,1
52,0.00869845,25.543841,0.794935,25.543841,0.794935,52,1
53,0.00856164,25.608852,0.796249,25.608852,0.796249,53,1
54,0.00842775,25.676229,0.797638,25.676229,0.797638,54,1
55,0.00830478,25.740379,0.798898,25.740379,0.798898,55,1
56,0.00818581,25.819262,0.800208,25.819262,0.800208,56,1
57,0.00807327,25.874769,0.801382,25.874769,0.801382,57,1
58,0.00795943,25.934994,0.802581,25.934994,0.802581,58,1
59,0.007854,26.002903,0.803747,26.002903,0.803747,59,1
60,0.00775263,26.045198,0.804791,26.045198,0.804791,60,1
61,0.00765332,26.123859,0.805986,26.123859,0.805986,61,1
62,0.00756233,26.184955,0.807046,26.184955,0.807046,62,1
63,0.00746352,26.254209,0.808145,26.254209,0.808145,63,1
64,0.00738307,26.312177,0.809092,26.312177,0.809092,64,1
65,0.00729811,26.356377,0.810006,26.356377,0.810006,65,1
66,0.00721628,26.413739,0.810987,26.413739,0.810987,66,1
67,0.00713536,26.46766,0.811874,26.46766,0.811874,67,1
68,0.00705725,26.525226,0.812789,26.525226,0.812789,68,1
69,0.00698385,26.576496,0.813571,26.576496,0.813571,69,1
70,0.00691195,26.630689,0.814362,26.630689,0.814362,70,1
71,0.00684533,26.680148,0.815159,26.680148,0.815159,71,1
72,0.00677118,26.725479,0.815872,26.725479,0.815872,72,1
73,0.00670841,26.771137,0.816579,26.771137,0.816579,73,1
74,0.00664535,26.79009,0.817212,26.79009,0.817212,74,1
75,0.00657795,26.848168,0.817853,26.848168,0.817853,75,1
76,0.00651987,26.892088,0.818535,26.892088,0.818535,76,1
77,0.00645776,26.93478,0.819109,26.93478,0.819109,77,1
78,0.00639587,26.957313,0.819621,26.957313,0.819621,78,1
79,0.00634476,27.000877,0.820246,27.000877,0.820246,79,1
80,0.00628607,27.044501,0.82079,27.044501,0.82079,80,1
81,0.00623634,27.070746,0.821281,27.070746,0.821281,81,1
82,0.00618528,27.116481,0.8218,27.116481,0.8218,82,1
83,0.00612798,27.130884,0.822284,27.130884,0.822284,83,1
84,0.00607675,27.163922,0.822759,27.163922,0.822759,84,1
85,0.0060217,27.207796,0.823251,27.207796,0.823251,85,1
86,0.00597601,27.248588,0.823685,27.248588,0.823685,86,1
87,0.0059234,27.280004,0.824158,27.280004,0.824158,87,1
88,0.00587695,27.287962,0.824534,27.287962,0.824534,88,1
89,0.00583087,27.32595,0.824941,27.32595,0.824941,89,1
90,0.00577993,27.352773,0.82541,27.352773,0.82541,90,1
91,0.00573766,27.388844,0.825793,27.388844,0.825793,91,1
92,0.00569009,27.407247,0.826139,27.407247,0.826139,92,1
93,0.0056458,27.436964,0.826597,27.436964,0.826597,93,1
94,0.00560095,27.461079,0.826983,27.461079,0.826983,94,1
95,0.00555193,27.520018,0.827403,27.520018,0.827403,95,1
96,0.00550715,27.54399,0.827904,27.54399,0.827904,96,1
97,0.00546443,27.569479,0.828334,27.569479,0.828334,97,1
98,0.0054185,27.585913,0.828713,27.585913,0.828713,98,1
99,0.00537599,27.619068,0.829168,27.619068,0.829168,99,1
100,0.00533235,27.655358,0.829543,27.655358,0.829543,100,1
101,0.005289,27.689153,0.829955,27.689153,0.829955,101,1
102,0.00525126,27.71923,0.83047,27.71923,0.83047,102,1
103,0.00520623,27.736667,0.830892,27.736667,0.830892,103,1
104,0.00516834,27.783577,0.831347,27.783577,0.831347,104,1
105,0.00512582,27.788383,0.831641,27.788383,0.831641,105,1
106,0.00508717,27.813791,0.831941,27.813791,0.831941,106,1
107,0.00505277,27.823877,0.832225,27.823877,0.832225,107,1
108,0.00501496,27.845408,0.832477,27.845408,0.832477,108,1
109,0.00498125,27.85643,0.832776,27.85643,0.832776,109,1
110,0.00494288,27.873535,0.833019,27.873535,0.833019,110,1
111,0.00490728,27.913559,0.833278,27.913559,0.833278,111,1
112,0.00487606,27.913897,0.833579,27.913897,0.833579,112,1
113,0.00484009,27.936176,0.833808,27.936176,0.833808,113,1
114,0.00480291,27.949038,0.834054,27.949038,0.834054,114,1
115,0.00477202,27.977654,0.834287,27.977654,0.834287,115,1
116,0.0047429,27.99066,0.834572,27.99066,0.834572,116,1
117,0.00470759,28.026751,0.834822,28.026751,0.834822,117,1
118,0.00467586,28.034928,0.835011,28.034928,0.835011,118,1
119,0.00464519,28.05292,0.835306,28.05292,0.835306,119,1
120,0.00461486,28.077913,0.835514,28.077913,0.835514,120,1
121,0.00458098,28.079146,0.835732,28.079146,0.835732,121,1
122,0.00455097,28.100547,0.835919,28.100547,0.835919,122,1
123,0.00452511,28.124623,0.836205,28.124623,0.836205,123,1
124,0.00449162,28.146612,0.836393,28.146612,0.836393,124,1
125,0.00446198,28.163017,0.836611,28.163017,0.836611,125,1
126,0.00443668,28.18387,0.836813,28.18387,0.836813,126,1
127,0.00440426,28.196742,0.837073,28.196742,0.837073,127,1
128,0.00437759,28.208604,0.837243,28.208604,0.837243,128,1
129,0.0043528,28.219593,0.837448,28.219593,0.837448,129,1
130,0.00432435,28.244915,0.837629,28.244915,0.837629,130,1
131,0.00429827,28.2801,0.837915,28.2801,0.837915,131,1
132,0.00427078,28.287555,0.838102,28.287555,0.838102,132,1
133,0.00424454,28.303785,0.838276,28.303785,0.838276,133,1
134,0.00422108,28.323961,0.838471,28.323961,0.838471,134,1
135,0.00419519,28.335154,0.838663,28.335154,0.838663,135,1
136,0.00416972,28.352456,0.838913,28.352456,0.838913,136,1
137,0.00414122,28.365094,0.839077,28.365094,0.839077,137,1
138,0.00411947,28.391496,0.839282,28.391496,0.839282,138,1
139,0.00409803,28.410838,0.839476,28.410838,0.839476,139,1
140,0.00407424,28.422531,0.839663,28.422531,0.839663,140,1
141,0.00405197,28.426667,0.839853,28.426667,0.839853,141,1
142,0.00403117,28.449255,0.840044,28.449255,0.840044,142,1
143,0.00400569,28.458017,0.840237,28.458017,0.840237,143,1
144,0.00398186,28.47753,0.840432,28.47753,0.840432,144,1
145,0.00395907,28.503035,0.840636,28.503035,0.840636,145,1
146,0.00393607,28.521093,0.840859,28.521093,0.840859,146,1
147,0.0039157,28.521859,0.841024,28.521859,0.841024,147,1
148,0.00389471,28.546611,0.841249,28.546611,0.841249,148,1
149,0.00387624,28.556558,0.841427,28.556558,0.841427,149,1
150,0.00385648,28.573599,0.841621,28.573599,0.841621,150,1
151,0.00383433,28.593381,0.841885,28.593381,0.841885,151,1
152,0.00381096,28.595632,0.842051,28.595632,0.842051,152,1
153,0.0037949,28.618,0.842247,28.618,0.842247,153,1
154,0.00377864,28.634545,0.842447,28.634545,0.842447,154,1
155,0.0037605,28.653536,0.842622,28.653536,0.842622,155,1
156,0.00373801,28.670523,0.842825,28.670523,0.842825,156,1
157,0.00372067,28.67262,0.84304,28.67262,0.84304,157,1
158,0.0037044,28.684611,0.843203,28.684611,0.843203,158,1
159,0.0036844,28.696394,0.843365,28.696394,0.843365,159,1
160,0.00366623,28.713369,0.843563,28.713369,0.843563,160,1
161,0.0036532,28.729443,0.84373,28.729443,0.84373,161,1
162,0.00363146,28.744795,0.843899,28.744795,0.843899,162,1
163,0.00361526,28.751177,0.844116,28.751177,0.844116,163,1
164,0.00359742,28.756259,0.844262,28.756259,0.844262,164,1
165,0.00358299,28.771985,0.844416,28.771985,0.844416,165,1
166,0.0035663,28.790335,0.844602,28.790335,0.844602,166,1
167,0.0035506,28.801449,0.844766,28.801449,0.844766,167,1
168,0.00353561,28.80994,0.844914,28.80994,0.844914,168,1
169,0.00352361,28.83046,0.845084,28.83046,0.845084,169,1
170,0.00350594,28.835675,0.845294,28.835675,0.845294,170,1
171,0.00349016,28.84928,0.84545,28.84928,0.84545,171,1
172,0.00347668,28.857438,0.845579,28.857438,0.845579,172,1
173,0.00345957,28.866456,0.845732,28.866456,0.845732,173,1
174,0.00344504,28.883439,0.845911,28.883439,0.845911,174,1
175,0.00343417,28.886773,0.846037,28.886773,0.846037,175,1
176,0.00342033,28.906291,0.846203,28.906291,0.846203,176,1
177,0.00340599,28.912799,0.846368,28.912799,0.846368,177,1
178,0.00339448,28.936434,0.846589,28.936434,0.846589,178,1
179,0.00337899,28.935075,0.846735,28.936434,0.846735,178,0
180,0.00336844,28.947867,0.846877,28.947867,0.846877,180,1
181,0.0033563,28.957482,0.847024,28.957482,0.847024,181,1
182,0.00334364,28.968309,0.847187,28.968309,0.847187,182,1
183,0.00333118,28.975839,0.847345,28.975839,0.847345,183,1
184,0.0033178,28.98517,0.847477,28.98517,0.847477,184,1
185,0.00330928,28.996261,0.847627,28.996261,0.847627,185,1
186,0.00329587,29.004986,0.847779,29.004986,0.847779,186,1
187,0.00328229,29.012558,0.847948,29.012558,0.847948,187,1
188,0.00327292,29.030363,0.848152,29.030363,0.848152,188,1
189,0.00326366,29.03133,0.84828,29.03133,0.84828,189,1
190,0.00325321,29.047766,0.848439,29.047766,0.848439,190,1
191,0.00324204,29.060294,0.848594,29.060294,0.848594,191,1
192,0.00322835,29.067848,0.848746,29.067848,0.848746,192,1
193,0.00322034,29.071108,0.848891,29.071108,0.848891,193,1
194,0.00321108,29.084505,0.84904,29.084505,0.84904,194,1
195,0.00319981,29.091648,0.849189,29.091648,0.849189,195,1
196,0.00318783,29.099947,0.849322,29.099947,0.849322,196,1
197,0.00318216,29.109925,0.849498,29.109925,0.849498,197,1
198,0.00317153,29.115676,0.849653,29.115676,0.849653,198,1
199,0.00316182,29.12614,0.849849,29.12614,0.849849,199,1
200,0.00315436,29.14008,0.849996,29.14008,0.849996,200,1
201,0.0031409,29.146774,0.850147,29.146774,0.850147,201,1
202,0.00313414,29.156975,0.850286,29.156975,0.850286,202,1
203,0.00312393,29.164402,0.850444,29.164402,0.850444,203,1
204,0.0031134,29.16953,0.850601,29.16953,0.850601,204,1
205,0.0031091,29.180103,0.850748,29.180103,0.850748,205,1
206,0.00309569,29.189243,0.8509,29.189243,0.8509,206,1
207,0.00308998,29.197743,0.851038,29.197743,0.851038,207,1
208,0.00308127,29.207595,0.851188,29.207595,0.851188,208,1
209,0.00307164,29.217915,0.851328,29.217915,0.851328,209,1
210,0.00306514,29.229179,0.851486,29.229179,0.851486,210,1
211,0.00305746,29.230475,0.851645,29.230475,0.851645,211,1
212,0.00304856,29.24409,0.8518,29.24409,0.8518,212,1
213,0.00304066,29.246855,0.851973,29.246855,0.851973,213,1
214,0.00303295,29.260552,0.852151,29.260552,0.852151,214,1
215,0.00302715,29.268889,0.85228,29.268889,0.85228,215,1
216,0.00302122,29.274675,0.852423,29.274675,0.852423,216,1
217,0.00300905,29.285186,0.852566,29.285186,0.852566,217,1
218,0.00300583,29.2903,0.85272,29.2903,0.85272,218,1
219,0.00299603,29.297903,0.852868,29.297903,0.852868,219,1
220,0.00298787,29.304851,0.85301,29.304851,0.85301,220,1
221,0.00298131,29.31593,0.853175,29.31593,0.853175,221,1
222,0.00297481,29.325249,0.853321,29.325249,0.853321,222,1
223,0.00296899,29.329692,0.853462,29.329692,0.853462,223,1
224,0.00296371,29.339149,0.853594,29.339149,0.853594,224,1
225,0.00295855,29.34995,0.853747,29.34995,0.853747,225,1
226,0.00294866,29.355586,0.853889,29.355586,0.853889,226,1
227,0.00294436,29.366929,0.854034,29.366929,0.854034,227,1
228,0.00293504,29.368306,0.854175,29.368306,0.854175,228,1
229,0.00292975,29.377016,0.854345,29.377016,0.854345,229,1
230,0.00292325,29.385761,0.854488,29.385761,0.854488,230,1
231,0.00291471,29.393813,0.854642,29.393813,0.854642,231,1
232,0.00290987,29.398748,0.854817,29.398748,0.854817,232,1
233,0.00290124,29.405366,0.854969,29.405366,0.854969,233,1
234,0.00289894,29.410443,0.855109,29.410443,0.855109,234,1
235,0.00289248,29.423425,0.855252,29.423425,0.855252,235,1
236,0.00288626,29.428405,0.85539,29.428405,0.85539,236,1
237,0.00288078,29.439684,0.85555,29.439684,0.85555,237,1
238,0.00287476,29.444582,0.855665,29.444582,0.855665,238,1
239,0.00286679,29.451853,0.855813,29.451853,0.855813,239,1
240,0.00286445,29.459957,0.855971,29.459957,0.855971,240,1
241,0.00286017,29.465327,0.856112,29.465327,0.856112,241,1
242,0.00285,29.472933,0.856257,29.472933,0.856257,242,1
243,0.00284426,29.480055,0.856403,29.480055,0.856403,243,1
244,0.00284166,29.487607,0.856544,29.487607,0.856544,244,1
245,0.00283426,29.495829,0.856692,29.495829,0.856692,245,1
246,0.00282904,29.507931,0.856855,29.507931,0.856855,246,1
247,0.0028242,29.513064,0.856984,29.513064,0.856984,247,1
248,0.00282157,29.518563,0.857134,29.518563,0.857134,248,1
249,0.0028147,29.526826,0.857262,29.526826,0.857262,249,1
250,0.00280913,29.535571,0.857417,29.535571,0.857417,250,1
251,0.00280157,29.54408,0.857564,29.54408,0.857564,251,1
252,0.00280071,29.547964,0.857705,29.547964,0.857705,252,1
253,0.00279453,29.554673,0.85782,29.554673,0.85782,253,1
254,0.00278893,29.564482,0.857974,29.564482,0.857974,254,1
255,0.00278648,29.570272,0.858109,29.570272,0.858109,255,1
256,0.00277882,29.579488,0.858269,29.579488,0.858269,256,1
257,0.00277633,29.585492,0.858413,29.585492,0.858413,257,1
258,0.0027687,29.59032,0.858552,29.59032,0.858552,258,1
259,0.002764,29.598626,0.858695,29.598626,0.858695,259,1
260,0.00275659,29.607542,0.858842,29.607542,0.858842,260,1
261,0.00275481,29.618406,0.858987,29.618406,0.858987,261,1
262,0.00275059,29.623475,0.859128,29.623475,0.859128,262,1
263,0.00274217,29.630593,0.859297,29.630593,0.859297,263,1
264,0.00274071,29.637149,0.859443,29.637149,0.859443,264,1
265,0.00273436,29.641844,0.859574,29.641844,0.859574,265,1
266,0.00272994,29.648334,0.859715,29.648334,0.859715,266,1
267,0.00272739,29.654159,0.859851,29.654159,0.859851,267,1
268,0.00271933,29.664795,0.860011,29.664795,0.860011,268,1
269,0.00271767,29.671394,0.860117,29.671394,0.860117,269,1
270,0.00271471,29.681786,0.860272,29.681786,0.860272,270,1
271,0.00270682,29.686271,0.860397,29.686271,0.860397,271,1
272,0.00270384,29.693668,0.860533,29.693668,0.860533,272,1
273,0.0027006,29.700564,0.86068,29.700564,0.86068,273,1
274,0.00269455,29.706484,0.860813,29.706484,0.860813,274,1
275,0.0026892,29.715298,0.860966,29.715298,0.860966,275,1
276,0.00268446,29.725331,0.861089,29.725331,0.861089,276,1
277,0.00268472,29.729837,0.861222,29.729837,0.861222,277,1
278,0.00267576,29.73557,0.861351,29.73557,0.861351,278,1
279,0.00267226,29.744726,0.861488,29.744726,0.861488,279,1
280,0.00267164,29.75118,0.861631,29.75118,0.861631,280,1
281,0.00266305,29.755428,0.861757,29.755428,0.861757,281,1
282,0.00266066,29.766288,0.861906,29.766288,0.861906,282,1
283,0.00265558,29.772589,0.862039,29.772589,0.862039,283,1
284,0.0026518,29.779683,0.862176,29.779683,0.862176,284,1
285,0.00264894,29.784863,0.862306,29.784863,0.862306,285,1
286,0.00264116,29.791591,0.862436,29.791591,0.862436,286,1
287,0.00263961,29.796352,0.862566,29.796352,0.862566,287,1
288,0.00263341,29.804869,0.862713,29.804869,0.862713,288,1
289,0.00263258,29.810559,0.862842,29.810559,0.862842,289,1
290,0.00262847,29.81881,0.862973,29.81881,0.862973,290,1
291,0.0026244,29.826225,0.863116,29.826225,0.863116,291,1
292,0.00262062,29.83422,0.863247,29.83422,0.863247,292,1
293,0.00261215,29.841929,0.863382,29.841929,0.863382,293,1
294,0.00260983,29.847839,0.863518,29.847839,0.863518,294,1
295,0.00261011,29.854948,0.863646,29.854948,0.863646,295,1
296,0.00260595,29.860799,0.863772,29.860799,0.863772,296,1
297,0.00259926,29.870473,0.86392,29.870473,0.86392,297,1
298,0.0025973,29.873127,0.864033,29.873127,0.864033,298,1
299,0.00259369,29.879948,0.864171,29.879948,0.864171,299,1
300,0.00258682,29.888091,0.864307,29.888091,0.864307,300,1
301,0.00258555,29.894211,0.864435,29.894211,0.864435,301,1
302,0.00258011,29.901839,0.864575,29.901839,0.864575,302,1
303,0.00257726,29.909403,0.864705,29.909403,0.864705,303,1
304,0.00257151,29.916889,0.864837,29.916889,0.864837,304,1
305,0.00256804,29.919367,0.864961,29.919367,0.864961,305,1
306,0.00256392,29.926344,0.865097,29.926344,0.865097,306,1
307,0.00256389,29.93288,0.865226,29.93288,0.865226,307,1
308,0.00256063,29.939104,0.865369,29.939104,0.865369,308,1
309,0.00255388,29.947644,0.865493,29.947644,0.865493,309,1
310,0.0025473,29.952885,0.865616,29.952885,0.865616,310,1
311,0.00254554,29.963582,0.865743,29.963582,0.865743,311,1
312,0.00254572,29.968682,0.865865,29.968682,0.865865,312,1
313,0.00254068,29.975414,0.866005,29.975414,0.866005,313,1
314,0.00253519,29.980759,0.866136,29.980759,0.866136,314,1
315,0.00253256,29.985594,0.866263,29.985594,0.866263,315,1
316,0.00252644,29.992839,0.866392,29.992839,0.866392,316,1
317,0.00252682,29.999308,0.866523,29.999308,0.866523,317,1
318,0.00252128,30.004254,0.866645,30.004254,0.866645,318,1
319,0.00251894,30.011969,0.866773,30.011969,0.866773,319,1
320,0.00251661,30.016988,0.866901,30.016988,0.866901,320,1
321,0.00251277,30.023103,0.867015,30.023103,0.867015,321,1
322,0.00250576,30.029524,0.867138,30.029524,0.867138,322,1
323,0.00250614,30.032947,0.867268,30.032947,0.867268,323,1
324,0.00250431,30.038437,0.867395,30.038437,0.867395,324,1
325,0.00249869,30.045206,0.867515,30.045206,0.867515,325,1
326,0.00249537,30.050933,0.867637,30.050933,0.867637,326,1
327,0.0024923,30.057368,0.86776,30.057368,0.86776,327,1
328,0.00248918,30.062964,0.867874,30.062964,0.867874,328,1
329,0.00248699,30.06875,0.867993,30.06875,0.867993,329,1
330,0.00248542,30.075432,0.868114,30.075432,0.868114,330,1
331,0.00248202,30.080742,0.868229,30.080742,0.868229,331,1
332,0.0024782,30.087055,0.868347,30.087055,0.868347,332,1
333,0.00247305,30.090797,0.868458,30.090797,0.868458,333,1
334,0.00247082,30.097803,0.868582,30.097803,0.868582,334,1
335,0.00247013,30.10352,0.868697,30.10352,0.868697,335,1
336,0.00246546,30.108935,0.868808,30.108935,0.868808,336,1
337,0.00246207,30.115909,0.868924,30.115909,0.868924,337,1
338,0.00245891,30.119927,0.869032,30.119927,0.869032,338,1
339,0.0024582,30.126183,0.869139,30.126183,0.869139,339,1
340,0.00245629,30.131206,0.869254,30.131206,0.869254,340,1
341,0.00245126,30.135512,0.869356,30.135512,0.869356,341,1
342,0.002449,30.139192,0.869467,30.139192,0.869467,342,1
343,0.00244641,30.142122,0.869579,30.142122,0.869579,343,1
344,0.00244329,30.14745,0.869688,30.14745,0.869688,344,1
345,0.00244123,30.153286,0.869791,30.153286,0.869791,345,1
346,0.00243872,30.160125,0.869896,30.160125,0.869896,346,1
347,0.002435,30.164753,0.870013,30.164753,0.870013,347,1
348,0.00243303,30.168663,0.870106,30.168663,0.870106,348,1
349,0.00242789,30.173479,0.870223,30.173479,0.870223,349,1
350,0.00242712,30.177548,0.870325,30.177548,0.870325,350,1
351,0.00242239,30.182604,0.870428,30.182604,0.870428,351,1
352,0.0024228,30.187928,0.870533,30.187928,0.870533,352,1
353,0.00241897,30.192938,0.870635,30.192938,0.870635,353,1
354,0.00241674,30.198078,0.870736,30.198078,0.870736,354,1
355,0.00241555,30.203309,0.870844,30.203309,0.870844,355,1
356,0.00241025,30.210073,0.870943,30.210073,0.870943,356,1
357,0.00240947,30.214793,0.871038,30.214793,0.871038,357,1
358,0.00240622,30.218668,0.871134,30.218668,0.871134,358,1
359,0.00240335,30.2252,0.871236,30.2252,0.871236,359,1
360,0.00240269,30.229985,0.871362,30.229985,0.871362,360,1
361,0.00239887,30.23293,0.871456,30.23293,0.871456,361,1
362,0.00239736,30.235727,0.871549,30.235727,0.871549,362,1
363,0.00239358,30.239979,0.871646,30.239979,0.871646,363,1
364,0.00239159,30.243597,0.871744,30.243597,0.871744,364,1
365,0.00239183,30.248637,0.871849,30.248637,0.871849,365,1
366,0.00238391,30.254692,0.871938,30.254692,0.871938,366,1
367,0.0023858,30.260019,0.872033,30.260019,0.872033,367,1
368,0.00238258,30.264674,0.87212,30.264674,0.87212,368,1
369,0.00238092,30.270255,0.872227,30.270255,0.872227,369,1
370,0.0023792,30.27512,0.872323,30.27512,0.872323,370,1
371,0.00237638,30.280324,0.872415,30.280324,0.872415,371,1
372,0.00237205,30.284881,0.872507,30.284881,0.872507,372,1
373,0.00237284,30.289682,0.872606,30.289682,0.872606,373,1
374,0.00236937,30.295324,0.872699,30.295324,0.872699,374,1
375,0.00236537,30.299161,0.872794,30.299161,0.872794,375,1
376,0.00236645,30.302724,0.872892,30.302724,0.872892,376,1
377,0.00236311,30.307141,0.87298,30.307141,0.87298,377,1
378,0.00236104,30.312487,0.873069,30.312487,0.873069,378,1
379,0.0023566,30.31765,0.873165,30.31765,0.873165,379,1
380,0.00235558,30.322422,0.873253,30.322422,0.873253,380,1
381,0.00235102,30.326319,0.873341,30.326319,0.873341,381,1
382,0.00235092,30.33077,0.873433,30.33077,0.873433,382,1
383,0.0023494,30.332041,0.873511,30.332041,0.873511,383,1
384,0.00234494,30.336279,0.873598,30.336279,0.873598,384,1
385,0.00234371,30.340273,0.873694,30.340273,0.873694,385,1
386,0.00234167,30.344601,0.873784,30.344601,0.873784,386,1
387,0.00234076,30.347942,0.873875,30.347942,0.873875,387,1
388,0.00233651,30.352952,0.873965,30.352952,0.873965,388,1
389,0.00233334,30.358839,0.874047,30.358839,0.874047,389,1
390,0.00233443,30.364697,0.874142,30.364697,0.874142,390,1
391,0.0023306,30.370428,0.874229,30.370428,0.874229,391,1
392,0.0023287,30.375002,0.874311,30.375002,0.874311,392,1
393,0.00232498,30.379736,0.874399,30.379736,0.874399,393,1
394,0.00232732,30.384288,0.874491,30.384288,0.874491,394,1
395,0.00232164,30.387114,0.874573,30.387114,0.874573,395,1
396,0.00232331,30.390538,0.874665,30.390538,0.874665,396,1
397,0.00231981,30.395201,0.874745,30.395201,0.874745,397,1
398,0.00231516,30.399606,0.874829,30.399606,0.874829,398,1
399,0.00231433,30.403899,0.874917,30.403899,0.874917,399,1
400,0.00231061,30.406575,0.875015,30.406575,0.875015,400,1
401,0.00231206,30.413214,0.87509,30.413214,0.87509,401,1
402,0.00230964,30.41691,0.875179,30.41691,0.875179,402,1
403,0.00230685,30.420776,0.875273,30.420776,0.875273,403,1
404,0.00230507,30.425494,0.875351,30.425494,0.875351,404,1
405,0.00230269,30.429678,0.875435,30.429678,0.875435,405,1
406,0.00230209,30.433025,0.875517,30.433025,0.875517,406,1
407,0.00230029,30.435076,0.875595,30.435076,0.875595,407,1
408,0.00229496,30.440527,0.875686,30.440527,0.875686,408,1
409,0.00229253,30.444562,0.875759,30.444562,0.875759,409,1
410,0.00229215,30.44863,0.875865,30.44863,0.875865,410,1
411,0.00228776,30.452962,0.875951,30.452962,0.875951,411,1
412,0.00228969,30.459243,0.876039,30.459243,0.876039,412,1
413,0.00228391,30.464667,0.876109,30.464667,0.876109,413,1
414,0.00228387,30.469412,0.876189,30.469412,0.876189,414,1
415,0.00228237,30.473989,0.876272,30.473989,0.876272,415,1
416,0.00228223,30.477445,0.876349,30.477445,0.876349,416,1
417,0.00227994,30.480984,0.876428,30.480984,0.876428,417,1
418,0.00227541,30.485012,0.876513,30.485012,0.876513,418,1
419,0.00227419,30.490082,0.876562,30.490082,0.876562,419,1
420,0.00227191,30.493663,0.876658,30.493663,0.876658,420,1
421,0.00227349,30.497896,0.876728,30.497896,0.876728,421,1
422,0.00227082,30.502878,0.876818,30.502878,0.876818,422,1
423,0.00226633,30.507071,0.876892,30.507071,0.876892,423,1
424,0.00226673,30.510135,0.876963,30.510135,0.876963,424,1
425,0.00226495,30.515789,0.877042,30.515789,0.877042,425,1
426,0.00226183,30.520536,0.877116,30.520536,0.877116,426,1
427,0.00225986,30.523826,0.877193,30.523826,0.877193,427,1
428,0.00226007,30.528556,0.877275,30.528556,0.877275,428,1
429,0.00225587,30.532639,0.877353,30.532639,0.877353,429,1
430,0.00225382,30.537368,0.877432,30.537368,0.877432,430,1
431,0.00225536,30.541943,0.877505,30.541943,0.877505,431,1
432,0.0022507,30.546197,0.877584,30.546197,0.877584,432,1
433,0.00225228,30.547029,0.877661,30.547029,0.877661,433,1
434,0.00224801,30.550343,0.877735,30.550343,0.877735,434,1
435,0.00224589,30.553922,0.877809,30.553922,0.877809,435,1
436,0.00224645,30.55648,0.877902,30.55648,0.877902,436,1
437,0.00224244,30.561873,0.877981,30.561873,0.877981,437,1
438,0.00224282,30.566339,0.878066,30.566339,0.878066,438,1
439,0.00223872,30.570299,0.878134,30.570299,0.878134,439,1
440,0.00223736,30.575349,0.878207,30.575349,0.878207,440,1
441,0.00223637,30.577828,0.878281,30.577828,0.878281,441,1
442,0.00223345,30.580929,0.878364,30.580929,0.878364,442,1
443,0.00223047,30.586188,0.878436,30.586188,0.878436,443,1
444,0.00223096,30.590702,0.878525,30.590702,0.878525,444,1
445,0.00222966,30.595201,0.878597,30.595201,0.878597,445,1
446,0.00222454,30.599505,0.87867,30.599505,0.87867,446,1
447,0.00222636,30.604383,0.878751,30.604383,0.878751,447,1
448,0.00222427,30.607177,0.878823,30.607177,0.878823,448,1
449,0.00222278,30.610574,0.878905,30.610574,0.878905,449,1
450,0.00222153,30.614864,0.878973,30.614864,0.878973,450,1
451,0.00221881,30.619072,0.879047,30.619072,0.879047,451,1
452,0.00221728,30.621962,0.87912,30.621962,0.87912,452,1
453,0.00221551,30.625497,0.87919,30.625497,0.87919,453,1
454,0.00221331,30.631365,0.879262,30.631365,0.879262,454,1
455,0.0022122,30.635071,0.879335,30.635071,0.879335,455,1
456,0.00221122,30.639382,0.879404,30.639382,0.879404,456,1
457,0.00220898,30.643759,0.879476,30.643759,0.879476,457,1
458,0.0022053,30.647076,0.879544,30.647076,0.879544,458,1
459,0.00220668,30.650531,0.879614,30.650531,0.879614,459,1
460,0.00220446,30.654951,0.879693,30.654951,0.879693,460,1
461,0.00220079,30.655955,0.879761,30.655955,0.879761,461,1
462,0.00220182,30.659915,0.879837,30.659915,0.879837,462,1
463,0.00219971,30.663783,0.879901,30.663783,0.879901,463,1
464,0.00219623,30.668202,0.879963,30.668202,0.879963,464,1
465,0.00219665,30.671175,0.880039,30.671175,0.880039,465,1
466,0.0021946,30.674152,0.880116,30.674152,0.880116,466,1
467,0.00219036,30.677324,0.880183,30.677324,0.880183,467,1
468,0.00219223,30.680598,0.880242,30.680598,0.880242,468,1
469,0.00218937,30.683881,0.880329,30.683881,0.880329,469,1
470,0.00218665,30.68787,0.880405,30.68787,0.880405,470,1
471,0.00218305,30.692699,0.880477,30.692699,0.880477,471,1
472,0.00218396,30.697311,0.880542,30.697311,0.880542,472,1
473,0.00218303,30.700449,0.880612,30.700449,0.880612,473,1
474,0.00218213,30.703954,0.880677,30.703954,0.880677,474,1
475,0.00217924,30.707971,0.880747,30.707971,0.880747,475,1
476,0.00217939,30.712827,0.88081,30.712827,0.88081,476,1
477,0.00217853,30.715025,0.880905,30.715025,0.880905,477,1
478,0.00217427,30.720178,0.880967,30.720178,0.880967,478,1
479,0.0021734,30.723047,0.881042,30.723047,0.881042,479,1
480,0.00217106,30.727525,0.881101,30.727525,0.881101,480,1
481,0.00217186,30.731727,0.881166,30.731727,0.881166,481,1
482,0.00216864,30.735291,0.881232,30.735291,0.881232,482,1
483,0.00216439,30.739264,0.881292,30.739264,0.881292,483,1
484,0.00216625,30.74364,0.881355,30.74364,0.881355,484,1
485,0.0021655,30.748446,0.881404,30.748446,0.881404,485,1
486,0.00216234,30.752056,0.881468,30.752056,0.881468,486,1
487,0.00216104,30.755736,0.881528,30.755736,0.881528,487,1
488,0.00216053,30.759775,0.8816,30.759775,0.8816,488,1
489,0.00215704,30.764172,0.881669,30.764172,0.881669,489,1
490,0.00215818,30.764212,0.881724,30.764212,0.881724,490,1
491,0.00215631,30.767378,0.881787,30.767378,0.881787,491,1
492,0.00215434,30.771383,0.881854,30.771383,0.881854,492,1
493,0.0021519,30.776501,0.881914,30.776501,0.881914,493,1
494,0.00215032,30.779988,0.881979,30.779988,0.881979,494,1
495,0.00215143,30.783553,0.882038,30.783553,0.882038,495,1
496,0.00214679,30.786472,0.882103,30.786472,0.882103,496,1
497,0.0021472,30.787895,0.882168,30.787895,0.882168,497,1
498,0.00214786,30.789376,0.882231,30.789376,0.882231,498,1
499,0.00214449,30.794897,0.882302,30.794897,0.882302,499,1
500,0.00214293,30.798273,0.882366,30.798273,0.882366,500,1
501,0.00214269,30.801443,0.882423,30.801443,0.882423,501,1
502,0.00213825,30.803952,0.882495,30.803952,0.882495,502,1
503,0.00213847,30.80727,0.882553,30.80727,0.882553,503,1
504,0.00213738,30.810374,0.882617,30.810374,0.882617,504,1
505,0.00213544,30.815024,0.882679,30.815024,0.882679,505,1
506,0.00213559,30.819353,0.882732,30.819353,0.882732,506,1
507,0.00213246,30.822108,0.882819,30.822108,0.882819,507,1
508,0.00213294,30.825811,0.882882,30.825811,0.882882,508,1
509,0.00213155,30.829965,0.882948,30.829965,0.882948,509,1
510,0.00212894,30.8337,0.883006,30.8337,0.883006,510,1
511,0.00212759,30.836664,0.883068,30.836664,0.883068,511,1
512,0.00212619,30.839845,0.883126,30.839845,0.883126,512,1
513,0.00212485,30.843577,0.883191,30.843577,0.883191,513,1
514,0.00212414,30.846652,0.88325,30.846652,0.88325,514,1
515,0.00212221,30.851301,0.883303,30.851301,0.883303,515,1
516,0.00211948,30.854359,0.883368,30.854359,0.883368,516,1
517,0.00212097,30.857892,0.88342,30.857892,0.88342,517,1
518,0.00212071,30.860776,0.883489,30.860776,0.883489,518,1
519,0.00211763,30.863428,0.883552,30.863428,0.883552,519,1
520,0.00211573,30.867939,0.883599,30.867939,0.883599,520,1
521,0.00211299,30.871711,0.883653,30.871711,0.883653,521,1
522,0.00211388,30.875044,0.883729,30.875044,0.883729,522,1
523,0.0021119,30.878175,0.883789,30.878175,0.883789,523,1
524,0.00211305,30.878983,0.883843,30.878983,0.883843,524,1
525,0.00210859,30.883099,0.883893,30.883099,0.883893,525,1
526,0.00210803,30.886171,0.883955,30.886171,0.883955,526,1
527,0.00210685,30.888447,0.884017,30.888447,0.884017,527,1
528,0.00210598,30.891322,0.884073,30.891322,0.884073,528,1
529,0.00210403,30.893593,0.884145,30.893593,0.884145,529,1
530,0.0021023,30.896427,0.884197,30.896427,0.884197,530,1
531,0.00210114,30.898613,0.88426,30.898613,0.88426,531,1
532,0.00210031,30.902201,0.884318,30.902201,0.884318,532,1
533,0.00209968,30.907978,0.88437,30.907978,0.88437,533,1
534,0.00209925,30.911391,0.884426,30.911391,0.884426,534,1
535,0.00209505,30.913979,0.884484,30.913979,0.884484,535,1
536,0.00209459,30.917085,0.884544,30.917085,0.884544,536,1
537,0.00209321,30.918709,0.884619,30.918709,0.884619,537,1
538,0.00209076,30.923175,0.884669,30.923175,0.884669,538,1
539,0.00208963,30.9271,0.884725,30.9271,0.884725,539,1
540,0.00209043,30.930299,0.88478,30.930299,0.88478,540,1
541,0.00208739,30.932641,0.88484,30.932641,0.88484,541,1
542,0.00208561,30.936465,0.884892,30.936465,0.884892,542,1
543,0.0020853,30.939214,0.884948,30.939214,0.884948,543,1
544,0.00208414,30.942742,0.884984,30.942742,0.884984,544,1
545,0.00208354,30.946136,0.885035,30.946136,0.885035,545,1
546,0.00208228,30.950038,0.885088,30.950038,0.885088,546,1
547,0.00208279,30.952663,0.885146,30.952663,0.885146,547,1
548,0.00207968,30.956473,0.885199,30.956473,0.885199,548,1
549,0.00207896,30.958369,0.885261,30.958369,0.885261,549,1
550,0.00207793,30.96298,0.885305,30.96298,0.885305,550,1
551,0.00207628,30.965999,0.885356,30.965999,0.885356,551,1
552,0.00207515,30.96997,0.885414,30.96997,0.885414,552,1
553,0.00207553,30.97305,0.885466,30.97305,0.885466,553,1
554,0.00207429,30.976113,0.885519,30.976113,0.885519,554,1
555,0.00207222,30.980591,0.885569,30.980591,0.885569,555,1
556,0.00206877,30.98383,0.885619,30.98383,0.885619,556,1
557,0.00206947,30.987318,0.885673,30.987318,0.885673,557,1
558,0.00206704,30.989078,0.885743,30.989078,0.885743,558,1
559,0.00206806,30.991712,0.885794,30.991712,0.885794,559,1
560,0.00206651,30.994967,0.88584,30.994967,0.88584,560,1
561,0.00206298,30.99753,0.885901,30.99753,0.885901,561,1
562,0.00206306,31.000513,0.885951,31.000513,0.885951,562,1
563,0.00206163,31.002011,0.886,31.002011,0.886,563,1
564,0.00206108,31.005294,0.886048,31.005294,0.886048,564,1
565,0.00205862,31.007071,0.886122,31.007071,0.886122,565,1
566,0.00205775,31.008303,0.886179,31.008303,0.886179,566,1
567,0.0020578,31.011574,0.886222,31.011574,0.886222,567,1
568,0.00205534,31.01524,0.886278,31.01524,0.886278,568,1
569,0.0020548,31.016588,0.886327,31.016588,0.886327,569,1
570,0.00205475,31.019778,0.886377,31.019778,0.886377,570,1
571,0.00205143,31.02102,0.886425,31.02102,0.886425,571,1
572,0.00205158,31.024256,0.886476,31.024256,0.886476,572,1
573,0.00204982,31.027841,0.886534,31.027841,0.886534,573,1
574,0.00204808,31.031289,0.886591,31.031289,0.886591,574,1
575,0.00204644,31.034297,0.886635,31.034297,0.886635,575,1
576,0.00204631,31.034836,0.886685,31.034836,0.886685,576,1
577,0.00204635,31.03901,0.886739,31.03901,0.886739,577,1
578,0.0020451,31.041864,0.886789,31.041864,0.886789,578,1
579,0.00204329,31.044381,0.886839,31.044381,0.886839,579,1
580,0.00204215,31.048679,0.886888,31.048679,0.886888,580,1
581,0.00204157,31.050567,0.886934,31.050567,0.886934,581,1
582,0.00204023,31.053652,0.886984,31.053652,0.886984,582,1
583,0.00203864,31.056872,0.887033,31.056872,0.887033,583,1
584,0.00203789,31.060517,0.88708,31.060517,0.88708,584,1
585,0.0020362,31.062723,0.887134,31.062723,0.887134,585,1
586,0.00203659,31.065463,0.887183,31.065463,0.887183,586,1
587,0.00203369,31.068215,0.887231,31.068215,0.887231,587,1
588,0.00203438,31.070966,0.8873,31.070966,0.8873,588,1
589,0.00203174,31.073841,0.887344,31.073841,0.887344,589,1
590,0.00202839,31.077332,0.88739,31.077332,0.88739,590,1
591,0.00202881,31.079201,0.887443,31.079201,0.887443,591,1
592,0.00202987,31.083175,0.887485,31.083175,0.887485,592,1
593,0.00202882,31.085029,0.887538,31.085029,0.887538,593,1
594,0.00202724,31.088099,0.88758,31.088099,0.88758,594,1
595,0.00202538,31.090355,0.887636,31.090355,0.887636,595,1
596,0.00202385,31.092617,0.887698,31.092617,0.887698,596,1
597,0.00202225,31.096241,0.887747,31.096241,0.887747,597,1
598,0.00202268,31.098812,0.887794,31.098812,0.887794,598,1
599,0.00202098,31.101689,0.887836,31.101689,0.887836,599,1
600,0.00201951,31.104907,0.887879,31.104907,0.887879,600,1
601,0.00201756,31.108365,0.887921,31.108365,0.887921,601,1
602,0.00201809,31.111339,0.887971,31.111339,0.887971,602,1
603,0.00201818,31.112487,0.888017,31.112487,0.888017,603,1
604,0.00201849,31.113653,0.888049,31.113653,0.888049,604,1
605,0.00201617,31.117052,0.888093,31.117052,0.888093,605,1
606,0.00201364,31.120403,0.888138,31.120403,0.888138,606,1
607,0.0020133,31.122826,0.888176,31.122826,0.888176,607,1
608,0.00201207,31.126065,0.888218,31.126065,0.888218,608,1
609,0.00201113,31.129286,0.888269,31.129286,0.888269,609,1
610,0.00201143,31.132658,0.888311,31.132658,0.888311,610,1
611,0.00201028,31.135579,0.88836,31.135579,0.88836,611,1
612,0.00200865,31.137676,0.888404,31.137676,0.888404,612,1
613,0.00200887,31.139813,0.888444,31.139813,0.888444,613,1
614,0.00200675,31.14234,0.888489,31.14234,0.888489,614,1
615,0.00200503,31.14572,0.888533,31.14572,0.888533,615,1
616,0.0020065,31.147515,0.88858,31.147515,0.88858,616,1
617,0.00200275,31.150326,0.888619,31.150326,0.888619,617,1
618,0.00200296,31.152651,0.888666,31.152651,0.888666,618,1
619,0.00200199,31.155498,0.888713,31.155498,0.888713,619,1
620,0.00200108,31.157879,0.888766,31.157879,0.888766,620,1
621,0.00199713,31.158707,0.888815,31.158707,0.888815,621,1
622,0.00199715,31.160967,0.888853,31.160967,0.888853,622,1
623,0.00199514,31.165279,0.888901,31.165279,0.888901,623,1
624,0.00199615,31.166954,0.888943,31.166954,0.888943,624,1
625,0.00199535,31.169969,0.888986,31.169969,0.888986,625,1
626,0.00199341,31.171917,0.889044,31.171917,0.889044,626,1
627,0.00199232,31.173754,0.889091,31.173754,0.889091,627,1
628,0.00199062,31.177262,0.889132,31.177262,0.889132,628,1
629,0.00198858,31.179538,0.889171,31.179538,0.889171,629,1
630,0.00199023,31.18079,0.889217,31.18079,0.889217,630,1
631,0.00198751,31.184969,0.889251,31.184969,0.889251,631,1
632,0.00198842,31.187083,0.889301,31.187083,0.889301,632,1
633,0.00198784,31.189571,0.889337,31.189571,0.889337,633,1
634,0.00198647,31.190728,0.88939,31.190728,0.88939,634,1
635,0.00198358,31.194315,0.889426,31.194315,0.889426,635,1
636,0.00198655,31.196934,0.889467,31.196934,0.889467,636,1
637,0.00198238,31.201012,0.88951,31.201012,0.88951,637,1
638,0.00198277,31.20357,0.889549,31.20357,0.889549,638,1
639,0.00198214,31.20659,0.889594,31.20659,0.889594,639,1
640,0.00198183,31.209258,0.889633,31.209258,0.889633,640,1
641,0.0019799,31.211117,0.889672,31.211117,0.889672,641,1
642,0.00197597,31.214013,0.889713,31.214013,0.889713,642,1
643,0.00197759,31.217845,0.889751,31.217845,0.889751,643,1
644,0.00197568,31.22092,0.889795,31.22092,0.889795,644,1
645,0.00197643,31.222316,0.88983,31.222316,0.88983,645,1
646,0.00197497,31.224035,0.889873,31.224035,0.889873,646,1
647,0.00197497,31.225754,0.889917,31.225754,0.889917,647,1
648,0.00197192,31.229334,0.889951,31.229334,0.889951,648,1
649,0.00197281,31.231265,0.889988,31.231265,0.889988,649,1
650,0.00197269,31.232565,0.890046,31.232565,0.890046,650,1
651,0.00197035,31.235161,0.890086,31.235161,0.890086,651,1
652,0.00197081,31.238806,0.890118,31.238806,0.890118,652,1
653,0.00196805,31.240013,0.890165,31.240013,0.890165,653,1
654,0.00196718,31.242811,0.890204,31.242811,0.890204,654,1
655,0.00196565,31.246851,0.890233,31.246851,0.890233,655,1
656,0.00196616,31.247076,0.890278,31.247076,0.890278,656,1
657,0.00196359,31.250162,0.890313,31.250162,0.890313,657,1
658,0.0019625,31.250342,0.890367,31.250342,0.890367,658,1
659,0.00196436,31.25421,0.890409,31.25421,0.890409,659,1
660,0.0019617,31.254227,0.890443,31.254227,0.890443,660,1
661,0.00196038,31.257222,0.890486,31.257222,0.890486,661,1
662,0.00196039,31.260658,0.890524,31.260658,0.890524,662,1
663,0.00195991,31.262025,0.890563,31.262025,0.890563,663,1
664,0.00195696,31.265532,0.890596,31.265532,0.890596,664,1
665,0.00195608,31.266881,0.890634,31.266881,0.890634,665,1
666,0.00195572,31.270464,0.890653,31.270464,0.890653,666,1
667,0.00195606,31.272694,0.890691,31.272694,0.890691,667,1
668,0.00195428,31.275093,0.890725,31.275093,0.890725,668,1
669,0.00195217,31.278322,0.890763,31.278322,0.890763,669,1
670,0.00195332,31.280666,0.890797,31.280666,0.890797,670,1
671,0.00195155,31.281789,0.890834,31.281789,0.890834,671,1
672,0.00195276,31.286037,0.890861,31.286037,0.890861,672,1
673,0.00195221,31.290357,0.890889,31.290357,0.890889,673,1
674,0.0019493,31.292867,0.890932,31.292867,0.890932,674,1
675,0.00194978,31.295644,0.890962,31.295644,0.890962,675,1
676,0.00194581,31.297298,0.890998,31.297298,0.890998,676,1
677,0.00194706,31.299177,0.891036,31.299177,0.891036,677,1
678,0.00194498,31.302792,0.891064,31.302792,0.891064,678,1
679,0.00194435,31.304638,0.891103,31.304638,0.891103,679,1
680,0.00194447,31.30671,0.891139,31.30671,0.891139,680,1
681,0.00194396,31.308165,0.891171,31.308165,0.891171,681,1
682,0.00194213,31.309818,0.891221,31.309818,0.891221,682,1
683,0.00194186,31.312685,0.891247,31.312685,0.891247,683,1
684,0.00194147,31.315899,0.891279,31.315899,0.891279,684,1
685,0.00193909,31.317054,0.891315,31.317054,0.891315,685,1
686,0.00193854,31.31897,0.891349,31.31897,0.891349,686,1
687,0.00193651,31.322436,0.891375,31.322436,0.891375,687,1
688,0.00193679,31.323593,0.891409,31.323593,0.891409,688,1
689,0.00193711,31.325039,0.891439,31.325039,0.891439,689,1
690,0.00193366,31.328544,0.891487,31.328544,0.891487,690,1
691,0.00193416,31.330545,0.89152,31.330545,0.89152,691,1
692,0.00193261,31.333075,0.891549,31.333075,0.891549,692,1
693,0.00193306,31.335781,0.891578,31.335781,0.891578,693,1
694,0.00192995,31.338365,0.89161,31.338365,0.89161,694,1
695,0.00192953,31.340799,0.89164,31.340799,0.89164,695,1
696,0.00192858,31.342592,0.891667,31.342592,0.891667,696,1
697,0.00192855,31.346131,0.8917,31.346131,0.8917,697,1
698,0.00192716,31.348532,0.891742,31.348532,0.891742,698,1
699,0.00192684,31.350605,0.891766,31.350605,0.891766,699,1
700,0.00192668,31.353024,0.891796,31.353024,0.891796,700,1
701,0.00192575,31.355941,0.891818,31.355941,0.891818,701,1
702,0.0019231,31.357381,0.891848,31.357381,0.891848,702,1
703,0.00192404,31.359505,0.891872,31.359505,0.891872,703,1
704,0.00192295,31.359868,0.891903,31.359868,0.891903,704,1
705,0.00192188,31.363768,0.891928,31.363768,0.891928,705,1
706,0.00191964,31.366472,0.891954,31.366472,0.891954,706,1
707,0.00192162,31.369013,0.891987,31.369013,0.891987,707,1
708,0.00191958,31.371266,0.892015,31.371266,0.892015,708,1
709,0.00191724,31.373492,0.892046,31.373492,0.892046,709,1
710,0.00191834,31.374613,0.892075,31.374613,0.892075,710,1
711,0.00191448,31.378489,0.892103,31.378489,0.892103,711,1
712,0.0019155,31.381535,0.892128,31.381535,0.892128,712,1
713,0.00191445,31.382749,0.892159,31.382749,0.892159,713,1
714,0.0019141,31.385971,0.892194,31.385971,0.892194,714,1
715,0.00191376,31.388624,0.89223,31.388624,0.89223,715,1
716,0.00191291,31.39123,0.89226,31.39123,0.89226,716,1
717,0.00191115,31.39402,0.892291,31.39402,0.892291,717,1
718,0.00191111,31.395792,0.89232,31.395792,0.89232,718,1
719,0.00190938,31.398471,0.892349,31.398471,0.892349,719,1
720,0.00191124,31.401221,0.892372,31.401221,0.892372,720,1
721,0.00190906,31.402982,0.892403,31.402982,0.892403,721,1
722,0.00190634,31.405234,0.892432,31.405234,0.892432,722,1
723,0.00190872,31.407645,0.892463,31.407645,0.892463,723,1
724,0.00190696,31.410581,0.892502,31.410581,0.892502,724,1
725,0.00190595,31.413606,0.892533,31.413606,0.892533,725,1
726,0.00190505,31.415653,0.892561,31.415653,0.892561,726,1
727,0.00190339,31.4174,0.892593,31.4174,0.892593,727,1
728,0.00190313,31.419835,0.892626,31.419835,0.892626,728,1
729,0.00190291,31.423748,0.892651,31.423748,0.892651,729,1
730,0.00190124,31.42376,0.89269,31.42376,0.89269,730,1
731,0.00189925,31.426251,0.892723,31.426251,0.892723,731,1
732,0.00190057,31.427962,0.892757,31.427962,0.892757,732,1
733,0.00189861,31.431908,0.892766,31.431908,0.892766,733,1
734,0.0018995,31.432225,0.892809,31.432225,0.892809,734,1
735,0.00189602,31.434516,0.892845,31.434516,0.892845,735,1
736,0.00189647,31.435812,0.892883,31.435812,0.892883,736,1
737,0.00189281,31.437729,0.892914,31.437729,0.892914,737,1
738,0.00189437,31.439975,0.892953,31.439975,0.892953,738,1
739,0.00189408,31.440885,0.89299,31.440885,0.89299,739,1
740,0.00189361,31.441959,0.89303,31.441959,0.89303,740,1
741,0.00189115,31.445471,0.893065,31.445471,0.893065,741,1
742,0.00188985,31.446011,0.8931,31.446011,0.8931,742,1
743,0.00189014,31.44816,0.89314,31.44816,0.89314,743,1
744,0.00189088,31.447911,0.893177,31.44816,0.893177,743,0
745,0.0018888,31.450162,0.893212,31.450162,0.893212,745,1
746,0.00188868,31.450997,0.89325,31.450997,0.89325,746,1
747,0.00188873,31.453199,0.893287,31.453199,0.893287,747,1
748,0.00188614,31.456059,0.893326,31.456059,0.893326,748,1
749,0.00188655,31.456398,0.893364,31.456398,0.893364,749,1
750,0.00188718,31.458216,0.893402,31.458216,0.893402,750,1
751,0.00188472,31.460048,0.893439,31.460048,0.893439,751,1
752,0.00188487,31.461507,0.893491,31.461507,0.893491,752,1
753,0.00188285,31.463365,0.89353,31.463365,0.89353,753,1
754,0.00188354,31.463787,0.893576,31.463787,0.893576,754,1
755,0.00188225,31.466629,0.893616,31.466629,0.893616,755,1
756,0.00188146,31.468535,0.893652,31.468535,0.893652,756,1
757,0.00188069,31.470701,0.893691,31.470701,0.893691,757,1
758,0.00187786,31.471673,0.893732,31.471673,0.893732,758,1
759,0.00188058,31.472934,0.893764,31.472934,0.893764,759,1
760,0.0018772,31.473873,0.893801,31.473873,0.893801,760,1
761,0.00187857,31.476129,0.893841,31.476129,0.893841,761,1
762,0.00187557,31.477938,0.893893,31.477938,0.893893,762,1
763,0.001877,31.47988,0.893932,31.47988,0.893932,763,1
764,0.00187372,31.480055,0.89397,31.480055,0.89397,764,1
765,0.00187516,31.481179,0.894008,31.481179,0.894008,765,1
766,0.00187474,31.484032,0.894044,31.484032,0.894044,766,1
767,0.00187235,31.486481,0.894076,31.486481,0.894076,767,1
768,0.00187227,31.488985,0.894113,31.488985,0.894113,768,1
769,0.00187321,31.487023,0.894163,31.488985,0.894163,768,0
770,0.0018691,31.488713,0.894198,31.488985,0.894198,768,0
771,0.00187042,31.491682,0.894233,31.491682,0.894233,771,1
772,0.00186788,31.491548,0.894271,31.491682,0.894271,771,0
773,0.00186911,31.495233,0.894305,31.495233,0.894305,773,1
774,0.00186541,31.495004,0.89435,31.495233,0.89435,773,0
775,0.00186589,31.497144,0.894388,31.497144,0.894388,775,1
776,0.0018651,31.499073,0.894422,31.499073,0.894422,776,1
777,0.00186463,31.500591,0.894456,31.500591,0.894456,777,1
778,0.00186496,31.500756,0.894491,31.500756,0.894491,778,1
779,0.00186368,31.503833,0.894527,31.503833,0.894527,779,1
780,0.00186209,31.5051,0.894563,31.5051,0.894563,780,1
781,0.00186178,31.50667,0.894602,31.50667,0.894602,781,1
782,0.00186166,31.507769,0.894637,31.507769,0.894637,782,1
783,0.00186006,31.510274,0.894672,31.510274,0.894672,783,1
784,0.0018604,31.51177,0.894706,31.51177,0.894706,784,1
785,0.00186076,31.513526,0.894742,31.513526,0.894742,785,1
786,0.00185797,31.515035,0.894784,31.515035,0.894784,786,1
787,0.00185922,31.51682,0.89482,31.51682,0.89482,787,1
788,0.00185636,31.518307,0.894853,31.518307,0.894853,788,1
789,0.00185402,31.520217,0.894891,31.520217,0.894891,789,1
790,0.00185483,31.521648,0.894925,31.521648,0.894925,790,1
791,0.00185495,31.525269,0.894955,31.525269,0.894955,791,1
792,0.00185423,31.526046,0.894991,31.526046,0.894991,792,1
793,0.00185368,31.528373,0.895024,31.528373,0.895024,793,1
794,0.00185189,31.52908,0.895062,31.52908,0.895062,794,1
795,0.00185189,31.53193,0.895095,31.53193,0.895095,795,1
796,0.00185202,31.532627,0.895134,31.532627,0.895134,796,1
797,0.00185142,31.534737,0.895166,31.534737,0.895166,797,1
798,0.00185134,31.536051,0.895211,31.536051,0.895211,798,1
799,0.0018513,31.537711,0.895243,31.537711,0.895243,799,1
800,0.00184873,31.539671,0.895275,31.539671,0.895275,800,1
801,0.00184806,31.539717,0.895316,31.539717,0.895316,801,1
802,0.00184753,31.542976,0.895341,31.542976,0.895341,802,1
803,0.0018459,31.545025,0.895372,31.545025,0.895372,803,1
804,0.00184459,31.546505,0.895406,31.546505,0.895406,804,1
805,0.00184462,31.548405,0.89544,31.548405,0.89544,805,1
806,0.0018433,31.549478,0.89547,31.549478,0.89547,806,1
807,0.00184414,31.551048,0.895506,31.551048,0.895506,807,1
808,0.00184387,31.552063,0.895541,31.552063,0.895541,808,1
809,0.00184258,31.553131,0.895573,31.553131,0.895573,809,1
810,0.00184112,31.554644,0.895598,31.554644,0.895598,810,1
811,0.00184016,31.556862,0.89563,31.556862,0.89563,811,1
812,0.00184041,31.556757,0.895683,31.556862,0.895683,811,0
813,0.00183948,31.5597,0.895711,31.5597,0.895711,813,1
814,0.00183778,31.563335,0.895739,31.563335,0.895739,814,1
815,0.00183752,31.563716,0.895775,31.563716,0.895775,815,1
816,0.00183748,31.566101,0.89581,31.566101,0.89581,816,1
817,0.00183559,31.5673,0.895842,31.5673,0.895842,817,1
818,0.00183492,31.56942,0.895873,31.56942,0.895873,818,1
819,0.00183678,31.572387,0.895903,31.572387,0.895903,819,1
820,0.00183584,31.573512,0.895937,31.573512,0.895937,820,1
821,0.00183606,31.57436,0.89597,31.57436,0.89597,821,1
822,0.00183246,31.57679,0.896,31.57679,0.896,822,1
823,0.00183364,31.577364,0.896027,31.577364,0.896027,823,1
824,0.00182943,31.580152,0.896057,31.580152,0.896057,824,1
825,0.00183148,31.581005,0.896087,31.581005,0.896087,825,1
826,0.00183007,31.585207,0.896101,31.585207,0.896101,826,1
827,0.00182968,31.584644,0.89613,31.585207,0.89613,826,0
828,0.00183041,31.585077,0.896161,31.585207,0.896161,826,0
829,0.00182876,31.587397,0.896193,31.587397,0.896193,829,1
830,0.00182736,31.589454,0.896225,31.589454,0.896225,830,1
831,0.00182451,31.590106,0.896256,31.590106,0.896256,831,1
832,0.00182768,31.592859,0.896289,31.592859,0.896289,832,1
833,0.00182631,31.594657,0.896317,31.594657,0.896317,833,1
834,0.00182549,31.595575,0.896346,31.595575,0.896346,834,1
835,0.00182512,31.596992,0.896375,31.596992,0.896375,835,1
836,0.00182431,31.597203,0.896407,31.597203,0.896407,836,1
837,0.00182329,31.598557,0.896435,31.598557,0.896435,837,1
838,0.00182299,31.601887,0.896468,31.601887,0.896468,838,1
839,0.00182284,31.603477,0.896498,31.603477,0.896498,839,1
840,0.00182224,31.605761,0.896522,31.605761,0.896522,840,1
841,0.00182094,31.606984,0.896554,31.606984,0.896554,841,1
842,0.0018207,31.607574,0.896585,31.607574,0.896585,842,1
843,0.00181912,31.60961,0.896612,31.60961,0.896612,843,1
844,0.00182026,31.611324,0.896643,31.611324,0.896643,844,1
845,0.00181789,31.612871,0.896667,31.612871,0.896667,845,1
846,0.00181799,31.614379,0.896697,31.614379,0.896697,846,1
847,0.00181797,31.615234,0.896728,31.615234,0.896728,847,1
848,0.00181647,31.617544,0.896756,31.617544,0.896756,848,1
849,0.0018148,31.620217,0.896782,31.620217,0.896782,849,1
850,0.00181244,31.622617,0.896807,31.622617,0.896807,850,1
851,0.00181406,31.624119,0.896842,31.624119,0.896842,851,1
852,0.00181208,31.625084,0.896887,31.625084,0.896887,852,1
853,0.00181119,31.627712,0.896911,31.627712,0.896911,853,1
854,0.0018123,31.628499,0.896943,31.628499,0.896943,854,1
855,0.00180994,31.631071,0.896967,31.631071,0.896967,855,1
856,0.00181143,31.631299,0.896997,31.631299,0.896997,856,1
857,0.00181168,31.634991,0.897028,31.634991,0.897028,857,1
858,0.0018113,31.635375,0.897055,31.635375,0.897055,858,1
859,0.0018102,31.637172,0.897084,31.637172,0.897084,859,1
860,0.0018076,31.638087,0.897115,31.638087,0.897115,860,1
861,0.0018078,31.639377,0.897142,31.639377,0.897142,861,1
862,0.00180696,31.642523,0.897169,31.642523,0.897169,862,1
863,0.00180595,31.644789,0.897198,31.644789,0.897198,863,1
864,0.00180582,31.644699,0.897226,31.644789,0.897226,863,0
865,0.00180494,31.646507,0.897266,31.646507,0.897266,865,1
866,0.00180544,31.647262,0.897297,31.647262,0.897297,866,1
867,0.00180405,31.64768,0.897329,31.64768,0.897329,867,1
868,0.0018031,31.649806,0.897357,31.649806,0.897357,868,1
869,0.00180376,31.650743,0.897389,31.650743,0.897389,869,1
870,0.00180229,31.653309,0.897414,31.653309,0.897414,870,1
871,0.00180207,31.656359,0.897438,31.656359,0.897438,871,1
872,0.00180216,31.656331,0.897468,31.656359,0.897468,871,0
873,0.00179991,31.656776,0.897501,31.656776,0.897501,873,1
874,0.00179777,31.659496,0.897525,31.659496,0.897525,874,1
875,0.00179907,31.662374,0.897545,31.662374,0.897545,875,1
876,0.00179898,31.664319,0.897576,31.664319,0.897576,876,1
877,0.00179601,31.665009,0.897605,31.665009,0.897605,877,1
878,0.00179776,31.667005,0.897631,31.667005,0.897631,878,1
879,0.00179594,31.668662,0.897659,31.668662,0.897659,879,1
880,0.00179625,31.670683,0.897683,31.670683,0.897683,880,1
881,0.00179367,31.671567,0.89772,31.671567,0.89772,881,1
882,0.001795,31.67249,0.897748,31.67249,0.897748,882,1
883,0.0017936,31.674582,0.897773,31.674582,0.897773,883,1
884,0.0017936,31.676725,0.897799,31.676725,0.897799,884,1
885,0.00179387,31.677826,0.897831,31.677826,0.897831,885,1
886,0.00179463,31.680215,0.89786,31.680215,0.89786,886,1
887,0.00179139,31.680337,0.897886,31.680337,0.897886,887,1
888,0.00179112,31.682349,0.897912,31.682349,0.897912,888,1
889,0.00179053,31.683195,0.897944,31.683195,0.897944,889,1
890,0.00179,31.68489,0.897967,31.68489,0.897967,890,1
891,0.00178798,31.685656,0.897994,31.685656,0.897994,891,1
892,0.00178773,31.688874,0.898018,31.688874,0.898018,892,1
893,0.00178983,31.688666,0.898049,31.688874,0.898049,892,0
894,0.00178713,31.6901,0.898075,31.6901,0.898075,894,1
895,0.00178721,31.691921,0.8981,31.691921,0.8981,895,1
896,0.00178703,31.692626,0.89813,31.692626,0.89813,896,1
897,0.00178636,31.695375,0.898157,31.695375,0.898157,897,1
898,0.00178685,31.695149,0.898186,31.695375,0.898186,897,0
899,0.00178376,31.696793,0.898213,31.696793,0.898213,899,1
900,0.0017844,31.69791,0.89824,31.69791,0.89824,900,1
901,0.00178212,31.700458,0.898265,31.700458,0.898265,901,1
902,0.0017828,31.700625,0.898292,31.700625,0.898292,902,1
903,0.00177986,31.702633,0.898318,31.702633,0.898318,903,1
904,0.00177984,31.704414,0.898347,31.704414,0.898347,904,1
905,0.00177957,31.705473,0.898372,31.705473,0.898372,905,1
906,0.00178145,31.706375,0.898398,31.706375,0.898398,906,1
907,0.00178022,31.708205,0.898424,31.708205,0.898424,907,1
908,0.00177881,31.710101,0.89845,31.710101,0.89845,908,1
909,0.00177758,31.70937,0.898482,31.710101,0.898482,908,0
910,0.00177925,31.711884,0.898508,31.711884,0.898508,910,1
911,0.0017782,31.714434,0.898533,31.714434,0.898533,911,1
912,0.0017781,31.714192,0.898576,31.714434,0.898576,911,0
913,0.00177624,31.715317,0.898607,31.715317,0.898607,913,1
914,0.00177725,31.718248,0.898627,31.718248,0.898627,914,1
915,0.0017744,31.720278,0.898651,31.720278,0.898651,915,1
916,0.00177423,31.722503,0.898679,31.722503,0.898679,916,1
917,0.0017742,31.722823,0.898704,31.722823,0.898704,917,1
918,0.00177311,31.724318,0.898729,31.724318,0.898729,918,1
919,0.00177326,31.726382,0.898754,31.726382,0.898754,919,1
920,0.00177358,31.727241,0.89878,31.727241,0.89878,920,1
921,0.00177174,31.728923,0.898804,31.728923,0.898804,921,1
922,0.00177076,31.730496,0.898833,31.730496,0.898833,922,1
923,0.00176991,31.731095,0.898858,31.731095,0.898858,923,1
924,0.00177112,31.732356,0.898883,31.732356,0.898883,924,1
925,0.00177167,31.734192,0.898906,31.734192,0.898906,925,1
926,0.00176993,31.737093,0.898935,31.737093,0.898935,926,1
927,0.00176871,31.737809,0.898957,31.737809,0.898957,927,1
928,0.00176623,31.738187,0.898999,31.738187,0.898999,928,1
929,0.00176681,31.738316,0.899026,31.738316,0.899026,929,1
930,0.00176687,31.742288,0.899045,31.742288,0.899045,930,1
931,0.00176548,31.743734,0.899071,31.743734,0.899071,931,1
932,0.0017649,31.746375,0.899099,31.746375,0.899099,932,1
933,0.00176707,31.748219,0.899122,31.748219,0.899122,933,1
934,0.00176577,31.746339,0.899149,31.748219,0.899149,933,0
935,0.00176352,31.750208,0.899173,31.750208,0.899173,935,1
936,0.00176192,31.751874,0.899201,31.751874,0.899201,936,1
937,0.00176233,31.752945,0.899228,31.752945,0.899228,937,1
938,0.00176206,31.754053,0.899251,31.754053,0.899251,938,1
939,0.00175904,31.755496,0.899273,31.755496,0.899273,939,1
940,0.00176136,31.757463,0.899297,31.757463,0.899297,940,1
941,0.00175978,31.760612,0.89932,31.760612,0.89932,941,1
942,0.00175909,31.761312,0.899346,31.761312,0.899346,942,1
943,0.00175989,31.763266,0.899374,31.763266,0.899374,943,1
944,0.00175896,31.766401,0.899376,31.766401,0.899376,944,1
945,0.00175924,31.766403,0.899402,31.766403,0.899402,945,1
946,0.00175676,31.767429,0.899429,31.767429,0.899429,946,1
947,0.00175631,31.769444,0.899454,31.769444,0.899454,947,1
948,0.00175719,31.770876,0.899478,31.770876,0.899478,948,1
949,0.00175367,31.771788,0.899501,31.771788,0.899501,949,1
950,0.0017573,31.772638,0.899519,31.772638,0.899519,950,1
951,0.00175657,31.774969,0.899547,31.774969,0.899547,951,1
952,0.00175606,31.776806,0.899573,31.776806,0.899573,952,1
953,0.00175384,31.778441,0.899592,31.778441,0.899592,953,1
954,0.00175406,31.779848,0.899615,31.779848,0.899615,954,1
955,0.00175322,31.781176,0.899642,31.781176,0.899642,955,1
956,0.00175286,31.783283,0.899666,31.783283,0.899666,956,1
957,0.00175231,31.782909,0.899688,31.783283,0.899688,956,0
958,0.00175505,31.786215,0.899715,31.786215,0.899715,958,1
959,0.00175117,31.786006,0.899741,31.786215,0.899741,958,0
960,0.00175072,31.787174,0.899766,31.787174,0.899766,960,1
961,0.00174976,31.789773,0.899783,31.789773,0.899783,961,1
962,0.00175114,31.78826,0.899814,31.789773,0.899814,961,0
963,0.00174888,31.790907,0.899833,31.790907,0.899833,963,1
964,0.00174901,31.79213,0.899859,31.79213,0.899859,964,1
965,0.0017485,31.793596,0.899886,31.793596,0.899886,965,1
966,0.00174759,31.796203,0.899905,31.796203,0.899905,966,1
967,0.00174634,31.797232,0.899932,31.797232,0.899932,967,1
968,0.00174743,31.79757,0.89996,31.79757,0.89996,968,1
969,0.00174574,31.800077,0.899981,31.800077,0.899981,969,1
970,0.00174599,31.800214,0.900007,31.800214,0.900007,970,1
971,0.00174458,31.8026,0.900026,31.8026,0.900026,971,1
972,0.00174506,31.80373,0.900054,31.80373,0.900054,972,1
973,0.00174527,31.80581,0.900089,31.80581,0.900089,973,1
974,0.00174436,31.805036,0.900118,31.80581,0.900118,973,0
975,0.00174363,31.808186,0.900136,31.808186,0.900136,975,1
976,0.00174279,31.809243,0.90016,31.809243,0.90016,976,1
977,0.00174055,31.810439,0.900187,31.810439,0.900187,977,1
978,0.00174334,31.81081,0.900215,31.81081,0.900215,978,1
979,0.00174073,31.812808,0.900237,31.812808,0.900237,979,1
980,0.00174166,31.81435,0.900262,31.81435,0.900262,980,1
981,0.00174132,31.816837,0.90028,31.816837,0.90028,981,1
982,0.00174087,31.818101,0.900307,31.818101,0.900307,982,1
983,0.0017406,31.820269,0.900325,31.820269,0.900325,983,1
984,0.0017389,31.821375,0.900354,31.821375,0.900354,984,1
985,0.00173796,31.822855,0.900379,31.822855,0.900379,985,1
986,0.00173743,31.824907,0.900402,31.824907,0.900402,986,1
987,0.00173909,31.825297,0.90042,31.825297,0.90042,987,1
988,0.00173562,31.824642,0.900457,31.825297,0.900457,987,0
989,0.00173638,31.828714,0.900482,31.828714,0.900482,989,1
990,0.00173623,31.828495,0.900508,31.828714,0.900508,989,0
991,0.00173703,31.830155,0.900529,31.830155,0.900529,991,1
992,0.00173608,31.831345,0.900555,31.831345,0.900555,992,1
993,0.00173373,31.833851,0.900571,31.833851,0.900571,993,1
994,0.00173568,31.834444,0.900597,31.834444,0.900597,994,1
995,0.00173455,31.834624,0.900626,31.834624,0.900626,995,1
996,0.00173217,31.839048,0.900641,31.839048,0.900641,996,1
997,0.00173403,31.83994,0.900663,31.83994,0.900663,997,1
998,0.00173202,31.842145,0.900688,31.842145,0.900688,998,1
999,0.00173205,31.842256,0.900714,31.842256,0.900714,999,1
1000,0.00173204,31.844099,0.900739,31.844099,0.900739,1000,1
1001,0.00173149,31.845389,0.900758,31.845389,0.900758,1001,1
1002,0.00172989,31.846409,0.900779,31.846409,0.900779,1002,1
1003,0.0017311,31.847007,0.900803,31.847007,0.900803,1003,1
1004,0.00173028,31.848722,0.900829,31.848722,0.900829,1004,1
1005,0.00172949,31.850282,0.900846,31.850282,0.900846,1005,1
1006,0.00172918,31.850222,0.900873,31.850282,0.900873,1005,0
1007,0.00172724,31.852422,0.900892,31.852422,0.900892,1007,1
1008,0.00172734,31.854657,0.900915,31.854657,0.900915,1008,1
1009,0.0017268,31.856956,0.900936,31.856956,0.900936,1009,1
1010,0.00172658,31.855809,0.900963,31.856956,0.900963,1009,0
1011,0.00172692,31.859243,0.90098,31.859243,0.90098,1011,1
1012,0.00172672,31.860023,0.901008,31.860023,0.901008,1012,1
1013,0.00172385,31.861702,0.90103,31.861702,0.90103,1013,1
1014,0.00172531,31.861658,0.901053,31.861702,0.901053,1013,0
1015,0.00172382,31.864394,0.901072,31.864394,0.901072,1015,1
1016,0.00172349,31.864541,0.901093,31.864541,0.901093,1016,1
1017,0.00172432,31.863459,0.90112,31.864541,0.90112,1016,0
1018,0.00172336,31.865629,0.90114,31.865629,0.90114,1018,1
1019,0.00172142,31.867772,0.901166,31.867772,0.901166,1019,1
1020,0.00172142,31.867587,0.901194,31.867772,0.901194,1019,0
1021,0.00172076,31.871875,0.90121,31.871875,0.90121,1021,1
1022,0.00172052,31.87335,0.901232,31.87335,0.901232,1022,1
1023,0.00172011,31.873506,0.901259,31.873506,0.901259,1023,1
1024,0.00171988,31.875466,0.901282,31.875466,0.901282,1024,1
1025,0.00171867,31.876873,0.901302,31.876873,0.901302,1025,1
1026,0.00171878,31.879512,0.901325,31.879512,0.901325,1026,1
1027,0.00171824,31.879897,0.901347,31.879897,0.901347,1027,1
1028,0.0017167,31.881432,0.901366,31.881432,0.901366,1028,1
1029,0.00171648,31.880935,0.901394,31.881432,0.901394,1028,0
1030,0.00171759,31.884782,0.90141,31.884782,0.90141,1030,1
1031,0.00171825,31.884452,0.901434,31.884782,0.901434,1030,0
1032,0.00171649,31.88677,0.901455,31.88677,0.901455,1032,1
1033,0.00171613,31.883859,0.901482,31.88677,0.901482,1032,0
1034,0.00171461,31.887943,0.901502,31.887943,0.901502,1034,1
1035,0.00171495,31.890307,0.901535,31.890307,0.901535,1035,1
1036,0.00171581,31.889467,0.901563,31.890307,0.901563,1035,0
1037,0.00171467,31.890759,0.901577,31.890759,0.901577,1037,1
1038,0.00171412,31.89429,0.901602,31.89429,0.901602,1038,1
1039,0.00171212,31.896331,0.90162,31.896331,0.90162,1039,1
1040,0.0017121,31.898185,0.90164,31.898185,0.90164,1040,1
1041,0.00171304,31.897904,0.901669,31.898185,0.901669,1040,0
1042,0.00171072,31.898066,0.90169,31.898185,0.90169,1040,0
1043,0.00171102,31.900819,0.901707,31.900819,0.901707,1043,1
1044,0.00170905,31.900259,0.901731,31.900819,0.901731,1043,0
1045,0.0017107,31.902124,0.901751,31.902124,0.901751,1045,1
1046,0.00171006,31.90422,0.901772,31.90422,0.901772,1046,1
1047,0.00170959,31.904919,0.901793,31.904919,0.901793,1047,1
1048,0.00170734,31.908839,0.901807,31.908839,0.901807,1048,1
1049,0.00170952,31.908794,0.90183,31.908839,0.90183,1048,0
1050,0.00170913,31.909656,0.901852,31.909656,0.901852,1050,1
1051,0.00170802,31.91005,0.901878,31.91005,0.901878,1051,1
1052,0.00170673,31.911123,0.901921,31.911123,0.901921,1052,1
1053,0.00170604,31.912402,0.901936,31.912402,0.901936,1053,1
1054,0.00170756,31.91662,0.901948,31.91662,0.901948,1054,1
1055,0.00170483,31.915212,0.901973,31.91662,0.901973,1054,0
1056,0.00170706,31.918324,0.901993,31.918324,0.901993,1056,1
1057,0.00170734,31.917962,0.902014,31.918324,0.902014,1056,0
1058,0.00170575,31.919394,0.902039,31.919394,0.902039,1058,1
1059,0.00170516,31.921838,0.902055,31.921838,0.902055,1059,1
1060,0.00170508,31.923274,0.902077,31.923274,0.902077,1060,1
1061,0.00170241,31.92609,0.902098,31.92609,0.902098,1061,1
1062,0.00170439,31.923586,0.902128,31.92609,0.902128,1061,0
1063,0.00170365,31.926437,0.902146,31.926437,0.902146,1063,1
1064,0.00170315,31.927173,0.902167,31.927173,0.902167,1064,1
1065,0.00170192,31.929097,0.902184,31.929097,0.902184,1065,1
1066,0.00170036,31.93024,0.902205,31.93024,0.902205,1066,1
1067,0.00170121,31.930199,0.902225,31.93024,0.902225,1066,0
1068,0.00169902,31.931044,0.902246,31.931044,0.902246,1068,1
1069,0.00169908,31.935372,0.902251,31.935372,0.902251,1069,1
1070,0.00170006,31.933997,0.902271,31.935372,0.902271,1069,0
1071,0.00169926,31.935112,0.902289,31.935372,0.902289,1069,0
1072,0.00170005,31.938731,0.902314,31.938731,0.902314,1072,1
1073,0.00169855,31.939284,0.902332,31.939284,0.902332,1073,1
1074,0.00169936,31.93897,0.902353,31.939284,0.902353,1073,0
1075,0.00169811,31.94117,0.902373,31.94117,0.902373,1075,1
1076,0.0016972,31.941498,0.902397,31.941498,0.902397,1076,1
1077,0.00169364,31.94324,0.902419,31.94324,0.902419,1077,1
1078,0.00169652,31.944203,0.902435,31.944203,0.902435,1078,1
1079,0.00169703,31.944399,0.90245,31.944399,0.90245,1079,1
1080,0.00169631,31.945996,0.902477,31.945996,0.902477,1080,1
1081,0.00169556,31.949559,0.902495,31.949559,0.902495,1081,1
1082,0.00169486,31.948893,0.902512,31.949559,0.902512,1081,0
1083,0.00169487,31.949694,0.902536,31.949694,0.902536,1083,1
1084,0.00169089,31.952275,0.902558,31.952275,0.902558,1084,1
1085,0.00169238,31.951081,0.902575,31.952275,0.902575,1084,0
1086,0.0016938,31.95549,0.902596,31.95549,0.902596,1086,1
1087,0.00169155,31.956113,0.90262,31.956113,0.90262,1087,1
1088,0.00169145,31.956221,0.902642,31.956221,0.902642,1088,1
1089,0.00169314,31.960127,0.902657,31.960127,0.902657,1089,1
1090,0.00169202,31.960192,0.902679,31.960192,0.902679,1090,1
1091,0.00169146,31.961695,0.902697,31.961695,0.902697,1091,1
1092,0.0016909,31.961921,0.902721,31.961921,0.902721,1092,1
1093,0.00169223,31.962021,0.902737,31.962021,0.902737,1093,1
1094,0.00169201,31.965977,0.902755,31.965977,0.902755,1094,1
1095,0.00168997,31.966045,0.902778,31.966045,0.902778,1095,1
1096,0.0016892,31.965943,0.9028,31.966045,0.9028,1095,0
1097,0.00168933,31.96829,0.902815,31.96829,0.902815,1097,1
1098,0.00168909,31.967072,0.902837,31.96829,0.902837,1097,0
1099,0.00168695,31.969838,0.902853,31.969838,0.902853,1099,1
1100,0.00168759,31.970027,0.902876,31.970027,0.902876,1100,1
1101,0.00168661,31.972133,0.902894,31.972133,0.902894,1101,1
1102,0.00168617,31.973709,0.902925,31.973709,0.902925,1102,1
1103,0.00168498,31.973186,0.902947,31.973709,0.902947,1102,0
1104,0.00168654,31.976715,0.902968,31.976715,0.902968,1104,1
1105,0.00168443,31.978413,0.90299,31.978413,0.90299,1105,1
1106,0.00168519,31.977828,0.903008,31.978413,0.903008,1105,0
1107,0.00168511,31.979452,0.903027,31.979452,0.903027,1107,1
1108,0.00168369,31.982723,0.903041,31.982723,0.903041,1108,1
1109,0.00168226,31.982018,0.903061,31.982723,0.903061,1108,0
1110,0.00168269,31.982903,0.90308,31.982903,0.90308,1110,1
1111,0.00168281,31.984801,0.9031,31.984801,0.9031,1111,1
1112,0.00168108,31.985716,0.903119,31.985716,0.903119,1112,1
1113,0.00168332,31.987021,0.903139,31.987021,0.903139,1113,1
1114,0.00168106,31.98848,0.903161,31.98848,0.903161,1114,1
1115,0.00168102,31.989655,0.903175,31.989655,0.903175,1115,1
1116,0.00168125,31.992128,0.903194,31.992128,0.903194,1116,1
1117,0.0016811,31.992882,0.903213,31.992882,0.903213,1117,1
1118,0.00168135,31.994457,0.903233,31.994457,0.903233,1118,1
1119,0.0016799,31.994378,0.903251,31.994457,0.903251,1118,0
1120,0.00167934,31.995283,0.903282,31.995283,0.903282,1120,1
1121,0.00168058,31.997879,0.903304,31.997879,0.903304,1121,1
1122,0.00167963,31.998264,0.903325,31.998264,0.903325,1122,1
1123,0.00167681,31.999944,0.90334,31.999944,0.90334,1123,1
1124,0.00167721,31.999293,0.903364,31.999944,0.903364,1123,0
1125,0.0016773,32.00226,0.903383,32.00226,0.903383,1125,1
1126,0.00167754,32.003561,0.9034,32.003561,0.9034,1126,1
1127,0.00167742,32.004745,0.903422,32.004745,0.903422,1127,1
1128,0.00167525,32.004394,0.90344,32.004745,0.90344,1127,0
1129,0.00167715,32.006955,0.903458,32.006955,0.903458,1129,1
1130,0.00167415,32.0085,0.903482,32.0085,0.903482,1130,1
1131,0.00167365,32.009716,0.903498,32.009716,0.903498,1131,1
1132,0.00167351,32.010792,0.903517,32.010792,0.903517,1132,1
1133,0.00167411,32.010263,0.903534,32.010792,0.903534,1132,0
1134,0.00167629,32.013118,0.903554,32.013118,0.903554,1134,1
1135,0.00167432,32.012873,0.903572,32.013118,0.903572,1134,0
1136,0.00167328,32.013597,0.90359,32.013597,0.90359,1136,1
1137,0.00167377,32.014874,0.90361,32.014874,0.90361,1137,1
1138,0.00167226,32.017824,0.903627,32.017824,0.903627,1138,1
1139,0.0016711,32.017226,0.90365,32.017824,0.90365,1138,0
1140,0.00167234,32.019404,0.903672,32.019404,0.903672,1140,1
1141,0.00167167,32.018882,0.903688,32.019404,0.903688,1140,0
1142,0.00167135,32.021364,0.903704,32.021364,0.903704,1142,1
1143,0.00167199,32.02151,0.903725,32.02151,0.903725,1143,1
1144,0.0016698,32.023197,0.903741,32.023197,0.903741,1144,1
1145,0.00167159,32.022662,0.903759,32.023197,0.903759,1144,0
1146,0.00166944,32.025805,0.903783,32.025805,0.903783,1146,1
1147,0.00166931,32.027416,0.903802,32.027416,0.903802,1147,1
1148,0.00166876,32.028386,0.903819,32.028386,0.903819,1148,1
1149,0.00166818,32.028193,0.90384,32.028386,0.90384,1148,0
1150,0.00166796,32.030875,0.903856,32.030875,0.903856,1150,1
1151,0.0016691,32.03227,0.903875,32.03227,0.903875,1151,1
1152,0.00166723,32.032314,0.903892,32.032314,0.903892,1152,1
1153,0.00166616,32.033072,0.903912,32.033072,0.903912,1153,1
1154,0.00166579,32.033984,0.903927,32.033984,0.903927,1154,1
1155,0.00166354,32.035469,0.903946,32.035469,0.903946,1155,1
1156,0.00166395,32.03702,0.903964,32.03702,0.903964,1156,1
1157,0.00166351,32.03911,0.903984,32.03911,0.903984,1157,1
1158,0.00166531,32.038043,0.90401,32.03911,0.90401,1157,0
1159,0.0016663,32.041889,0.904022,32.041889,0.904022,1159,1
1160,0.00166191,32.041603,0.904049,32.041889,0.904049,1159,0
1161,0.00166524,32.042234,0.904068,32.042234,0.904068,1161,1
1162,0.00166392,32.043037,0.904086,32.043037,0.904086,1162,1
1163,0.00166391,32.044127,0.904105,32.044127,0.904105,1163,1
1164,0.00166231,32.047141,0.904121,32.047141,0.904121,1164,1
1165,0.00166224,32.048777,0.90414,32.048777,0.90414,1165,1
1166,0.00166224,32.04883,0.904159,32.04883,0.904159,1166,1
1167,0.00166211,32.048107,0.904178,32.04883,0.904178,1166,0
1168,0.00166124,32.051173,0.904195,32.051173,0.904195,1168,1
1169,0.00165833,32.051929,0.904211,32.051929,0.904211,1169,1
1170,0.00165977,32.05127,0.904232,32.051929,0.904232,1169,0
1171,0.00165981,32.052826,0.904249,32.052826,0.904249,1171,1
1172,0.0016589,32.05462,0.904263,32.05462,0.904263,1172,1
1173,0.00165819,32.054676,0.90428,32.054676,0.90428,1173,1
1174,0.00165862,32.058124,0.904297,32.058124,0.904297,1174,1
1175,0.00165671,32.055833,0.90432,32.058124,0.90432,1174,0
1176,0.0016572,32.059221,0.90433,32.059221,0.90433,1176,1
1177,0.00165908,32.059819,0.904345,32.059819,0.904345,1177,1
1178,0.00165804,32.061395,0.904376,32.061395,0.904376,1178,1
1179,0.00165601,32.061953,0.904399,32.061953,0.904399,1179,1
1180,0.00165691,32.062668,0.904416,32.062668,0.904416,1180,1
1181,0.00165372,32.064929,0.904429,32.064929,0.904429,1181,1
1182,0.00165642,32.065072,0.904449,32.065072,0.904449,1182,1
1183,0.00165529,32.067135,0.904465,32.067135,0.904465,1183,1
1184,0.00165317,32.06751,0.904482,32.06751,0.904482,1184,1
1185,0.00165466,32.067662,0.904501,32.067662,0.904501,1185,1
1186,0.00165427,32.069728,0.904514,32.069728,0.904514,1186,1
1187,0.00165352,32.069351,0.904534,32.069728,0.904534,1186,0
1188,0.00165197,32.071598,0.90455,32.071598,0.90455,1188,1
1189,0.00165135,32.074098,0.904565,32.074098,0.904565,1189,1
1190,0.00165152,32.07536,0.904586,32.07536,0.904586,1190,1
1191,0.00165149,32.075183,0.9046,32.07536,0.9046,1190,0
1192,0.00165294,32.075184,0.904625,32.07536,0.904625,1190,0
1193,0.00165223,32.077878,0.904639,32.077878,0.904639,1193,1
1194,0.00165233,32.07907,0.904656,32.07907,0.904656,1194,1
1195,0.001652,32.080226,0.904674,32.080226,0.904674,1195,1
1196,0.00165164,32.079412,0.904694,32.080226,0.904694,1195,0
1197,0.00164956,32.080782,0.904711,32.080782,0.904711,1197,1
1198,0.0016493,32.084017,0.904726,32.084017,0.904726,1198,1
1199,0.00165048,32.083028,0.904747,32.084017,0.904747,1198,0
1200,0.00164929,32.084985,0.904778,32.084985,0.904778,1200,1
1201,0.00164719,32.087013,0.904795,32.087013,0.904795,1201,1
1202,0.00164775,32.087565,0.904814,32.087565,0.904814,1202,1
1203,0.00164535,32.088772,0.904828,32.088772,0.904828,1203,1
1204,0.00164695,32.09085,0.904846,32.09085,0.904846,1204,1
1205,0.00164718,32.089279,0.904861,32.09085,0.904861,1204,0
1206,0.00164688,32.093332,0.904878,32.093332,0.904878,1206,1
1207,0.0016451,32.091226,0.904897,32.093332,0.904897,1206,0
1208,0.00164533,32.09197,0.904914,32.093332,0.904914,1206,0
1209,0.00164695,32.094459,0.904929,32.094459,0.904929,1209,1
1210,0.00164329,32.094658,0.90495,32.094658,0.90495,1210,1
1211,0.00164701,32.09676,0.904965,32.09676,0.904965,1211,1
1212,0.00164466,32.098231,0.904982,32.098231,0.904982,1212,1
1213,0.00164639,32.099,0.904999,32.099,0.904999,1213,1
1214,0.00164308,32.101078,0.905019,32.101078,0.905019,1214,1
1215,0.00164386,32.100896,0.905034,32.101078,0.905034,1214,0
1216,0.00164396,32.102857,0.905048,32.102857,0.905048,1216,1
1217,0.001643,32.103165,0.905066,32.103165,0.905066,1217,1
1218,0.00164356,32.106157,0.905082,32.106157,0.905082,1218,1
1219,0.00164208,32.106163,0.905101,32.106163,0.905101,1219,1
1220,0.00164064,32.105851,0.905119,32.106163,0.905119,1219,0
1221,0.00164095,32.106568,0.905136,32.106568,0.905136,1221,1
1222,0.00164242,32.107708,0.905151,32.107708,0.905151,1222,1
1223,0.00163766,32.110528,0.905146,32.110528,0.905151,1222,0
1224,0.00164063,32.113103,0.905159,32.113103,0.905159,1224,1
1225,0.00164076,32.111828,0.905175,32.113103,0.905175,1224,0
1226,0.00163935,32.111416,0.905195,32.113103,0.905195,1224,0
1227,0.00163876,32.114715,0.905206,32.114715,0.905206,1227,1
1228,0.00163809,32.11546,0.905221,32.11546,0.905221,1228,1
1229,0.00163853,32.115901,0.90524,32.115901,0.90524,1229,1
1230,0.00163924,32.116321,0.905255,32.116321,0.905255,1230,1
1231,0.00163729,32.118652,0.905272,32.118652,0.905272,1231,1
1232,0.00163709,32.119844,0.905294,32.119844,0.905294,1232,1
1233,0.0016358,32.119369,0.905309,32.119844,0.905309,1232,0
1234,0.00163745,32.12116,0.905328,32.12116,0.905328,1234,1
1235,0.001636,32.121766,0.905344,32.121766,0.905344,1235,1
1236,0.00163738,32.12239,0.905361,32.12239,0.905361,1236,1
1237,0.00163423,32.122949,0.905378,32.122949,0.905378,1237,1
1238,0.00163635,32.125488,0.905395,32.125488,0.905395,1238,1
1239,0.00163502,32.126506,0.905415,32.126506,0.905415,1239,1
1240,0.00163582,32.124742,0.905437,32.126506,0.905437,1239,0
1241,0.0016348,32.128155,0.905449,32.128155,0.905449,1241,1
1242,0.00163441,32.129334,0.905463,32.129334,0.905463,1242,1
1243,0.00163284,32.129672,0.90548,32.129672,0.90548,1243,1
1244,0.00163268,32.131531,0.9055,32.131531,0.9055,1244,1
1245,0.001633,32.132049,0.905514,32.132049,0.905514,1245,1
1246,0.00163141,32.13155,0.905529,32.132049,0.905529,1245,0
1247,0.00163224,32.133703,0.905547,32.133703,0.905547,1247,1
1248,0.00163175,32.134944,0.905562,32.134944,0.905562,1248,1
1249,0.00163188,32.135083,0.905577,32.135083,0.905577,1249,1
1250,0.00163231,32.135774,0.905594,32.135774,0.905594,1250,1
1251,0.00162969,32.137545,0.905609,32.137545,0.905609,1251,1
1252,0.00163195,32.138032,0.905623,32.138032,0.905623,1252,1
1253,0.00162901,32.139177,0.905643,32.139177,0.905643,1253,1
1254,0.00163098,32.141338,0.905652,32.141338,0.905652,1254,1
1255,0.00162978,32.142995,0.905669,32.142995,0.905669,1255,1
1256,0.0016285,32.143801,0.905681,32.143801,0.905681,1256,1
1257,0.00162819,32.143543,0.905701,32.143801,0.905701,1256,0
1258,0.00162833,32.145147,0.905721,32.145147,0.905721,1258,1
1259,0.00162933,32.146811,0.905737,32.146811,0.905737,1259,1
1260,0.00162775,32.147141,0.905753,32.147141,0.905753,1260,1
1261,0.00162797,32.145862,0.905765,32.147141,0.905765,1260,0
1262,0.00162723,32.148411,0.905783,32.148411,0.905783,1262,1
1263,0.00162739,32.151045,0.905799,32.151045,0.905799,1263,1
1264,0.00162607,32.151028,0.905815,32.151045,0.905815,1263,0
1265,0.00162647,32.154335,0.905839,32.154335,0.905839,1265,1
1266,0.00162721,32.15419,0.905854,32.154335,0.905854,1265,0
1267,0.00162691,32.155651,0.905872,32.155651,0.905872,1267,1
1268,0.00162616,32.156981,0.90589,32.156981,0.90589,1268,1
1269,0.00162486,32.156696,0.905904,32.156981,0.905904,1268,0
1270,0.00162592,32.158242,0.905922,32.158242,0.905922,1270,1
1271,0.00162435,32.157128,0.905937,32.158242,0.905937,1270,0
1272,0.00162409,32.158242,0.905953,32.158242,0.905953,1270,0
1273,0.00162437,32.160539,0.905972,32.160539,0.905972,1273,1
1274,0.00162359,32.160414,0.905987,32.160539,0.905987,1273,0
1275,0.00162206,32.161549,0.906004,32.161549,0.906004,1275,1
1276,0.00162426,32.161658,0.90602,32.161658,0.90602,1276,1
1277,0.00162189,32.163184,0.906036,32.163184,0.906036,1277,1
1278,0.00162248,32.163207,0.906056,32.163207,0.906056,1278,1
1279,0.00162097,32.163944,0.906072,32.163944,0.906072,1279,1
1280,0.0016215,32.166385,0.906087,32.166385,0.906087,1280,1
1281,0.00162037,32.168895,0.906098,32.168895,0.906098,1281,1
1282,0.00162019,32.167936,0.906121,32.168895,0.906121,1281,0
1283,0.00162096,32.168378,0.906133,32.168895,0.906133,1281,0
1284,0.00162042,32.170826,0.906144,32.170826,0.906144,1284,1
1285,0.0016209,32.170251,0.906166,32.170826,0.906166,1284,0
1286,0.00161902,32.170927,0.906182,32.170927,0.906182,1286,1
1287,0.00161876,32.173453,0.906198,32.173453,0.906198,1287,1
1288,0.00161845,32.174358,0.906213,32.174358,0.906213,1288,1
1289,0.00161862,32.175066,0.906231,32.175066,0.906231,1289,1
1290,0.00161739,32.175836,0.906244,32.175836,0.906244,1290,1
1291,0.00161734,32.177756,0.906262,32.177756,0.906262,1291,1
1292,0.00161551,32.177739,0.90628,32.177756,0.90628,1291,0
1293,0.0016161,32.179123,0.906306,32.179123,0.906306,1293,1
1294,0.00161601,32.18116,0.906324,32.18116,0.906324,1294,1
1295,0.00161615,32.179848,0.906337,32.18116,0.906337,1294,0
1296,0.0016158,32.181116,0.906354,32.18116,0.906354,1294,0
1297,0.00161548,32.182588,0.90637,32.182588,0.90637,1297,1
1298,0.00161576,32.183537,0.906385,32.183537,0.906385,1298,1
1299,0.00161355,32.184124,0.9064,32.184124,0.9064,1299,1
1300,0.00161429,32.187253,0.906416,32.187253,0.906416,1300,1
1301,0.00161414,32.187455,0.906437,32.187455,0.906437,1301,1
1302,0.00161298,32.187015,0.906451,32.187455,0.906451,1301,0
1303,0.00161461,32.188915,0.906468,32.188915,0.906468,1303,1
1304,0.00161292,32.189971,0.906487,32.189971,0.906487,1304,1
1305,0.00161248,32.192086,0.906499,32.192086,0.906499,1305,1
1306,0.00161149,32.193497,0.906512,32.193497,0.906512,1306,1
1307,0.00161229,32.192476,0.90653,32.193497,0.90653,1306,0
1308,0.0016113,32.192327,0.906543,32.193497,0.906543,1306,0
1309,0.00160863,32.194813,0.906556,32.194813,0.906556,1309,1
1310,0.00161115,32.195909,0.906574,32.195909,0.906574,1310,1
1311,0.00161036,32.196255,0.90659,32.196255,0.90659,1311,1
1312,0.00161165,32.197119,0.906605,32.197119,0.906605,1312,1
1313,0.00161009,32.196436,0.906622,32.197119,0.906622,1312,0
1314,0.00161071,32.198186,0.90664,32.198186,0.90664,1314,1
1315,0.00160808,32.198175,0.906655,32.198186,0.906655,1314,0
1316,0.00160894,32.201221,0.906665,32.201221,0.906665,1316,1
1317,0.00160981,32.201023,0.906686,32.201221,0.906686,1316,0
1318,0.00161023,32.201594,0.906701,32.201594,0.906701,1318,1
1319,0.00160806,32.201477,0.906716,32.201594,0.906716,1318,0
1320,0.00160983,32.20336,0.906732,32.20336,0.906732,1320,1
1321,0.00160645,32.204619,0.906745,32.204619,0.906745,1321,1
1322,0.00160687,32.205409,0.906762,32.205409,0.906762,1322,1
1323,0.00160598,32.207007,0.906777,32.207007,0.906777,1323,1
1324,0.00160746,32.207514,0.906795,32.207514,0.906795,1324,1
1325,0.00160628,32.208393,0.906807,32.208393,0.906807,1325,1
1326,0.0016036,32.209193,0.90682,32.209193,0.90682,1326,1
1327,0.00160426,32.209912,0.906835,32.209912,0.906835,1327,1
1328,0.00160488,32.210761,0.90685,32.210761,0.90685,1328,1
1329,0.00160599,32.210849,0.906865,32.210849,0.906865,1329,1
1330,0.00160546,32.213409,0.906881,32.213409,0.906881,1330,1
1331,0.00160554,32.213762,0.906894,32.213762,0.906894,1331,1
1332,0.00160526,32.214483,0.90691,32.214483,0.90691,1332,1
1333,0.00160406,32.213949,0.906927,32.214483,0.906927,1332,0
1334,0.00160251,32.214593,0.906943,32.214593,0.906943,1334,1
1335,0.00160423,32.218434,0.906959,32.218434,0.906959,1335,1
1336,0.00160155,32.217556,0.906977,32.218434,0.906977,1335,0
1337,0.00160146,32.219551,0.906991,32.219551,0.906991,1337,1
1338,0.00160184,32.220123,0.907002,32.220123,0.907002,1338,1
1339,0.00160356,32.219214,0.907021,32.220123,0.907021,1338,0
1340,0.00160285,32.220871,0.907036,32.220871,0.907036,1340,1
1341,0.00160177,32.221809,0.907053,32.221809,0.907053,1341,1
1342,0.00160128,32.220836,0.907071,32.221809,0.907071,1341,0
1343,0.00160102,32.220676,0.907088,32.221809,0.907088,1341,0
1344,0.00160068,32.22402,0.9071,32.22402,0.9071,1344,1
1345,0.00159844,32.224164,0.907116,32.224164,0.907116,1345,1
1346,0.00160207,32.225844,0.907128,32.225844,0.907128,1346,1
1347,0.00160101,32.225775,0.907143,32.225844,0.907143,1346,0
1348,0.00159908,32.226982,0.907157,32.226982,0.907157,1348,1
1349,0.00159765,32.22895,0.907175,32.22895,0.907175,1349,1
1350,0.00159906,32.228967,0.907192,32.228967,0.907192,1350,1
1351,0.001598,32.230163,0.907203,32.230163,0.907203,1351,1
1352,0.0015984,32.2305,0.907218,32.2305,0.907218,1352,1
1353,0.00159725,32.232315,0.907234,32.232315,0.907234,1353,1
1354,0.00159852,32.234014,0.907242,32.234014,0.907242,1354,1
1355,0.00159815,32.232673,0.907261,32.234014,0.907261,1354,0
1356,0.00159768,32.233672,0.907274,32.234014,0.907274,1354,0
1357,0.00159659,32.234106,0.90729,32.234106,0.90729,1357,1
1358,0.00159538,32.234216,0.907307,32.234216,0.907307,1358,1
1359,0.00159634,32.236357,0.907319,32.236357,0.907319,1359,1
1360,0.00159478,32.239551,0.907337,32.239551,0.907337,1360,1
1361,0.0015955,32.237698,0.907357,32.239551,0.907357,1360,0
1362,0.00159543,32.240421,0.907366,32.240421,0.907366,1362,1
1363,0.00159369,32.240857,0.907381,32.240857,0.907381,1363,1
1364,0.00159459,32.241648,0.907398,32.241648,0.907398,1364,1
1365,0.00159377,32.241609,0.907414,32.241648,0.907414,1364,0
1366,0.00159457,32.242808,0.907428,32.242808,0.907428,1366,1
1367,0.00159438,32.243267,0.907444,32.243267,0.907444,1367,1
1368,0.00159364,32.244747,0.907458,32.244747,0.907458,1368,1
1369,0.00159145,32.245139,0.907472,32.245139,0.907472,1369,1
1370,0.00159179,32.245783,0.907484,32.245783,0.907484,1370,1
1371,0.00159279,32.248009,0.907495,32.248009,0.907495,1371,1
1372,0.00159186,32.248021,0.907509,32.248021,0.907509,1372,1
1373,0.0015933,32.247372,0.907529,32.248021,0.907529,1372,0
1374,0.00159156,32.248806,0.907541,32.248806,0.907541,1374,1
1375,0.00159127,32.250484,0.907557,32.250484,0.907557,1375,1
1376,0.00159054,32.251903,0.907569,32.251903,0.907569,1376,1
1377,0.00159064,32.251249,0.907585,32.251903,0.907585,1376,0
1378,0.00158815,32.25667,0.907592,32.25667,0.907592,1378,1
1379,0.00158845,32.251686,0.907617,32.25667,0.907617,1378,0
1380,0.00158887,32.253282,0.907631,32.25667,0.907631,1378,0
1381,0.00158866,32.255588,0.907645,32.25667,0.907645,1378,0
1382,0.00158992,32.255724,0.907657,32.25667,0.907657,1378,0
1383,0.00158969,32.255806,0.907671,32.25667,0.907671,1378,0
1384,0.00158679,32.259341,0.907682,32.259341,0.907682,1384,1
1385,0.00158763,32.258438,0.907701,32.259341,0.907701,1384,0
1386,0.00158745,32.258431,0.907715,32.259341,0.907715,1384,0
1387,0.00158713,32.259633,0.907728,32.259633,0.907728,1387,1
1388,0.00158767,32.260452,0.907744,32.260452,0.907744,1388,1
1389,0.00158839,32.263505,0.907754,32.263505,0.907754,1389,1
1390,0.00158688,32.263812,0.907772,32.263812,0.907772,1390,1
1391,0.00158664,32.260336,0.907787,32.263812,0.907787,1390,0
1392,0.00158565,32.265228,0.907799,32.265228,0.907799,1392,1
1393,0.00158686,32.264661,0.907813,32.265228,0.907813,1392,0
1394,0.00158522,32.266296,0.907827,32.266296,0.907827,1394,1
1395,0.00158298,32.266855,0.907839,32.266855,0.907839,1395,1
1396,0.00158378,32.267611,0.907865,32.267611,0.907865,1396,1
1397,0.00158508,32.269222,0.90788,32.269222,0.90788,1397,1
1398,0.00158548,32.269766,0.907894,32.269766,0.907894,1398,1
1399,0.0015829,32.271525,0.907906,32.271525,0.907906,1399,1
1400,0.00158292,32.272046,0.907923,32.272046,0.907923,1400,1
1401,0.0015838,32.271646,0.907936,32.272046,0.907936,1400,0
1402,0.00158429,32.273799,0.907954,32.273799,0.907954,1402,1
1403,0.00158328,32.273604,0.907969,32.273799,0.907969,1402,0
1404,0.00158094,32.275475,0.907981,32.275475,0.907981,1404,1
1405,0.00158287,32.274296,0.907998,32.275475,0.907998,1404,0
1406,0.00158292,32.276175,0.908009,32.276175,0.908009,1406,1
1407,0.00158036,32.278775,0.908025,32.278775,0.908025,1407,1
1408,0.00158246,32.279404,0.908038,32.279404,0.908038,1408,1
1409,0.00157996,32.278179,0.908053,32.279404,0.908053,1408,0
1410,0.00158238,32.281499,0.908065,32.281499,0.908065,1410,1
1411,0.00158239,32.282303,0.908076,32.282303,0.908076,1411,1
1412,0.00157961,32.282397,0.908093,32.282397,0.908093,1412,1
1413,0.00158101,32.281744,0.908105,32.282397,0.908105,1412,0
1414,0.00158201,32.283924,0.908119,32.283924,0.908119,1414,1
1415,0.00157951,32.285166,0.908135,32.285166,0.908135,1415,1
1416,0.00157813,32.285492,0.908149,32.285492,0.908149,1416,1
1417,0.00157978,32.28681,0.908162,32.28681,0.908162,1417,1
1418,0.00157851,32.288132,0.908177,32.288132,0.908177,1418,1
1419,0.00157801,32.289167,0.908189,32.289167,0.908189,1419,1
1420,0.00157842,32.287714,0.908205,32.289167,0.908205,1419,0
1421,0.00157886,32.290712,0.908217,32.290712,0.908217,1421,1
1422,0.00157797,32.291821,0.908232,32.291821,0.908232,1422,1
1423,0.00157694,32.293108,0.908242,32.293108,0.908242,1423,1
1424,0.0015773,32.292825,0.908258,32.293108,0.908258,1423,0
1425,0.00157461,32.294457,0.908269,32.294457,0.908269,1425,1
1426,0.00157567,32.293947,0.908285,32.294457,0.908285,1425,0
1427,0.00157337,32.296537,0.908298,32.296537,0.908298,1427,1
1428,0.0015758,32.295881,0.90831,32.296537,0.90831,1427,0
1429,0.0015734,32.298137,0.908324,32.298137,0.908324,1429,1
1430,0.0015761,32.297418,0.90834,32.298137,0.90834,1429,0
1431,0.00157638,32.299315,0.908353,32.299315,0.908353,1431,1
1432,0.00157586,32.299127,0.908363,32.299315,0.908363,1431,0
1433,0.00157273,32.301187,0.908375,32.301187,0.908375,1433,1
1434,0.00157264,32.30051,0.908394,32.301187,0.908394,1433,0
1435,0.00157262,32.30286,0.908403,32.30286,0.908403,1435,1
1436,0.0015729,32.304632,0.908428,32.304632,0.908428,1436,1
1437,0.00157297,32.303636,0.908442,32.304632,0.908442,1436,0
1438,0.00157405,32.304849,0.908458,32.304849,0.908458,1438,1
1439,0.00157135,32.303998,0.908475,32.304849,0.908475,1438,0
1440,0.00157288,32.306528,0.908485,32.306528,0.908485,1440,1
1441,0.00157227,32.307148,0.9085,32.307148,0.9085,1441,1
1442,0.00156924,32.307114,0.908514,32.307148,0.908514,1441,0
1443,0.00157059,32.309942,0.908525,32.309942,0.908525,1443,1
1444,0.00157205,32.309314,0.908537,32.309942,0.908537,1443,0
1445,0.00156923,32.311726,0.908549,32.311726,0.908549,1445,1
1446,0.00157176,32.313267,0.908564,32.313267,0.908564,1446,1
1447,0.00156872,32.313777,0.908581,32.313777,0.908581,1447,1
1448,0.001571,32.313022,0.908594,32.313777,0.908594,1447,0
1449,0.00156978,32.316528,0.908607,32.316528,0.908607,1449,1
1450,0.0015692,32.315254,0.908623,32.316528,0.908623,1449,0
1451,0.00156908,32.316794,0.908638,32.316794,0.908638,1451,1
1452,0.00156816,32.318294,0.90865,32.318294,0.90865,1452,1
1453,0.00156823,32.318151,0.908665,32.318294,0.908665,1452,0
1454,0.0015666,32.317086,0.908674,32.318294,0.908674,1452,0
1455,0.00156742,32.32077,0.90869,32.32077,0.90869,1455,1
1456,0.00156822,32.319717,0.908698,32.32077,0.908698,1455,0
1457,0.00156721,32.322374,0.908714,32.322374,0.908714,1457,1
1458,0.00156652,32.322557,0.908729,32.322557,0.908729,1458,1
1459,0.00156758,32.323043,0.908741,32.323043,0.908741,1459,1
1460,0.00156698,32.3245,0.908753,32.3245,0.908753,1460,1
1461,0.0015677,32.32563,0.908767,32.32563,0.908767,1461,1
1462,0.00156467,32.325496,0.908776,32.32563,0.908776,1461,0
1463,0.00156463,32.324943,0.908795,32.32563,0.908795,1461,0
1464,0.00156536,32.327319,0.908807,32.327319,0.908807,1464,1
1465,0.00156601,32.329478,0.908815,32.329478,0.908815,1465,1
1466,0.00156366,32.331188,0.90883,32.331188,0.90883,1466,1
1467,0.00156456,32.331508,0.908844,32.331508,0.908844,1467,1
1468,0.00156336,32.331591,0.908859,32.331591,0.908859,1468,1
1469,0.00156407,32.332604,0.908869,32.332604,0.908869,1469,1
1470,0.00156609,32.332273,0.908886,32.332604,0.908886,1469,0
1471,0.00156267,32.335221,0.908897,32.335221,0.908897,1471,1
1472,0.00156259,32.336601,0.908909,32.336601,0.908909,1472,1
1473,0.00156315,32.335888,0.908923,32.336601,0.908923,1472,0
1474,0.001564,32.338374,0.908936,32.338374,0.908936,1474,1
1475,0.00156218,32.339676,0.908949,32.339676,0.908949,1475,1
1476,0.00156085,32.338351,0.908963,32.339676,0.908963,1475,0
1477,0.00156316,32.339376,0.908976,32.339676,0.908976,1475,0
1478,0.00156068,32.340342,0.90899,32.340342,0.90899,1478,1
1479,0.001563,32.341819,0.909001,32.341819,0.909001,1479,1
1480,0.00156031,32.340666,0.909004,32.341819,0.909004,1479,0
1481,0.00156232,32.343209,0.909014,32.343209,0.909014,1481,1
1482,0.00156102,32.346057,0.909023,32.346057,0.909023,1482,1
1483,0.00155923,32.344337,0.909041,32.346057,0.909041,1482,0
1484,0.00156053,32.345694,0.909052,32.346057,0.909052,1482,0
1485,0.001559,32.348128,0.909064,32.348128,0.909064,1485,1
1486,0.0015585,32.348979,0.909075,32.348979,0.909075,1486,1
1487,0.00155943,32.349322,0.909088,32.349322,0.909088,1487,1
1488,0.00155846,32.350564,0.909097,32.350564,0.909097,1488,1
1489,0.00155968,32.351048,0.909119,32.351048,0.909119,1489,1
1490,0.00155993,32.352317,0.909123,32.352317,0.909123,1490,1
1491,0.00155952,32.353997,0.909133,32.353997,0.909133,1491,1
1492,0.00155665,32.354623,0.909147,32.354623,0.909147,1492,1
1493,0.00155727,32.354176,0.909167,32.354623,0.909167,1492,0
1494,0.00155706,32.354948,0.909183,32.354948,0.909183,1494,1
1495,0.0015576,32.357575,0.909188,32.357575,0.909188,1495,1
1496,0.00155625,32.357961,0.909207,32.357961,0.909207,1496,1
1497,0.00155651,32.35947,0.909216,32.35947,0.909216,1497,1
1498,0.00155633,32.360182,0.909233,32.360182,0.909233,1498,1
1499,0.00155549,32.358657,0.909247,32.360182,0.909247,1498,0
1500,0.00155536,32.360275,0.909258,32.360275,0.909258,1500,1
1501,0.00155524,32.363291,0.909268,32.363291,0.909268,1501,1
1502,0.00155573,32.364077,0.90928,32.364077,0.90928,1502,1
1503,0.00155496,32.362478,0.909297,32.364077,0.909297,1502,0
1504,0.00155328,32.365093,0.909305,32.365093,0.909305,1504,1
1505,0.00155206,32.364259,0.909322,32.365093,0.909322,1504,0
1506,0.00155455,32.365462,0.909331,32.365462,0.909331,1506,1
1507,0.0015549,32.366784,0.909341,32.366784,0.909341,1507,1
1508,0.00155368,32.365652,0.90936,32.366784,0.90936,1507,0
1509,0.00155242,32.370145,0.909367,32.370145,0.909367,1509,1
1510,0.00155339,32.368936,0.909385,32.370145,0.909385,1509,0
1511,0.00155195,32.369821,0.909395,32.370145,0.909395,1509,0
1512,0.00155217,32.370994,0.909406,32.370994,0.909406,1512,1
1513,0.00155201,32.37283,0.909422,32.37283,0.909422,1513,1
1514,0.00155175,32.372391,0.909435,32.37283,0.909435,1513,0
1515,0.00155221,32.37207,0.909455,32.37283,0.909455,1513,0
1516,0.00155026,32.375303,0.909463,32.375303,0.909463,1516,1
1517,0.00155041,32.374975,0.909475,32.375303,0.909475,1516,0
1518,0.00155195,32.379208,0.909487,32.379208,0.909487,1518,1
1519,0.00155172,32.377468,0.909498,32.379208,0.909498,1518,0
1520,0.00155125,32.378442,0.909511,32.379208,0.909511,1518,0
1521,0.0015497,32.379218,0.909524,32.379218,0.909524,1521,1
1522,0.00154953,32.380597,0.909536,32.380597,0.909536,1522,1
1523,0.0015503,32.381108,0.909549,32.381108,0.909549,1523,1
1524,0.00155003,32.382158,0.909562,32.382158,0.909562,1524,1
1525,0.00154693,32.38334,0.909575,32.38334,0.909575,1525,1
1526,0.00154998,32.38354,0.909589,32.38354,0.909589,1526,1
1527,0.00154863,32.385233,0.909598,32.385233,0.909598,1527,1
1528,0.00154771,32.383197,0.909617,32.385233,0.909617,1527,0
1529,0.00154874,32.386014,0.909627,32.386014,0.909627,1529,1
1530,0.001549,32.38625,0.909639,32.38625,0.909639,1530,1
1531,0.0015486,32.388886,0.909652,32.388886,0.909652,1531,1
1532,0.00154864,32.388648,0.909665,32.388886,0.909665,1531,0
1533,0.00154767,32.390067,0.909677,32.390067,0.909677,1533,1
1534,0.00154521,32.389868,0.90969,32.390067,0.90969,1533,0
1535,0.00154678,32.391037,0.909701,32.391037,0.909701,1535,1
1536,0.00154692,32.391693,0.909715,32.391693,0.909715,1536,1
1537,0.00154652,32.393495,0.909728,32.393495,0.909728,1537,1
1538,0.00154802,32.393125,0.909738,32.393495,0.909738,1537,0
1539,0.00154482,32.394877,0.90975,32.394877,0.90975,1539,1
1540,0.00154494,32.394841,0.909762,32.394877,0.909762,1539,0
1541,0.00154329,32.397383,0.909777,32.397383,0.909777,1541,1
1542,0.00154372,32.39731,0.90979,32.397383,0.90979,1541,0
1543,0.00154492,32.399017,0.909802,32.399017,0.909802,1543,1
1544,0.00154379,32.398831,0.909814,32.399017,0.909814,1543,0
1545,0.00154259,32.400212,0.909831,32.400212,0.909831,1545,1
1546,0.0015436,32.399985,0.909839,32.400212,0.909839,1545,0
1547,0.00154328,32.400697,0.909851,32.400697,0.909851,1547,1
1548,0.00154475,32.402055,0.909862,32.402055,0.909862,1548,1
1549,0.00154206,32.403846,0.909877,32.403846,0.909877,1549,1
1550,0.00154239,32.40417,0.909885,32.40417,0.909885,1550,1
1551,0.00154164,32.404544,0.909899,32.404544,0.909899,1551,1
1552,0.00154268,32.406424,0.909913,32.406424,0.909913,1552,1
1553,0.00154332,32.407317,0.909929,32.407317,0.909929,1553,1
1554,0.00154264,32.407361,0.909937,32.407361,0.909937,1554,1
1555,0.00154169,32.408721,0.909949,32.408721,0.909949,1555,1
1556,0.00154083,32.408273,0.90996,32.408721,0.90996,1555,0
1557,0.0015397,32.410625,0.909973,32.410625,0.909973,1557,1
1558,0.00153907,32.409854,0.909984,32.410625,0.909984,1557,0
1559,0.00154024,32.412726,0.910005,32.412726,0.910005,1559,1
1560,0.0015414,32.413467,0.910018,32.413467,0.910018,1560,1
1561,0.0015384,32.413024,0.910028,32.413467,0.910028,1560,0
1562,0.00153979,32.413551,0.910044,32.413551,0.910044,1562,1
1563,0.00153889,32.416668,0.910055,32.416668,0.910055,1563,1
1564,0.00153863,32.415388,0.910066,32.416668,0.910066,1563,0
1565,0.00153969,32.418205,0.910073,32.418205,0.910073,1565,1
1566,0.0015402,32.417382,0.910088,32.418205,0.910088,1565,0
1567,0.00153894,32.419633,0.910101,32.419633,0.910101,1567,1
1568,0.00153931,32.420881,0.910111,32.420881,0.910111,1568,1
1569,0.00153796,32.421004,0.910125,32.421004,0.910125,1569,1
1570,0.00153735,32.421512,0.910138,32.421512,0.910138,1570,1
1571,0.0015372,32.422224,0.910154,32.422224,0.910154,1571,1
1572,0.00153644,32.423025,0.910166,32.423025,0.910166,1572,1
1573,0.00153619,32.42332,0.910178,32.42332,0.910178,1573,1
1574,0.00153683,32.425134,0.910189,32.425134,0.910189,1574,1
1575,0.00153822,32.424887,0.910204,32.425134,0.910204,1574,0
1576,0.0015353,32.425917,0.910214,32.425917,0.910214,1576,1
1577,0.00153552,32.429054,0.910228,32.429054,0.910228,1577,1
1578,0.0015359,32.428408,0.910241,32.429054,0.910241,1577,0
1579,0.00153398,32.428376,0.910252,32.429054,0.910252,1577,0
1580,0.00153523,32.431276,0.910266,32.431276,0.910266,1580,1
1581,0.00153329,32.42821,0.91028,32.431276,0.91028,1580,0
1582,0.00153564,32.432138,0.910292,32.432138,0.910292,1582,1
1583,0.00153482,32.430171,0.910305,32.432138,0.910305,1582,0
1584,0.00153171,32.430725,0.910313,32.432138,0.910313,1582,0
1585,0.00153284,32.433152,0.910327,32.433152,0.910327,1585,1
1586,0.00153256,32.433283,0.910337,32.433283,0.910337,1586,1
1587,0.00153446,32.436149,0.910348,32.436149,0.910348,1587,1
1588,0.00153202,32.435619,0.910359,32.436149,0.910359,1587,0
1589,0.00153404,32.435663,0.910373,32.436149,0.910373,1587,0
1590,0.00153083,32.438812,0.910389,32.438812,0.910389,1590,1
1591,0.00153296,32.440034,0.910398,32.440034,0.910398,1591,1
1592,0.00153133,32.438175,0.910412,32.440034,0.910412,1591,0
1593,0.00153212,32.440567,0.910422,32.440567,0.910422,1593,1
1594,0.00153232,32.442217,0.910435,32.442217,0.910435,1594,1
1595,0.00153042,32.441613,0.910448,32.442217,0.910448,1594,0
1596,0.00153117,32.4428,0.910456,32.4428,0.910456,1596,1
1597,0.00152942,32.443838,0.910465,32.443838,0.910465,1597,1
1598,0.00153192,32.44523,0.91048,32.44523,0.91048,1598,1
1599,0.00153064,32.446557,0.910493,32.446557,0.910493,1599,1
1600,0.00153059,32.445766,0.910504,32.446557,0.910504,1599,0
1601,0.00152943,32.448833,0.910517,32.448833,0.910517,1601,1
1602,0.00152969,32.448126,0.910529,32.448833,0.910529,1601,0
1603,0.00152799,32.446935,0.91054,32.448833,0.91054,1601,0
1604,0.00152891,32.450472,0.91055,32.450472,0.91055,1604,1
1605,0.00153054,32.453375,0.910563,32.453375,0.910563,1605,1
1606,0.00152869,32.452247,0.910573,32.453375,0.910573,1605,0
1607,0.00152664,32.452604,0.910585,32.453375,0.910585,1605,0
1608,0.00152653,32.455106,0.910595,32.455106,0.910595,1608,1
1609,0.00152807,32.456355,0.910621,32.456355,0.910621,1609,1
1610,0.00152601,32.456893,0.910631,32.456893,0.910631,1610,1
1611,0.00153017,32.455355,0.910649,32.456893,0.910649,1610,0
1612,0.00152725,32.45719,0.910656,32.45719,0.910656,1612,1
1613,0.00152586,32.45824,0.91067,32.45824,0.91067,1613,1
1614,0.0015267,32.460689,0.910681,32.460689,0.910681,1614,1
1615,0.00152481,32.458144,0.910697,32.460689,0.910697,1614,0
1616,0.00152324,32.462996,0.910704,32.462996,0.910704,1616,1
1617,0.00152448,32.462465,0.910718,32.462996,0.910718,1616,0
1618,0.00152507,32.462358,0.910728,32.462996,0.910728,1616,0
1619,0.00152399,32.463918,0.910742,32.463918,0.910742,1619,1
1620,0.00152549,32.465171,0.910753,32.465171,0.910753,1620,1
1621,0.00152425,32.464073,0.910763,32.465171,0.910763,1620,0
1622,0.00152445,32.466469,0.910777,32.466469,0.910777,1622,1
1623,0.00152404,32.466258,0.910789,32.466469,0.910789,1622,0
1624,0.00152393,32.466978,0.910802,32.466978,0.910802,1624,1
1625,0.00152454,32.467575,0.910814,32.467575,0.910814,1625,1
1626,0.0015232,32.46901,0.910824,32.46901,0.910824,1626,1
1627,0.00152317,32.469662,0.910838,32.469662,0.910838,1627,1
1628,0.00152369,32.469942,0.91085,32.469942,0.91085,1628,1
1629,0.00152202,32.471567,0.910859,32.471567,0.910859,1629,1
1630,0.00152255,32.472649,0.910869,32.472649,0.910869,1630,1
1631,0.00152177,32.472982,0.910882,32.472982,0.910882,1631,1
1632,0.0015219,32.472102,0.910895,32.472982,0.910895,1631,0
1633,0.00152163,32.47515,0.910904,32.47515,0.910904,1633,1
1634,0.0015212,32.474142,0.910915,32.47515,0.910915,1633,0
1635,0.00152264,32.477778,0.910927,32.477778,0.910927,1635,1
1636,0.00152204,32.47725,0.910939,32.477778,0.910939,1635,0
1637,0.00152049,32.478162,0.91095,32.478162,0.91095,1637,1
1638,0.00152039,32.477596,0.910961,32.478162,0.910961,1637,0
1639,0.00152021,32.480013,0.910971,32.480013,0.910971,1639,1
1640,0.0015208,32.479086,0.910983,32.480013,0.910983,1639,0
1641,0.00151897,32.480581,0.910995,32.480581,0.910995,1641,1
1642,0.00151894,32.482247,0.911003,32.482247,0.911003,1642,1
1643,0.00151983,32.483525,0.911017,32.483525,0.911017,1643,1
1644,0.00151762,32.482688,0.911032,32.483525,0.911032,1643,0
1645,0.00151821,32.484309,0.911044,32.484309,0.911044,1645,1
1646,0.00151806,32.485171,0.911057,32.485171,0.911057,1646,1
1647,0.00151806,32.486512,0.911067,32.486512,0.911067,1647,1
1648,0.001518,32.486515,0.911079,32.486515,0.911079,1648,1
1649,0.00151836,32.487516,0.911093,32.487516,0.911093,1649,1
1650,0.00151929,32.487434,0.911103,32.487516,0.911103,1649,0
1651,0.00151784,32.488514,0.911115,32.488514,0.911115,1651,1
1652,0.00151644,32.490504,0.911122,32.490504,0.911122,1652,1
1653,0.0015148,32.492126,0.911135,32.492126,0.911135,1653,1
1654,0.00151633,32.491213,0.91115,32.492126,0.91115,1653,0
1655,0.00151809,32.49467,0.911157,32.49467,0.911157,1655,1
1656,0.00151427,32.492766,0.911169,32.49467,0.911169,1655,0
1657,0.00151777,32.494788,0.911185,32.494788,0.911185,1657,1
1658,0.00151635,32.494773,0.911195,32.494788,0.911195,1657,0
1659,0.00151606,32.495243,0.911207,32.495243,0.911207,1659,1
1660,0.00151602,32.496034,0.911219,32.496034,0.911219,1660,1
1661,0.00151489,32.495858,0.91123,32.496034,0.91123,1660,0
1662,0.00151458,32.498087,0.911239,32.498087,0.911239,1662,1
1663,0.00151428,32.500049,0.911248,32.500049,0.911248,1663,1
1664,0.00151518,32.499229,0.911259,32.500049,0.911259,1663,0
1665,0.00151271,32.499635,0.911271,32.500049,0.911271,1663,0
1666,0.00151366,32.502887,0.911285,32.502887,0.911285,1666,1
1667,0.00151474,32.502709,0.911297,32.502887,0.911297,1666,0
1668,0.00151353,32.502145,0.911306,32.502887,0.911306,1666,0
1669,0.00151357,32.503639,0.911322,32.503639,0.911322,1669,1
1670,0.00151345,32.505234,0.911333,32.505234,0.911333,1670,1
1671,0.00151427,32.506072,0.911345,32.506072,0.911345,1671,1
1672,0.00151404,32.505183,0.911357,32.506072,0.911357,1671,0
1673,0.00151164,32.507402,0.911366,32.507402,0.911366,1673,1
1674,0.00151185,32.508411,0.911378,32.508411,0.911378,1674,1
1675,0.00151204,32.507426,0.911394,32.508411,0.911394,1674,0
1676,0.00151119,32.509847,0.9114,32.509847,0.9114,1676,1
1677,0.00151072,32.510005,0.911413,32.510005,0.911413,1677,1
1678,0.00151104,32.509306,0.911429,32.510005,0.911429,1677,0
1679,0.00150975,32.512638,0.911438,32.512638,0.911438,1679,1
1680,0.00151031,32.513164,0.911449,32.513164,0.911449,1680,1
1681,0.00150888,32.512853,0.911461,32.513164,0.911461,1680,0
1682,0.00151011,32.512709,0.911474,32.513164,0.911474,1680,0
1683,0.00151041,32.51434,0.911483,32.51434,0.911483,1683,1
1684,0.00151076,32.516004,0.911493,32.516004,0.911493,1684,1
1685,0.00150986,32.517249,0.911507,32.517249,0.911507,1685,1
1686,0.00150998,32.518278,0.911517,32.518278,0.911517,1686,1
1687,0.0015092,32.51817,0.911528,32.518278,0.911528,1686,0
1688,0.00150912,32.518391,0.911538,32.518391,0.911538,1688,1
1689,0.00150672,32.520669,0.91155,32.520669,0.91155,1689,1
1690,0.00150903,32.521357,0.91156,32.521357,0.91156,1690,1
1691,0.00150765,32.520765,0.911571,32.521357,0.911571,1690,0
1692,0.00150832,32.52231,0.911579,32.52231,0.911579,1692,1
1693,0.00150614,32.523542,0.911593,32.523542,0.911593,1693,1
1694,0.00150645,32.522998,0.911605,32.523542,0.911605,1693,0
1695,0.00150596,32.522747,0.911617,32.523542,0.911617,1693,0
1696,0.0015076,32.525024,0.911628,32.525024,0.911628,1696,1
1697,0.00150708,32.525507,0.911639,32.525507,0.911639,1697,1
1698,0.0015069,32.526889,0.911649,32.526889,0.911649,1698,1
1699,0.00150626,32.527761,0.911663,32.527761,0.911663,1699,1
1700,0.00150643,32.52728,0.911673,32.527761,0.911673,1699,0
1701,0.00150551,32.530572,0.911683,32.530572,0.911683,1701,1
1702,0.00150506,32.529577,0.911699,32.530572,0.911699,1701,0
1703,0.00150439,32.529983,0.911711,32.530572,0.911711,1701,0
1704,0.00150604,32.530596,0.911722,32.530596,0.911722,1704,1
1705,0.00150435,32.531867,0.911734,32.531867,0.911734,1705,1
1706,0.00150505,32.533751,0.911741,32.533751,0.911741,1706,1
1707,0.00150363,32.534313,0.911752,32.534313,0.911752,1707,1
1708,0.0015044,32.535237,0.911765,32.535237,0.911765,1708,1
1709,0.00150491,32.536982,0.911772,32.536982,0.911772,1709,1
1710,0.00150381,32.536464,0.911786,32.536982,0.911786,1709,0
1711,0.00150288,32.537316,0.911798,32.537316,0.911798,1711,1
1712,0.00150251,32.537014,0.911811,32.537316,0.911811,1711,0
1713,0.00150409,32.538058,0.911817,32.538058,0.911817,1713,1
1714,0.00150406,32.540351,0.911824,32.540351,0.911824,1714,1
1715,0.00150413,32.539892,0.911842,32.540351,0.911842,1714,0
1716,0.00150354,32.54108,0.911848,32.54108,0.911848,1716,1
1717,0.00150186,32.541585,0.911861,32.541585,0.911861,1717,1
1718,0.00150131,32.541686,0.911871,32.541686,0.911871,1718,1
1719,0.00150105,32.542647,0.91188,32.542647,0.91188,1719,1
1720,0.00150137,32.543349,0.911889,32.543349,0.911889,1720,1
1721,0.00150256,32.54515,0.911898,32.54515,0.911898,1721,1
1722,0.00150001,32.545334,0.91191,32.545334,0.91191,1722,1
1723,0.00150042,32.546391,0.911924,32.546391,0.911924,1723,1
1724,0.00150012,32.546009,0.911937,32.546391,0.911937,1723,0
1725,0.00149971,32.548781,0.911947,32.548781,0.911947,1725,1
1726,0.00150057,32.549181,0.911958,32.549181,0.911958,1726,1
1727,0.00150026,32.550981,0.911968,32.550981,0.911968,1727,1
1728,0.00150041,32.551881,0.911979,32.551881,0.911979,1728,1
1729,0.0015004,32.550999,0.911994,32.551881,0.911994,1728,0
1730,0.00149836,32.553623,0.912,32.553623,0.912,1730,1
1731,0.00149937,32.553567,0.912013,32.553623,0.912013,1730,0
1732,0.0014999,32.553506,0.912024,32.553623,0.912024,1730,0
1733,0.00149776,32.555255,0.912039,32.555255,0.912039,1733,1
1734,0.0014965,32.557229,0.912048,32.557229,0.912048,1734,1
1735,0.00149815,32.556953,0.912056,32.557229,0.912056,1734,0
1736,0.00149756,32.557754,0.912066,32.557754,0.912066,1736,1
1737,0.00149846,32.559689,0.912078,32.559689,0.912078,1737,1
1738,0.00149858,32.560733,0.91209,32.560733,0.91209,1738,1
1739,0.00149623,32.560804,0.912101,32.560804,0.912101,1739,1
1740,0.00149604,32.561213,0.912113,32.561213,0.912113,1740,1
1741,0.00149618,32.563213,0.912122,32.563213,0.912122,1741,1
1742,0.00149559,32.561869,0.912134,32.563213,0.912134,1741,0
1743,0.00149405,32.562862,0.912145,32.563213,0.912145,1741,0
1744,0.00149634,32.565134,0.912152,32.565134,0.912152,1744,1
1745,0.00149477,32.564076,0.912164,32.565134,0.912164,1744,0
1746,0.00149681,32.566803,0.912168,32.566803,0.912168,1746,1
1747,0.00149548,32.567078,0.912183,32.567078,0.912183,1747,1
1748,0.00149379,32.565571,0.912196,32.567078,0.912196,1747,0
1749,0.00149193,32.566246,0.912206,32.567078,0.912206,1747,0
1750,0.00149354,32.568492,0.912214,32.568492,0.912214,1750,1
1751,0.00149414,32.569639,0.912223,32.569639,0.912223,1751,1
1752,0.00149432,32.569861,0.912239,32.569861,0.912239,1752,1
1753,0.00149241,32.56983,0.912252,32.569861,0.912252,1752,0
1754,0.00149387,32.570829,0.91226,32.570829,0.91226,1754,1
1755,0.00149188,32.57216,0.91227,32.57216,0.91227,1755,1
1756,0.00149317,32.574117,0.912281,32.574117,0.912281,1756,1
1757,0.0014919,32.574304,0.912291,32.574304,0.912291,1757,1
1758,0.00149067,32.576092,0.912304,32.576092,0.912304,1758,1
1759,0.00149205,32.576137,0.912313,32.576137,0.912313,1759,1
1760,0.00149451,32.575779,0.912323,32.576137,0.912323,1759,0
1761,0.00149052,32.57808,0.912333,32.57808,0.912333,1761,1
1762,0.00149166,32.576395,0.912346,32.57808,0.912346,1761,0
1763,0.00149175,32.578308,0.912354,32.578308,0.912354,1763,1
1764,0.00149152,32.5784,0.912366,32.5784,0.912366,1764,1
1765,0.00149108,32.580511,0.912373,32.580511,0.912373,1765,1
1766,0.00149152,32.581525,0.912386,32.581525,0.912386,1766,1
1767,0.00149101,32.583731,0.912396,32.583731,0.912396,1767,1
1768,0.00149036,32.58301,0.912404,32.583731,0.912404,1767,0
1769,0.0014914,32.583511,0.912415,32.583731,0.912415,1767,0
1770,0.00149001,32.584973,0.912425,32.584973,0.912425,1770,1
1771,0.00148888,32.584756,0.912434,32.584973,0.912434,1770,0
1772,0.00148958,32.586119,0.912447,32.586119,0.912447,1772,1
1773,0.00148781,32.586589,0.912453,32.586589,0.912453,1773,1
1774,0.00148839,32.586245,0.912465,32.586589,0.912465,1773,0
1775,0.00148819,32.588173,0.912475,32.588173,0.912475,1775,1
1776,0.00148733,32.590127,0.912488,32.590127,0.912488,1776,1
1777,0.00148628,32.589845,0.9125,32.590127,0.9125,1776,0
1778,0.00148805,32.59134,0.912509,32.59134,0.912509,1778,1
1779,0.00148754,32.591259,0.912518,32.59134,0.912518,1778,0
1780,0.00148681,32.591437,0.912532,32.591437,0.912532,1780,1
1781,0.00148654,32.591612,0.912546,32.591612,0.912546,1781,1
1782,0.00148747,32.592811,0.912552,32.592811,0.912552,1782,1
1783,0.00148641,32.593971,0.912566,32.593971,0.912566,1783,1
1784,0.00148517,32.594895,0.912574,32.594895,0.912574,1784,1
1785,0.00148813,32.595619,0.912587,32.595619,0.912587,1785,1
1786,0.0014857,32.595315,0.912596,32.595619,0.912596,1785,0
1787,0.00148496,32.596629,0.912606,32.596629,0.912606,1787,1
1788,0.00148799,32.596768,0.912617,32.596768,0.912617,1788,1
1789,0.0014845,32.598775,0.912627,32.598775,0.912627,1789,1
1790,0.00148556,32.599061,0.912639,32.599061,0.912639,1790,1
1791,0.00148604,32.600001,0.91265,32.600001,0.91265,1791,1
1792,0.00148275,32.600251,0.912658,32.600251,0.912658,1792,1
1793,0.00148421,32.601455,0.91267,32.601455,0.91267,1793,1
1794,0.00148604,32.603674,0.912679,32.603674,0.912679,1794,1
1795,0.00148505,32.602349,0.912687,32.603674,0.912687,1794,0
1796,0.00148338,32.602255,0.912699,32.603674,0.912699,1794,0
1797,0.00148512,32.604732,0.912712,32.604732,0.912712,1797,1
1798,0.00148376,32.604804,0.912722,32.604804,0.912722,1798,1
1799,0.00148314,32.606377,0.912729,32.606377,0.912729,1799,1
1800,0.00148363,32.606017,0.91274,32.606377,0.91274,1799,0
1801,0.00148315,32.60763,0.912748,32.60763,0.912748,1801,1
1802,0.00148295,32.607621,0.912761,32.60763,0.912761,1801,0
1803,0.00148218,32.608286,0.91277,32.608286,0.91277,1803,1
1804,0.00148108,32.610389,0.912779,32.610389,0.912779,1804,1
1805,0.00148131,32.609377,0.912788,32.610389,0.912788,1804,0
1806,0.00148102,32.610942,0.912801,32.610942,0.912801,1806,1
1807,0.00147994,32.610942,0.912813,32.610942,0.912813,1807,1
1808,0.00148203,32.612708,0.912823,32.612708,0.912823,1808,1
1809,0.00148194,32.613552,0.912832,32.613552,0.912832,1809,1
1810,0.0014828,32.614052,0.912844,32.614052,0.912844,1810,1
1811,0.00147818,32.615029,0.912853,32.615029,0.912853,1811,1
1812,0.00147912,32.614648,0.912864,32.615029,0.912864,1811,0
1813,0.0014815,32.617377,0.912875,32.617377,0.912875,1813,1
1814,0.00148058,32.617975,0.912885,32.617975,0.912885,1814,1
1815,0.00148046,32.617051,0.912896,32.617975,0.912896,1814,0
1816,0.00147754,32.620216,0.912918,32.620216,0.912918,1816,1
1817,0.00147929,32.620934,0.912925,32.620934,0.912925,1817,1
1818,0.00147953,32.619621,0.912938,32.620934,0.912938,1817,0
1819,0.00148022,32.62197,0.912948,32.62197,0.912948,1819,1
1820,0.00148069,32.622867,0.912958,32.622867,0.912958,1820,1
1821,0.00147929,32.623602,0.912969,32.623602,0.912969,1821,1
1822,0.00147895,32.623457,0.912979,32.623602,0.912979,1821,0
1823,0.00147956,32.624786,0.912985,32.624786,0.912985,1823,1
1824,0.00147842,32.625249,0.913,32.625249,0.913,1824,1
1825,0.0014778,32.626538,0.913007,32.626538,0.913007,1825,1
1826,0.00147765,32.628311,0.913017,32.628311,0.913017,1826,1
1827,0.00147769,32.628565,0.913028,32.628565,0.913028,1827,1
1828,0.00147713,32.628504,0.91304,32.628565,0.91304,1827,0
1829,0.00147724,32.629332,0.913047,32.629332,0.913047,1829,1
1830,0.00147657,32.629574,0.913057,32.629574,0.913057,1830,1
1831,0.00147382,32.632537,0.913068,32.632537,0.913068,1831,1
1832,0.00147636,32.63346,0.913078,32.63346,0.913078,1832,1
1833,0.00147558,32.633237,0.913084,32.63346,0.913084,1832,0
1834,0.00147482,32.633275,0.913095,32.63346,0.913095,1832,0
1835,0.00147713,32.632391,0.913106,32.63346,0.913106,1832,0
1836,0.00147548,32.635426,0.913112,32.635426,0.913112,1836,1
1837,0.00147546,32.635706,0.913126,32.635706,0.913126,1837,1
1838,0.00147277,32.637392,0.913132,32.637392,0.913132,1838,1
1839,0.00147407,32.63772,0.913143,32.63772,0.913143,1839,1
1840,0.00147275,32.638381,0.913153,32.638381,0.913153,1840,1
1841,0.00147385,32.639234,0.913164,32.639234,0.913164,1841,1
1842,0.00147336,32.63941,0.913177,32.63941,0.913177,1842,1
1843,0.00147427,32.640067,0.913186,32.640067,0.913186,1843,1
1844,0.00147468,32.641899,0.913192,32.641899,0.913192,1844,1
1845,0.0014737,32.644316,0.913201,32.644316,0.913201,1845,1
1846,0.00147338,32.644327,0.913209,32.644327,0.913209,1846,1
1847,0.00147413,32.644547,0.913222,32.644547,0.913222,1847,1
1848,0.00147382,32.645468,0.913235,32.645468,0.913235,1848,1
1849,0.00147161,32.645493,0.913243,32.645493,0.913243,1849,1
1850,0.001471,32.647152,0.913253,32.647152,0.913253,1850,1
1851,0.00147179,32.646442,0.913263,32.647152,0.913263,1850,0
1852,0.00147116,32.648489,0.913274,32.648489,0.913274,1852,1
1853,0.00147263,32.648838,0.913284,32.648838,0.913284,1853,1
1854,0.00147143,32.648953,0.913292,32.648953,0.913292,1854,1
1855,0.00147182,32.650226,0.9133,32.650226,0.9133,1855,1
1856,0.00147138,32.650113,0.913308,32.650226,0.913308,1855,0
1857,0.00147258,32.65105,0.913318,32.65105,0.913318,1857,1
1858,0.00147169,32.652169,0.913332,32.652169,0.913332,1858,1
1859,0.0014696,32.653459,0.913343,32.653459,0.913343,1859,1
1860,0.00146949,32.653778,0.913352,32.653778,0.913352,1860,1
1861,0.00147133,32.653979,0.913359,32.653979,0.913359,1861,1
1862,0.00147037,32.654044,0.913369,32.654044,0.913369,1862,1
1863,0.00146763,32.655262,0.913383,32.655262,0.913383,1863,1
1864,0.00146981,32.657198,0.913391,32.657198,0.913391,1864,1
1865,0.00147012,32.657291,0.9134,32.657291,0.9134,1865,1
1866,0.00146989,32.658916,0.913412,32.658916,0.913412,1866,1
1867,0.0014692,32.657952,0.913421,32.658916,0.913421,1866,0
1868,0.00146862,32.660904,0.913425,32.660904,0.913425,1868,1
1869,0.00146966,32.659709,0.913436,32.660904,0.913436,1868,0
1870,0.00146832,32.659274,0.913447,32.660904,0.913447,1868,0
1871,0.00146799,32.660804,0.913455,32.660904,0.913455,1868,0
1872,0.00146616,32.663397,0.913466,32.663397,0.913466,1872,1
1873,0.00146819,32.662668,0.913478,32.663397,0.913478,1872,0
1874,0.00146769,32.663877,0.913488,32.663877,0.913488,1874,1
1875,0.00146637,32.66487,0.913497,32.66487,0.913497,1875,1
1876,0.00146686,32.664825,0.913509,32.66487,0.913509,1875,0
1877,0.00146675,32.666128,0.913517,32.666128,0.913517,1877,1
1878,0.00146778,32.668329,0.913532,32.668329,0.913532,1878,1
1879,0.00146571,32.669778,0.913539,32.669778,0.913539,1879,1
1880,0.00146783,32.669346,0.913549,32.669778,0.913549,1879,0
1881,0.00146542,32.669538,0.91356,32.669778,0.91356,1879,0
1882,0.00146719,32.67025,0.913567,32.67025,0.913567,1882,1
1883,0.00146625,32.671525,0.913577,32.671525,0.913577,1883,1
1884,0.00146516,32.671595,0.913585,32.671595,0.913585,1884,1
1885,0.00146537,32.671069,0.913599,32.671595,0.913599,1884,0
1886,0.00146559,32.67235,0.913607,32.67235,0.913607,1886,1
1887,0.00146611,32.67394,0.913617,32.67394,0.913617,1887,1
1888,0.00146456,32.676229,0.913624,32.676229,0.913624,1888,1
1889,0.00146419,32.674377,0.913638,32.676229,0.913638,1888,0
1890,0.0014643,32.676361,0.913646,32.676361,0.913646,1890,1
1891,0.00146321,32.677793,0.913655,32.677793,0.913655,1891,1
1892,0.00146439,32.678295,0.913664,32.678295,0.913664,1892,1
1893,0.00146234,32.678431,0.913678,32.678431,0.913678,1893,1
1894,0.00146376,32.679437,0.91369,32.679437,0.91369,1894,1
1895,0.00146395,32.679356,0.913698,32.679437,0.913698,1894,0
1896,0.00146154,32.681763,0.913703,32.681763,0.913703,1896,1
1897,0.00146215,32.680642,0.913714,32.681763,0.913714,1896,0
1898,0.00146259,32.682561,0.913723,32.682561,0.913723,1898,1
1899,0.00146204,32.682216,0.913736,32.682561,0.913736,1898,0
1900,0.00146314,32.684006,0.913739,32.684006,0.913739,1900,1
1901,0.00146197,32.684679,0.913749,32.684679,0.913749,1901,1
1902,0.00146239,32.6857,0.91376,32.6857,0.91376,1902,1
1903,0.00146107,32.683855,0.913772,32.6857,0.913772,1902,0
1904,0.00146144,32.685214,0.913782,32.6857,0.913782,1902,0
1905,0.00146176,32.687953,0.91379,32.687953,0.91379,1905,1
1906,0.00146038,32.687971,0.9138,32.687971,0.9138,1906,1
1907,0.00146167,32.68731,0.913812,32.687971,0.913812,1906,0
1908,0.00146033,32.688251,0.913821,32.688251,0.913821,1908,1
1909,0.00146048,32.689986,0.913827,32.689986,0.913827,1909,1
1910,0.00145914,32.689105,0.913839,32.689986,0.913839,1909,0
1911,0.001458,32.691788,0.913857,32.691788,0.913857,1911,1
1912,0.00145782,32.690583,0.913856,32.691788,0.913857,1911,0
1913,0.00145932,32.69149,0.913866,32.691788,0.913866,1911,0
1914,0.00145954,32.690534,0.913879,32.691788,0.913879,1911,0
1915,0.00145761,32.696256,0.913897,32.696256,0.913897,1915,1
1916,0.00145852,32.696561,0.913907,32.696561,0.913907,1916,1
1917,0.00145941,32.696209,0.913916,32.696561,0.913916,1916,0
1918,0.00145623,32.696866,0.913928,32.696866,0.913928,1918,1
1919,0.00145923,32.697388,0.913939,32.697388,0.913939,1919,1
1920,0.00145727,32.697077,0.913948,32.697388,0.913948,1919,0
1921,0.0014593,32.700065,0.913953,32.700065,0.913953,1921,1
1922,0.00145783,32.699083,0.913966,32.700065,0.913966,1921,0
1923,0.00145742,32.700244,0.913975,32.700244,0.913975,1923,1
1924,0.00145895,32.701781,0.913984,32.701781,0.913984,1924,1
1925,0.00145728,32.702471,0.913995,32.702471,0.913995,1925,1
1926,0.00145773,32.701821,0.914004,32.702471,0.914004,1925,0
1927,0.00145776,32.702971,0.914014,32.702971,0.914014,1927,1
1928,0.00145685,32.704452,0.914021,32.704452,0.914021,1928,1
1929,0.00145678,32.704012,0.914032,32.704452,0.914032,1928,0
1930,0.00145549,32.704377,0.914039,32.704452,0.914039,1928,0
1931,0.00145605,32.705964,0.914052,32.705964,0.914052,1931,1
1932,0.00145657,32.707319,0.914057,32.707319,0.914057,1932,1
1933,0.00145633,32.706955,0.914069,32.707319,0.914069,1932,0
1934,0.00145524,32.707721,0.914074,32.707721,0.914074,1934,1
1935,0.00145461,32.708721,0.914084,32.708721,0.914084,1935,1
1936,0.00145451,32.709335,0.914092,32.709335,0.914092,1936,1
1937,0.00145493,32.708654,0.914105,32.709335,0.914105,1936,0
1938,0.00145462,32.710264,0.914113,32.710264,0.914113,1938,1
1939,0.0014542,32.711672,0.914118,32.711672,0.914118,1939,1
1940,0.00145601,32.711913,0.91413,32.711913,0.91413,1940,1
1941,0.001454,32.712147,0.914142,32.712147,0.914142,1941,1
1942,0.00145216,32.71408,0.91415,32.71408,0.91415,1942,1
1943,0.00145234,32.712954,0.91416,32.71408,0.91416,1942,0
1944,0.00145484,32.714283,0.91417,32.714283,0.91417,1944,1
1945,0.00145387,32.715593,0.914179,32.715593,0.914179,1945,1
1946,0.00145231,32.715253,0.91419,32.715593,0.91419,1945,0
1947,0.00145183,32.715988,0.914198,32.715988,0.914198,1947,1
1948,0.00145295,32.719397,0.914208,32.719397,0.914208,1948,1
1949,0.00145249,32.718832,0.914215,32.719397,0.914215,1948,0
1950,0.00145164,32.718763,0.914226,32.719397,0.914226,1948,0
1951,0.00145302,32.719169,0.914237,32.719397,0.914237,1948,0
1952,0.00145238,32.720989,0.914242,32.720989,0.914242,1952,1
1953,0.00145321,32.721662,0.914254,32.721662,0.914254,1953,1
1954,0.00145096,32.721673,0.914264,32.721673,0.914264,1954,1
1955,0.00145237,32.723707,0.914273,32.723707,0.914273,1955,1
1956,0.00145271,32.724558,0.91428,32.724558,0.91428,1956,1
1957,0.00145209,32.725251,0.914291,32.725251,0.914291,1957,1
1958,0.00145099,32.726622,0.914297,32.726622,0.914297,1958,1
1959,0.00145145,32.724614,0.91431,32.726622,0.91431,1958,0
1960,0.00145117,32.727282,0.914317,32.727282,0.914317,1960,1
1961,0.00144997,32.728315,0.914329,32.728315,0.914329,1961,1
1962,0.00145118,32.728115,0.91434,32.728315,0.91434,1961,0
1963,0.00145136,32.727608,0.914349,32.728315,0.914349,1961,0
1964,0.00144953,32.729531,0.914359,32.729531,0.914359,1964,1
1965,0.00144881,32.729823,0.914367,32.729823,0.914367,1965,1
1966,0.00144909,32.731864,0.914375,32.731864,0.914375,1966,1
1967,0.00144994,32.73194,0.914383,32.73194,0.914383,1967,1
1968,0.00144907,32.731785,0.914395,32.73194,0.914395,1967,0
1969,0.00144943,32.733767,0.914401,32.733767,0.914401,1969,1
1970,0.00144763,32.734196,0.914414,32.734196,0.914414,1970,1
1971,0.00144794,32.735529,0.914418,32.735529,0.914418,1971,1
1972,0.00144794,32.735446,0.914427,32.735529,0.914427,1971,0
1973,0.00144914,32.735892,0.914436,32.735892,0.914436,1973,1
1974,0.0014481,32.737303,0.914443,32.737303,0.914443,1974,1
1975,0.00144717,32.737616,0.914454,32.737616,0.914454,1975,1
1976,0.00144531,32.737674,0.914468,32.737674,0.914468,1976,1
1977,0.00144719,32.738463,0.914475,32.738463,0.914475,1977,1
1978,0.00144726,32.73954,0.914482,32.73954,0.914482,1978,1
1979,0.00144469,32.740302,0.914493,32.740302,0.914493,1979,1
1980,0.00144528,32.74107,0.9145,32.74107,0.9145,1980,1
1981,0.00144511,32.740846,0.914513,32.74107,0.914513,1980,0
1982,0.00144458,32.742583,0.91452,32.742583,0.91452,1982,1
1983,0.00144544,32.742118,0.914528,32.742583,0.914528,1982,0
1984,0.00144585,32.743927,0.914538,32.743927,0.914538,1984,1
1985,0.00144462,32.745143,0.914544,32.745143,0.914544,1985,1
1986,0.00144589,32.744668,0.914556,32.745143,0.914556,1985,0
1987,0.00144424,32.744936,0.914565,32.745143,0.914565,1985,0
1988,0.00144454,32.7465,0.914572,32.7465,0.914572,1988,1
1989,0.00144382,32.746671,0.914582,32.746671,0.914582,1989,1
1990,0.00144419,32.748116,0.914587,32.748116,0.914587,1990,1
1991,0.00144267,32.750551,0.914597,32.750551,0.914597,1991,1
1992,0.00144346,32.748528,0.91461,32.750551,0.91461,1991,0
1993,0.00144478,32.749878,0.914615,32.750551,0.914615,1991,0
1994,0.0014413,32.75179,0.914622,32.75179,0.914622,1994,1
1995,0.0014425,32.751067,0.914633,32.75179,0.914633,1994,0
1996,0.00144345,32.75208,0.914637,32.75208,0.914637,1996,1
1997,0.00144279,32.752649,0.91465,32.752649,0.91465,1997,1
1998,0.00144289,32.752167,0.914664,32.752649,0.914664,1997,0
1999,0.00144273,32.753927,0.914669,32.753927,0.914669,1999,1
2000,0.0014418,32.755906,0.914675,32.755906,0.914675,2000,1
2001,0.00144218,32.756163,0.914688,32.756163,0.914688,2001,1
2002,0.00144119,32.756411,0.914697,32.756411,0.914697,2002,1
2003,0.00144278,32.756798,0.914705,32.756798,0.914705,2003,1
2004,0.00144137,32.757978,0.914713,32.757978,0.914713,2004,1
2005,0.0014421,32.758189,0.914723,32.758189,0.914723,2005,1
2006,0.00144142,32.759245,0.914733,32.759245,0.914733,2006,1
2007,0.00144159,32.759178,0.914742,32.759245,0.914742,2006,0
2008,0.00144206,32.760839,0.914754,32.760839,0.914754,2008,1
2009,0.00144118,32.760712,0.914758,32.760839,0.914758,2008,0
2010,0.00144,32.761769,0.914769,32.761769,0.914769,2010,1
2011,0.00144143,32.762157,0.914778,32.762157,0.914778,2011,1
2012,0.00143926,32.764122,0.914787,32.764122,0.914787,2012,1
2013,0.00144183,32.763456,0.914798,32.764122,0.914798,2012,0
2014,0.00143965,32.763799,0.914806,32.764122,0.914806,2012,0
2015,0.00144029,32.765916,0.914816,32.765916,0.914816,2015,1
2016,0.00143774,32.766847,0.914826,32.766847,0.914826,2016,1
2017,0.00144007,32.766413,0.914836,32.766847,0.914836,2016,0
2018,0.00143963,32.76686,0.914847,32.76686,0.914847,2018,1
2019,0.00143873,32.767334,0.914855,32.767334,0.914855,2019,1
2020,0.00144045,32.768609,0.914864,32.768609,0.914864,2020,1
2021,0.00143893,32.769712,0.91487,32.769712,0.91487,2021,1
2022,0.00143788,32.770532,0.914879,32.770532,0.914879,2022,1
2023,0.00143808,32.771522,0.914888,32.771522,0.914888,2023,1
2024,0.00143715,32.771239,0.914897,32.771522,0.914897,2023,0
2025,0.00143671,32.772398,0.914908,32.772398,0.914908,2025,1
2026,0.001439,32.774318,0.914912,32.774318,0.914912,2026,1
2027,0.00143564,32.774086,0.914924,32.774318,0.914924,2026,0
2028,0.0014382,32.775402,0.914931,32.775402,0.914931,2028,1
2029,0.00143589,32.775401,0.914939,32.775402,0.914939,2028,0
2030,0.00143581,32.775756,0.91495,32.775756,0.91495,2030,1
2031,0.00143561,32.776319,0.914956,32.776319,0.914956,2031,1
2032,0.00143697,32.776621,0.914965,32.776621,0.914965,2032,1
2033,0.00143629,32.777999,0.914972,32.777999,0.914972,2033,1
2034,0.0014367,32.77876,0.914982,32.77876,0.914982,2034,1
2035,0.00143658,32.779661,0.914992,32.779661,0.914992,2035,1
2036,0.00143573,32.78085,0.914999,32.78085,0.914999,2036,1
2037,0.00143703,32.781164,0.915008,32.781164,0.915008,2037,1
2038,0.00143233,32.780954,0.915017,32.781164,0.915017,2037,0
2039,0.00143524,32.782729,0.915025,32.782729,0.915025,2039,1
2040,0.00143666,32.783319,0.915034,32.783319,0.915034,2040,1
2041,0.00143324,32.78413,0.915044,32.78413,0.915044,2041,1
2042,0.00143396,32.784878,0.915054,32.784878,0.915054,2042,1
2043,0.00143462,32.786176,0.915061,32.786176,0.915061,2043,1
2044,0.00143524,32.785259,0.91507,32.786176,0.91507,2043,0
2045,0.00143255,32.78745,0.915079,32.78745,0.915079,2045,1
2046,0.00143366,32.787786,0.915084,32.787786,0.915084,2046,1
2047,0.00143411,32.788473,0.915093,32.788473,0.915093,2047,1
2048,0.00143271,32.789855,0.915101,32.789855,0.915101,2048,1
2049,0.0014349,32.789791,0.91511,32.789855,0.91511,2048,0
2050,0.00143209,32.789648,0.915117,32.789855,0.915117,2048,0
2051,0.00143448,32.790851,0.915129,32.790851,0.915129,2051,1
2052,0.00143207,32.792819,0.915133,32.792819,0.915133,2052,1
2053,0.0014314,32.792706,0.915145,32.792819,0.915145,2052,0
2054,0.00143279,32.794709,0.915147,32.794709,0.915147,2054,1
2055,0.00143089,32.794208,0.915162,32.794709,0.915162,2054,0
2056,0.00143268,32.795802,0.915167,32.795802,0.915167,2056,1
2057,0.00143351,32.795863,0.915178,32.795863,0.915178,2057,1
2058,0.00143123,32.796577,0.915184,32.796577,0.915184,2058,1
2059,0.00143095,32.797531,0.915193,32.797531,0.915193,2059,1
2060,0.00143108,32.79792,0.915203,32.79792,0.915203,2060,1
2061,0.00143064,32.79926,0.915208,32.79926,0.915208,2061,1
2062,0.00143201,32.79892,0.91522,32.79926,0.91522,2061,0
2063,0.00143128,32.79983,0.91523,32.79983,0.91523,2063,1
2064,0.00143047,32.800608,0.915241,32.800608,0.915241,2064,1
2065,0.00143038,32.801827,0.915247,32.801827,0.915247,2065,1
2066,0.00143133,32.801688,0.915256,32.801827,0.915256,2065,0
2067,0.00143019,32.802465,0.915264,32.802465,0.915264,2067,1
2068,0.00143003,32.803545,0.915253,32.803545,0.915264,2067,0
2069,0.00143052,32.803394,0.915262,32.803545,0.915264,2067,0
2070,0.00142975,32.803398,0.915272,32.803545,0.915272,2067,0
2071,0.00143014,32.805115,0.915281,32.805115,0.915281,2071,1
2072,0.00142861,32.805816,0.915288,32.805816,0.915288,2072,1
2073,0.00142912,32.805362,0.915298,32.805816,0.915298,2072,0
2074,0.0014295,32.807928,0.915304,32.807928,0.915304,2074,1
2075,0.00142781,32.80838,0.915314,32.80838,0.915314,2075,1
2076,0.00142739,32.808798,0.915326,32.808798,0.915326,2076,1
2077,0.00142796,32.809605,0.915332,32.809605,0.915332,2077,1
2078,0.0014282,32.809249,0.915341,32.809605,0.915341,2077,0
2079,0.00142695,32.810113,0.91535,32.810113,0.91535,2079,1
2080,0.00142738,32.809845,0.915359,32.810113,0.915359,2079,0
2081,0.00142849,32.811252,0.915365,32.811252,0.915365,2081,1
2082,0.00142704,32.811943,0.915372,32.811943,0.915372,2082,1
2083,0.00142618,32.812306,0.915379,32.812306,0.915379,2083,1
2084,0.00142581,32.813595,0.91539,32.813595,0.91539,2084,1
2085,0.00142647,32.814287,0.915399,32.814287,0.915399,2085,1
2086,0.00142725,32.815279,0.915409,32.815279,0.915409,2086,1
2087,0.00142743,32.815082,0.915417,32.815279,0.915417,2086,0
2088,0.00142705,32.817109,0.915424,32.817109,0.915424,2088,1
2089,0.001425,32.818069,0.91543,32.818069,0.91543,2089,1
2090,0.00142548,32.817378,0.915442,32.818069,0.915442,2089,0
2091,0.001426,32.81819,0.91545,32.81819,0.91545,2091,1
2092,0.00142435,32.81964,0.915459,32.81964,0.915459,2092,1
2093,0.00142443,32.819994,0.91547,32.819994,0.91547,2093,1
2094,0.00142639,32.820235,0.915478,32.820235,0.915478,2094,1
2095,0.00142612,32.820913,0.91549,32.820913,0.91549,2095,1
2096,0.00142544,32.82108,0.915495,32.82108,0.915495,2096,1
2097,0.00142563,32.821751,0.915507,32.821751,0.915507,2097,1
2098,0.00142612,32.822956,0.915508,32.822956,0.915508,2098,1
2099,0.00142434,32.823462,0.915518,32.823462,0.915518,2099,1
2100,0.00142199,32.824534,0.915525,32.824534,0.915525,2100,1
2101,0.00142442,32.825863,0.915535,32.825863,0.915535,2101,1
2102,0.0014231,32.825456,0.915544,32.825863,0.915544,2101,0
2103,0.00142443,32.826602,0.91555,32.826602,0.91555,2103,1
2104,0.00142194,32.825605,0.915562,32.826602,0.915562,2103,0
2105,0.00142419,32.827631,0.915568,32.827631,0.915568,2105,1
2106,0.00142394,32.828135,0.915573,32.828135,0.915573,2106,1
2107,0.00142355,32.827969,0.915584,32.828135,0.915584,2106,0
2108,0.00142231,32.829115,0.91559,32.829115,0.91559,2108,1
2109,0.00142303,32.830056,0.915595,32.830056,0.915595,2109,1
2110,0.00142417,32.831495,0.915602,32.831495,0.915602,2110,1
2111,0.00142149,32.830227,0.915616,32.831495,0.915616,2110,0
2112,0.0014221,32.831364,0.915621,32.831495,0.915621,2110,0
2113,0.00142322,32.832857,0.915628,32.832857,0.915628,2113,1
2114,0.00142294,32.832961,0.91564,32.832961,0.91564,2114,1
2115,0.00142169,32.833619,0.915648,32.833619,0.915648,2115,1
2116,0.00142082,32.835212,0.915655,32.835212,0.915655,2116,1
2117,0.00142094,32.835627,0.915666,32.835627,0.915666,2117,1
2118,0.00142169,32.835712,0.915676,32.835712,0.915676,2118,1
2119,0.00142156,32.836187,0.915682,32.836187,0.915682,2119,1
2120,0.0014199,32.837177,0.915691,32.837177,0.915691,2120,1
2121,0.00142084,32.837694,0.915702,32.837694,0.915702,2121,1
2122,0.0014203,32.837852,0.915714,32.837852,0.915714,2122,1
2123,0.00142047,32.839716,0.915714,32.839716,0.915714,2123,1
2124,0.00141994,32.838758,0.91573,32.839716,0.91573,2123,0
2125,0.0014218,32.840316,0.915734,32.840316,0.915734,2125,1
2126,0.00142004,32.841042,0.915746,32.841042,0.915746,2126,1
2127,0.00141946,32.842745,0.915748,32.842745,0.915748,2127,1
2128,0.00142108,32.842279,0.915762,32.842745,0.915762,2127,0
2129,0.00141836,32.843233,0.915767,32.843233,0.915767,2129,1
2130,0.00142036,32.843051,0.915784,32.843233,0.915784,2129,0
2131,0.00141915,32.844745,0.915782,32.844745,0.915784,2129,0
2132,0.00141548,32.844607,0.915794,32.844745,0.915794,2129,0
2133,0.00141764,32.846242,0.915797,32.846242,0.915797,2133,1
2134,0.00141808,32.847331,0.915809,32.847331,0.915809,2134,1
2135,0.00141813,32.847068,0.915816,32.847331,0.915816,2134,0
2136,0.00141692,32.847299,0.915828,32.847331,0.915828,2134,0
2137,0.00141772,32.848202,0.915839,32.848202,0.915839,2137,1
2138,0.00141632,32.848091,0.915845,32.848202,0.915845,2137,0
2139,0.00141672,32.849865,0.915851,32.849865,0.915851,2139,1
2140,0.00141756,32.851342,0.915855,32.851342,0.915855,2140,1
2141,0.00141558,32.851558,0.915865,32.851558,0.915865,2141,1
2142,0.00141659,32.852189,0.915874,32.852189,0.915874,2142,1
2143,0.00141618,32.853395,0.915881,32.853395,0.915881,2143,1
2144,0.00141603,32.852567,0.915892,32.853395,0.915892,2143,0
2145,0.00141649,32.853844,0.915901,32.853844,0.915901,2145,1
2146,0.00141724,32.85398,0.915909,32.85398,0.915909,2146,1
2147,0.0014158,32.855354,0.915914,32.855354,0.915914,2147,1
2148,0.00141641,32.856815,0.915922,32.856815,0.915922,2148,1
2149,0.001415,32.85752,0.915929,32.85752,0.915929,2149,1
2150,0.00141236,32.857571,0.915938,32.857571,0.915938,2150,1
2151,0.00141401,32.857196,0.915949,32.857571,0.915949,2150,0
2152,0.00141475,32.858751,0.915957,32.858751,0.915957,2152,1
2153,0.00141451,32.859729,0.915961,32.859729,0.915961,2153,1
2154,0.00141582,32.858998,0.915968,32.859729,0.915968,2153,0
2155,0.00141569,32.861393,0.915976,32.861393,0.915976,2155,1
2156,0.00141471,32.860684,0.915987,32.861393,0.915987,2155,0
2157,0.00141451,32.862176,0.915995,32.862176,0.915995,2157,1
2158,0.00141443,32.863801,0.916006,32.863801,0.916006,2158,1
2159,0.00141423,32.862959,0.916011,32.863801,0.916011,2158,0
2160,0.00141321,32.864594,0.916018,32.864594,0.916018,2160,1
2161,0.0014149,32.864203,0.916029,32.864594,0.916029,2160,0
2162,0.00141159,32.865163,0.916038,32.865163,0.916038,2162,1
2163,0.00141333,32.865864,0.916046,32.865864,0.916046,2163,1
2164,0.00141228,32.867545,0.916055,32.867545,0.916055,2164,1
2165,0.0014121,32.866242,0.916067,32.867545,0.916067,2164,0
2166,0.00141444,32.867942,0.916069,32.867942,0.916069,2166,1
2167,0.00141388,32.8683,0.916079,32.8683,0.916079,2167,1
2168,0.00141212,32.868594,0.91609,32.868594,0.91609,2168,1
2169,0.00141149,32.868747,0.916097,32.868747,0.916097,2169,1
2170,0.00141286,32.871084,0.916102,32.871084,0.916102,2170,1
2171,0.00141369,32.870518,0.916109,32.871084,0.916109,2170,0
2172,0.00141188,32.872385,0.916112,32.872385,0.916112,2172,1
2173,0.00141103,32.872876,0.916119,32.872876,0.916119,2173,1
2174,0.0014116,32.872324,0.91613,32.872876,0.91613,2173,0
2175,0.0014118,32.874572,0.916136,32.874572,0.916136,2175,1
2176,0.00141043,32.874533,0.916146,32.874572,0.916146,2175,0
2177,0.00141184,32.875435,0.916154,32.875435,0.916154,2177,1
2178,0.00141044,32.874757,0.916165,32.875435,0.916165,2177,0
2179,0.00141035,32.876682,0.916167,32.876682,0.916167,2179,1
2180,0.00141136,32.877121,0.916176,32.877121,0.916176,2180,1
2181,0.00141071,32.877566,0.91618,32.877566,0.91618,2181,1
2182,0.00140926,32.878165,0.916188,32.878165,0.916188,2182,1
2183,0.00140987,32.878694,0.916194,32.878694,0.916194,2183,1
2184,0.0014087,32.88031,0.916208,32.88031,0.916208,2184,1
2185,0.00140933,32.880312,0.916216,32.880312,0.916216,2185,1
2186,0.00141048,32.880013,0.916228,32.880312,0.916228,2185,0
2187,0.00140818,32.880223,0.916241,32.880312,0.916241,2185,0
2188,0.00140805,32.881408,0.916246,32.881408,0.916246,2188,1
2189,0.00140895,32.882057,0.916255,32.882057,0.916255,2189,1
2190,0.00140856,32.882835,0.916264,32.882835,0.916264,2190,1
2191,0.00140722,32.883308,0.916268,32.883308,0.916268,2191,1
2192,0.00140823,32.884185,0.916274,32.884185,0.916274,2192,1
2193,0.00140891,32.884409,0.916284,32.884409,0.916284,2193,1
2194,0.00140932,32.884714,0.916293,32.884714,0.916293,2194,1
2195,0.00140847,32.886161,0.916297,32.886161,0.916297,2195,1
2196,0.00140627,32.887804,0.9163,32.887804,0.9163,2196,1
2197,0.0014078,32.88696,0.916314,32.887804,0.916314,2196,0
2198,0.00140913,32.887649,0.916321,32.887804,0.916321,2196,0
2199,0.00140867,32.888112,0.91633,32.888112,0.91633,2199,1
2200,0.00140804,32.88864,0.916338,32.88864,0.916338,2200,1
2201,0.0014069,32.889601,0.916347,32.889601,0.916347,2201,1
2202,0.00140676,32.890373,0.916353,32.890373,0.916353,2202,1
2203,0.00140666,32.891758,0.916359,32.891758,0.916359,2203,1
2204,0.00140768,32.891351,0.916367,32.891758,0.916367,2203,0
2205,0.00140741,32.892025,0.916377,32.892025,0.916377,2205,1
2206,0.00140583,32.892836,0.916383,32.892836,0.916383,2206,1
2207,0.00140513,32.893179,0.916393,32.893179,0.916393,2207,1
2208,0.00140595,32.894905,0.9164,32.894905,0.9164,2208,1
2209,0.00140759,32.893945,0.91641,32.894905,0.91641,2208,0
2210,0.00140481,32.895817,0.916413,32.895817,0.916413,2210,1
2211,0.0014056,32.896377,0.916421,32.896377,0.916421,2211,1
2212,0.0014068,32.896712,0.916432,32.896712,0.916432,2212,1
2213,0.00140424,32.897612,0.916439,32.897612,0.916439,2213,1
2214,0.00140527,32.897901,0.916448,32.897901,0.916448,2214,1
2215,0.00140425,32.897929,0.916457,32.897929,0.916457,2215,1
2216,0.00140478,32.898801,0.916465,32.898801,0.916465,2216,1
2217,0.0014045,32.900239,0.916467,32.900239,0.916467,2217,1
2218,0.00140541,32.899892,0.916477,32.900239,0.916477,2217,0
2219,0.00140456,32.900755,0.916486,32.900755,0.916486,2219,1
2220,0.00140376,32.902067,0.916493,32.902067,0.916493,2220,1
2221,0.00140432,32.901448,0.916502,32.902067,0.916502,2220,0
2222,0.0014034,32.902379,0.916508,32.902379,0.916508,2222,1
2223,0.00140196,32.903814,0.916515,32.903814,0.916515,2223,1
2224,0.00140277,32.903883,0.916522,32.903883,0.916522,2224,1
2225,0.00140316,32.90459,0.916531,32.90459,0.916531,2225,1
2226,0.00140258,32.904801,0.916538,32.904801,0.916538,2226,1
2227,0.00140377,32.906951,0.91654,32.906951,0.91654,2227,1
2228,0.00140371,32.906764,0.916552,32.906951,0.916552,2227,0
2229,0.00140422,32.907564,0.916556,32.907564,0.916556,2229,1
2230,0.0014018,32.90804,0.916566,32.90804,0.916566,2230,1
2231,0.0014012,32.909148,0.916573,32.909148,0.916573,2231,1
2232,0.00140234,32.908169,0.916583,32.909148,0.916583,2231,0
2233,0.00139894,32.908896,0.916589,32.909148,0.916589,2231,0
2234,0.00140093,32.909974,0.916596,32.909974,0.916596,2234,1
2235,0.00140038,32.910035,0.916606,32.910035,0.916606,2235,1
2236,0.00140153,32.911817,0.916609,32.911817,0.916609,2236,1
2237,0.00140174,32.912463,0.916618,32.912463,0.916618,2237,1
2238,0.00139886,32.913797,0.916626,32.913797,0.916626,2238,1
2239,0.00140084,32.913416,0.916636,32.913797,0.916636,2238,0
2240,0.00140171,32.913898,0.916642,32.913898,0.916642,2240,1
2241,0.00140186,32.915022,0.916647,32.915022,0.916647,2241,1
2242,0.00139912,32.915746,0.916658,32.915746,0.916658,2242,1
2243,0.00139989,32.916271,0.916663,32.916271,0.916663,2243,1
2244,0.00140059,32.917073,0.91667,32.917073,0.91667,2244,1
2245,0.00140077,32.917626,0.916681,32.917626,0.916681,2245,1
2246,0.00139855,32.918725,0.916693,32.918725,0.916693,2246,1
2247,0.00139953,32.918376,0.916698,32.918725,0.916698,2246,0
2248,0.00139937,32.919419,0.916704,32.919419,0.916704,2248,1
2249,0.00139804,32.920155,0.916713,32.920155,0.916713,2249,1
2250,0.0013973,32.920816,0.916721,32.920816,0.916721,2250,1
2251,0.00139954,32.92121,0.916728,32.92121,0.916728,2251,1
2252,0.00139718,32.922222,0.916736,32.922222,0.916736,2252,1
2253,0.00139831,32.923119,0.916746,32.923119,0.916746,2253,1
2254,0.00139791,32.923545,0.916754,32.923545,0.916754,2254,1
2255,0.00139597,32.923645,0.916763,32.923645,0.916763,2255,1
2256,0.00139676,32.924314,0.916769,32.924314,0.916769,2256,1
2257,0.00139686,32.923929,0.916779,32.924314,0.916779,2256,0
2258,0.00139804,32.925663,0.916786,32.925663,0.916786,2258,1
2259,0.00139584,32.926458,0.916793,32.926458,0.916793,2259,1
2260,0.00139874,32.927199,0.916806,32.927199,0.916806,2260,1
2261,0.001396,32.926979,0.916809,32.927199,0.916809,2260,0
2262,0.00139483,32.928494,0.916818,32.928494,0.916818,2262,1
2263,0.00139559,32.928043,0.916825,32.928494,0.916825,2262,0
2264,0.00139654,32.928729,0.916831,32.928729,0.916831,2264,1
2265,0.00139533,32.929633,0.91684,32.929633,0.91684,2265,1
2266,0.00139489,32.929773,0.916843,32.929773,0.916843,2266,1
2267,0.00139453,32.931097,0.916852,32.931097,0.916852,2267,1
2268,0.00139533,32.931934,0.916857,32.931934,0.916857,2268,1
2269,0.00139548,32.93174,0.916867,32.931934,0.916867,2268,0
2270,0.00139506,32.933711,0.916874,32.933711,0.916874,2270,1
2271,0.0013958,32.933527,0.916883,32.933711,0.916883,2270,0
2272,0.00139576,32.934036,0.916889,32.934036,0.916889,2272,1
2273,0.00139639,32.935285,0.916899,32.935285,0.916899,2273,1
2274,0.00139508,32.935236,0.916909,32.935285,0.916909,2273,0
2275,0.00139542,32.935991,0.916917,32.935991,0.916917,2275,1
2276,0.00139387,32.936198,0.916924,32.936198,0.916924,2276,1
2277,0.00139428,32.938063,0.916929,32.938063,0.916929,2277,1
2278,0.00139365,32.93805,0.916938,32.938063,0.916938,2277,0
2279,0.00139451,32.938183,0.916945,32.938183,0.916945,2279,1
2280,0.00139469,32.939591,0.916949,32.939591,0.916949,2280,1
2281,0.00139376,32.939,0.916958,32.939591,0.916958,2280,0
2282,0.00139487,32.940504,0.916967,32.940504,0.916967,2282,1
2283,0.0013937,32.941119,0.916976,32.941119,0.916976,2283,1
2284,0.00139265,32.941507,0.916985,32.941507,0.916985,2284,1
2285,0.00139436,32.943172,0.916987,32.943172,0.916987,2285,1
2286,0.00139509,32.942037,0.916994,32.943172,0.916994,2285,0
2287,0.00139114,32.943546,0.917007,32.943546,0.917007,2287,1
2288,0.00139362,32.944338,0.917014,32.944338,0.917014,2288,1
2289,0.00139306,32.944331,0.917017,32.944338,0.917017,2288,0
2290,0.00139302,32.945423,0.917025,32.945423,0.917025,2290,1
2291,0.00139174,32.945976,0.917032,32.945976,0.917032,2291,1
2292,0.00139309,32.946028,0.91704,32.946028,0.91704,2292,1
2293,0.0013923,32.947178,0.917051,32.947178,0.917051,2293,1
2294,0.00139172,32.948378,0.917048,32.948378,0.917051,2293,0
2295,0.00139024,32.948601,0.917059,32.948601,0.917059,2295,1
2296,0.00139082,32.949073,0.917067,32.949073,0.917067,2296,1
2297,0.00139151,32.949484,0.917077,32.949484,0.917077,2297,1
2298,0.0013908,32.949629,0.91709,32.949629,0.91709,2298,1
2299,0.00139181,32.950668,0.917092,32.950668,0.917092,2299,1
2300,0.0013897,32.950546,0.917104,32.950668,0.917104,2299,0
2301,0.00139179,32.951991,0.917105,32.951991,0.917105,2301,1
2302,0.00139179,32.952359,0.917116,32.952359,0.917116,2302,1
2303,0.00139077,32.952678,0.917124,32.952678,0.917124,2303,1
2304,0.00139103,32.953184,0.917129,32.953184,0.917129,2304,1
2305,0.00138975,32.953437,0.917134,32.953437,0.917134,2305,1
2306,0.00138986,32.953887,0.917149,32.953887,0.917149,2306,1
2307,0.0013893,32.955464,0.917147,32.955464,0.917149,2306,0
2308,0.00138988,32.955862,0.917156,32.955862,0.917156,2308,1
2309,0.00138758,32.95667,0.917162,32.95667,0.917162,2309,1
2310,0.00138714,32.956717,0.917169,32.956717,0.917169,2310,1
2311,0.00138869,32.957248,0.917174,32.957248,0.917174,2311,1
2312,0.00138964,32.95713,0.917188,32.957248,0.917188,2311,0
2313,0.00138683,32.958789,0.917187,32.958789,0.917188,2311,0
2314,0.00138864,32.959025,0.917199,32.959025,0.917199,2314,1
2315,0.00138826,32.959222,0.917208,32.959222,0.917208,2315,1
2316,0.00138932,32.960031,0.917213,32.960031,0.917213,2316,1
2317,0.00138674,32.961562,0.917215,32.961562,0.917215,2317,1
2318,0.00138717,32.961637,0.917226,32.961637,0.917226,2318,1
2319,0.00138697,32.962112,0.917235,32.962112,0.917235,2319,1
2320,0.00138739,32.963046,0.917241,32.963046,0.917241,2320,1
2321,0.00138687,32.964009,0.917247,32.964009,0.917247,2321,1
2322,0.00138801,32.964161,0.917256,32.964161,0.917256,2322,1
2323,0.00138526,32.963925,0.917267,32.964161,0.917267,2322,0
2324,0.00138701,32.965384,0.917271,32.965384,0.917271,2324,1
2325,0.0013855,32.96612,0.917274,32.96612,0.917274,2325,1
2326,0.00138677,32.966271,0.917283,32.966271,0.917283,2326,1
2327,0.00138559,32.96751,0.917293,32.96751,0.917293,2327,1
2328,0.0013862,32.967262,0.917304,32.96751,0.917304,2327,0
2329,0.001386,32.968557,0.91731,32.968557,0.91731,2329,1
2330,0.00138659,32.969488,0.917315,32.969488,0.917315,2330,1
2331,0.00138522,32.969534,0.917328,32.969534,0.917328,2331,1
2332,0.00138536,32.969116,0.917334,32.969534,0.917334,2331,0
2333,0.00138554,32.970797,0.917339,32.970797,0.917339,2333,1
2334,0.00138437,32.970609,0.917349,32.970797,0.917349,2333,0
2335,0.00138548,32.972324,0.917356,32.972324,0.917356,2335,1
2336,0.00138614,32.972295,0.91736,32.972324,0.91736,2335,0
2337,0.00138503,32.97324,0.917366,32.97324,0.917366,2337,1
2338,0.00138332,32.97368,0.917374,32.97368,0.917374,2338,1
2339,0.00138413,32.973944,0.917382,32.973944,0.917382,2339,1
2340,0.00138437,32.975042,0.917385,32.975042,0.917385,2340,1
2341,0.00138321,32.975604,0.917393,32.975604,0.917393,2341,1
2342,0.00138541,32.975551,0.917405,32.975604,0.917405,2341,0
2343,0.00138358,32.975902,0.917411,32.975902,0.917411,2343,1
2344,0.00138519,32.976253,0.917416,32.976253,0.917416,2344,1
2345,0.00138199,32.977343,0.917422,32.977343,0.917422,2345,1
2346,0.0013834,32.978249,0.917425,32.978249,0.917425,2346,1
2347,0.00138338,32.979448,0.917433,32.979448,0.917433,2347,1
2348,0.00138311,32.98029,0.91744,32.98029,0.91744,2348,1
2349,0.00138189,32.979851,0.917454,32.98029,0.917454,2348,0
2350,0.00138252,32.980614,0.91746,32.980614,0.91746,2350,1
2351,0.00138262,32.981383,0.917468,32.981383,0.917468,2351,1
2352,0.00138067,32.981298,0.917476,32.981383,0.917476,2351,0
2353,0.00138219,32.982975,0.917478,32.982975,0.917478,2353,1
2354,0.00138141,32.983232,0.917486,32.983232,0.917486,2354,1
2355,0.00138264,32.983917,0.917496,32.983917,0.917496,2355,1
2356,0.00138129,32.984557,0.917499,32.984557,0.917499,2356,1
2357,0.00138223,32.985429,0.917503,32.985429,0.917503,2357,1
2358,0.00138083,32.98604,0.91751,32.98604,0.91751,2358,1
2359,0.00138264,32.986059,0.917522,32.986059,0.917522,2359,1
2360,0.00138122,32.986379,0.917533,32.986379,0.917533,2360,1
2361,0.00138297,32.987501,0.917537,32.987501,0.917537,2361,1
2362,0.0013834,32.987234,0.917547,32.987501,0.917547,2361,0
2363,0.00138177,32.988028,0.91755,32.988028,0.91755,2363,1
2364,0.00137837,32.989582,0.917557,32.989582,0.917557,2364,1
2365,0.00138103,32.990025,0.917566,32.990025,0.917566,2365,1
2366,0.00138223,32.989877,0.917578,32.990025,0.917578,2365,0
2367,0.00138062,32.990122,0.917581,32.990122,0.917581,2367,1
2368,0.0013805,32.99039,0.917589,32.99039,0.917589,2368,1
2369,0.00138079,32.99163,0.917598,32.99163,0.917598,2369,1
2370,0.00137981,32.992797,0.917604,32.992797,0.917604,2370,1
2371,0.00138024,32.992391,0.917613,32.992797,0.917613,2370,0
2372,0.00137907,32.993191,0.917617,32.993191,0.917617,2372,1
2373,0.0013802,32.993349,0.917631,32.993349,0.917631,2373,1
2374,0.00138043,32.994591,0.917633,32.994591,0.917633,2374,1
2375,0.00137822,32.994531,0.917641,32.994591,0.917641,2374,0
2376,0.00137833,32.995735,0.917646,32.995735,0.917646,2376,1
2377,0.00137875,32.996042,0.917654,32.996042,0.917654,2377,1
2378,0.00137788,32.996395,0.917663,32.996395,0.917663,2378,1
2379,0.00137761,32.996963,0.91767,32.996963,0.91767,2379,1
2380,0.00137893,32.99764,0.917677,32.99764,0.917677,2380,1
2381,0.00137737,32.997928,0.917682,32.997928,0.917682,2381,1
2382,0.00137808,32.999028,0.917687,32.999028,0.917687,2382,1
2383,0.00137734,32.999813,0.917692,32.999813,0.917692,2383,1
2384,0.00137797,33.000451,0.917697,33.000451,0.917697,2384,1
2385,0.00137809,33.0005,0.917706,33.0005,0.917706,2385,1
2386,0.00137806,33.001177,0.917712,33.001177,0.917712,2386,1
2387,0.00137726,33.000976,0.917723,33.001177,0.917723,2386,0
2388,0.0013762,33.001736,0.917731,33.001736,0.917731,2388,1
2389,0.00137496,33.001297,0.917738,33.001736,0.917738,2388,0
2390,0.00137675,33.003863,0.91774,33.003863,0.91774,2390,1
2391,0.00137839,33.003297,0.917752,33.003863,0.917752,2390,0
2392,0.00137599,33.004486,0.917755,33.004486,0.917755,2392,1
2393,0.00137487,33.005588,0.917758,33.005588,0.917758,2393,1
2394,0.00137462,33.006449,0.917767,33.006449,0.917767,2394,1
2395,0.00137565,33.00686,0.917772,33.00686,0.917772,2395,1
2396,0.0013765,33.006257,0.917784,33.00686,0.917784,2395,0
2397,0.0013765,33.007644,0.917786,33.007644,0.917786,2397,1
2398,0.00137633,33.007436,0.917803,33.007644,0.917803,2397,0
2399,0.00137431,33.008839,0.917803,33.008839,0.917803,2399,1
2400,0.00137393,33.009374,0.917814,33.009374,0.917814,2400,1
2401,0.00137633,33.009817,0.917822,33.009817,0.917822,2401,1
2402,0.00137479,33.010898,0.917819,33.010898,0.917822,2401,0
2403,0.00137375,33.010878,0.917833,33.010898,0.917833,2401,0
2404,0.00137718,33.010933,0.917844,33.010933,0.917844,2404,1
2405,0.00137471,33.011388,0.917847,33.011388,0.917847,2405,1
2406,0.0013749,33.012727,0.917846,33.012727,0.917847,2405,0
2407,0.00137542,33.011554,0.917876,33.012727,0.917876,2405,0
2408,0.00137111,33.013374,0.917879,33.013374,0.917879,2408,1
2409,0.00137521,33.013415,0.917888,33.013415,0.917888,2409,1
2410,0.00137423,33.014599,0.917897,33.014599,0.917897,2410,1
2411,0.00137218,33.014232,0.917905,33.014599,0.917905,2410,0
2412,0.00137384,33.01588,0.917909,33.01588,0.917909,2412,1
2413,0.00137275,33.015973,0.917914,33.015973,0.917914,2413,1
2414,0.00137318,33.016798,0.91792,33.016798,0.91792,2414,1
2415,0.0013724,33.017658,0.917926,33.017658,0.917926,2415,1
2416,0.00137233,33.018062,0.917933,33.018062,0.917933,2416,1
2417,0.00137343,33.01815,0.91794,33.01815,0.91794,2417,1
2418,0.00137268,33.018423,0.917948,33.018423,0.917948,2418,1
2419,0.00137344,33.019248,0.917958,33.019248,0.917958,2419,1
2420,0.00137237,33.020591,0.917966,33.020591,0.917966,2420,1
2421,0.00137173,33.020651,0.917971,33.020651,0.917971,2421,1
2422,0.00137181,33.021908,0.91798,33.021908,0.91798,2422,1
2423,0.00137102,33.021953,0.917983,33.021953,0.917983,2423,1
2424,0.00137236,33.02269,0.917993,33.02269,0.917993,2424,1
2425,0.00137152,33.023346,0.917999,33.023346,0.917999,2425,1
2426,0.0013704,33.024469,0.918007,33.024469,0.918007,2426,1
2427,0.00137088,33.023937,0.918013,33.024469,0.918013,2426,0
2428,0.00137002,33.025635,0.918022,33.025635,0.918022,2428,1
2429,0.0013704,33.025016,0.918029,33.025635,0.918029,2428,0
2430,0.00137055,33.026471,0.918035,33.026471,0.918035,2430,1
2431,0.00137009,33.027136,0.918044,33.027136,0.918044,2431,1
2432,0.00136864,33.026947,0.918048,33.027136,0.918048,2431,0
2433,0.00137068,33.028484,0.918057,33.028484,0.918057,2433,1
2434,0.00136961,33.029333,0.918062,33.029333,0.918062,2434,1
2435,0.00137061,33.029774,0.918067,33.029774,0.918067,2435,1
2436,0.00137053,33.03015,0.918078,33.03015,0.918078,2436,1
2437,0.00136919,33.031547,0.918081,33.031547,0.918081,2437,1
2438,0.00136977,33.030927,0.918091,33.031547,0.918091,2437,0
2439,0.00136781,33.030824,0.918099,33.031547,0.918099,2437,0
2440,0.00137006,33.032154,0.918102,33.032154,0.918102,2440,1
2441,0.00136976,33.032497,0.918111,33.032497,0.918111,2441,1
2442,0.00136964,33.033,0.918116,33.033,0.918116,2442,1
2443,0.00136647,33.034138,0.918118,33.034138,0.918118,2443,1
2444,0.00136771,33.03337,0.91813,33.034138,0.91813,2443,0
2445,0.00136804,33.034971,0.918138,33.034971,0.918138,2445,1
2446,0.00136952,33.034815,0.918142,33.034971,0.918142,2445,0
2447,0.00136702,33.035838,0.918153,33.035838,0.918153,2447,1
2448,0.00136825,33.035659,0.918157,33.035838,0.918157,2447,0
2449,0.00136711,33.037231,0.918167,33.037231,0.918167,2449,1
2450,0.00136697,33.038107,0.918173,33.038107,0.918173,2450,1
2451,0.0013699,33.037661,0.91818,33.038107,0.91818,2450,0
2452,0.00136762,33.038124,0.918186,33.038124,0.918186,2452,1
2453,0.00136744,33.039899,0.918189,33.039899,0.918189,2453,1
2454,0.00136707,33.040018,0.918197,33.040018,0.918197,2454,1
2455,0.00136791,33.040307,0.918205,33.040307,0.918205,2455,1
2456,0.0013671,33.041479,0.918206,33.041479,0.918206,2456,1
2457,0.00136633,33.04193,0.918213,33.04193,0.918213,2457,1
2458,0.00136624,33.042397,0.918221,33.042397,0.918221,2458,1
2459,0.00136758,33.04198,0.918232,33.042397,0.918232,2458,0
2460,0.00136737,33.043383,0.91824,33.043383,0.91824,2460,1
2461,0.00136692,33.044358,0.918247,33.044358,0.918247,2461,1
2462,0.00136553,33.044753,0.91825,33.044753,0.91825,2462,1
2463,0.00136549,33.045051,0.918257,33.045051,0.918257,2463,1
2464,0.00136662,33.045194,0.918268,33.045194,0.918268,2464,1
2465,0.00136437,33.045902,0.918276,33.045902,0.918276,2465,1
2466,0.00136693,33.046181,0.918285,33.046181,0.918285,2466,1
2467,0.00136615,33.046981,0.918288,33.046981,0.918288,2467,1
2468,0.00136399,33.047375,0.918297,33.047375,0.918297,2468,1
2469,0.0013652,33.047956,0.918304,33.047956,0.918304,2469,1
2470,0.00136411,33.047935,0.918312,33.047956,0.918312,2469,0
2471,0.00136382,33.049071,0.918315,33.049071,0.918315,2471,1
2472,0.00136534,33.049253,0.918323,33.049253,0.918323,2472,1
2473,0.0013648,33.050155,0.918328,33.050155,0.918328,2473,1
2474,0.00136544,33.050621,0.918332,33.050621,0.918332,2474,1
2475,0.00136367,33.051585,0.918339,33.051585,0.918339,2475,1
2476,0.00136453,33.052125,0.918347,33.052125,0.918347,2476,1
2477,0.00136367,33.052144,0.918353,33.052144,0.918353,2477,1
2478,0.00136533,33.052766,0.918364,33.052766,0.918364,2478,1
2479,0.0013647,33.053795,0.918369,33.053795,0.918369,2479,1
2480,0.00136244,33.054185,0.918373,33.054185,0.918373,2480,1
2481,0.00136432,33.054705,0.91838,33.054705,0.91838,2481,1
2482,0.00136381,33.054918,0.918391,33.054918,0.918391,2482,1
2483,0.00136492,33.055405,0.918399,33.055405,0.918399,2483,1
2484,0.00136367,33.056796,0.918398,33.056796,0.918399,2483,0
2485,0.00136316,33.056454,0.918413,33.056796,0.918413,2483,0
2486,0.00136314,33.05759,0.918415,33.05759,0.918415,2486,1
2487,0.00136286,33.057814,0.918422,33.057814,0.918422,2487,1
2488,0.00136229,33.058333,0.918429,33.058333,0.918429,2488,1
2489,0.00136367,33.058379,0.918434,33.058379,0.918434,2489,1
2490,0.00136287,33.0603,0.918437,33.0603,0.918437,2490,1
2491,0.00136167,33.060176,0.918446,33.0603,0.918446,2490,0
2492,0.00135903,33.060416,0.918453,33.060416,0.918453,2492,1
2493,0.00136347,33.061011,0.918459,33.061011,0.918459,2493,1
2494,0.00136079,33.061877,0.918467,33.061877,0.918467,2494,1
2495,0.00136068,33.062228,0.918472,33.062228,0.918472,2495,1
2496,0.00136245,33.063249,0.918477,33.063249,0.918477,2496,1
2497,0.00136188,33.063507,0.918488,33.063507,0.918488,2497,1
2498,0.00136039,33.063946,0.918495,33.063946,0.918495,2498,1
2499,0.00136063,33.064577,0.918498,33.064577,0.918498,2499,1
2500,0.00136129,33.064961,0.918507,33.064961,0.918507,2500,1
2501,0.0013612,33.0652,0.918517,33.0652,0.918517,2501,1
2502,0.00136121,33.066054,0.91852,33.066054,0.91852,2502,1
2503,0.00136006,33.066591,0.918526,33.066591,0.918526,2503,1
2504,0.00136043,33.067206,0.918534,33.067206,0.918534,2504,1
2505,0.00136019,33.067643,0.91854,33.067643,0.91854,2505,1
2506,0.00135819,33.068056,0.918548,33.068056,0.918548,2506,1
2507,0.00136035,33.068454,0.918554,33.068454,0.918554,2507,1
2508,0.00136085,33.069485,0.918559,33.069485,0.918559,2508,1
2509,0.00135956,33.070455,0.918563,33.070455,0.918563,2509,1
2510,0.00135933,33.070163,0.918577,33.070455,0.918577,2509,0
2511,0.00135968,33.070841,0.918581,33.070841,0.918581,2511,1
2512,0.0013582,33.071397,0.918586,33.071397,0.918586,2512,1
2513,0.00135942,33.072548,0.918592,33.072548,0.918592,2513,1
2514,0.00135999,33.072472,0.918603,33.072548,0.918603,2513,0
2515,0.00135885,33.073037,0.918608,33.073037,0.918608,2515,1
2516,0.00135889,33.073735,0.918613,33.073735,0.918613,2516,1
2517,0.00135667,33.074882,0.918617,33.074882,0.918617,2517,1
2518,0.00135936,33.075204,0.918626,33.075204,0.918626,2518,1
2519,0.00135666,33.075707,0.918635,33.075707,0.918635,2519,1
2520,0.00135782,33.076022,0.918641,33.076022,0.918641,2520,1
2521,0.00135918,33.076153,0.918648,33.076153,0.918648,2521,1
2522,0.0013575,33.077042,0.918654,33.077042,0.918654,2522,1
2523,0.00135691,33.077605,0.91866,33.077605,0.91866,2523,1
2524,0.00135667,33.078009,0.918668,33.078009,0.918668,2524,1
2525,0.00135644,33.078731,0.91867,33.078731,0.91867,2525,1
2526,0.00135711,33.079354,0.918679,33.079354,0.918679,2526,1
2527,0.00135651,33.08031,0.918684,33.08031,0.918684,2527,1
2528,0.00135784,33.080124,0.918692,33.08031,0.918692,2527,0
2529,0.00135633,33.080671,0.918695,33.080671,0.918695,2529,1
2530,0.00135649,33.080885,0.918705,33.080885,0.918705,2530,1
2531,0.00135515,33.081665,0.91871,33.081665,0.91871,2531,1
2532,0.00135698,33.081882,0.918717,33.081882,0.918717,2532,1
2533,0.00135733,33.082399,0.918726,33.082399,0.918726,2533,1
2534,0.00135561,33.08386,0.918732,33.08386,0.918732,2534,1
2535,0.00135637,33.083793,0.918741,33.08386,0.918741,2534,0
2536,0.00135483,33.084314,0.918745,33.084314,0.918745,2536,1
2537,0.00135524,33.084264,0.918755,33.084314,0.918755,2536,0
2538,0.00135512,33.084855,0.918758,33.084855,0.918758,2538,1
2539,0.00135511,33.086388,0.918766,33.086388,0.918766,2539,1
2540,0.00135528,33.08704,0.918772,33.08704,0.918772,2540,1
2541,0.00135595,33.08726,0.918777,33.08726,0.918777,2541,1
2542,0.00135575,33.087932,0.918781,33.087932,0.918781,2542,1
2543,0.00135558,33.087968,0.918787,33.087968,0.918787,2543,1
2544,0.0013546,33.088752,0.918794,33.088752,0.918794,2544,1
2545,0.00135529,33.089255,0.918803,33.089255,0.918803,2545,1
2546,0.00135506,33.089702,0.918809,33.089702,0.918809,2546,1
2547,0.00135476,33.08977,0.918818,33.08977,0.918818,2547,1
2548,0.00135416,33.090709,0.918821,33.090709,0.918821,2548,1
2549,0.0013527,33.090872,0.91883,33.090872,0.91883,2549,1
2550,0.00135354,33.092042,0.918836,33.092042,0.918836,2550,1
2551,0.00135369,33.09201,0.918843,33.092042,0.918843,2550,0
2552,0.00135211,33.093136,0.918848,33.093136,0.918848,2552,1
2553,0.00135452,33.093499,0.918855,33.093499,0.918855,2553,1
2554,0.00135397,33.094177,0.918859,33.094177,0.918859,2554,1
2555,0.00135431,33.094638,0.91887,33.094638,0.91887,2555,1
2556,0.0013525,33.094975,0.918877,33.094975,0.918877,2556,1
2557,0.00135233,33.095421,0.918886,33.095421,0.918886,2557,1
2558,0.00135195,33.096566,0.918891,33.096566,0.918891,2558,1
2559,0.00135312,33.096668,0.918897,33.096668,0.918897,2559,1
2560,0.00135228,33.097208,0.918902,33.097208,0.918902,2560,1
2561,0.00135409,33.09767,0.918907,33.09767,0.918907,2561,1
2562,0.0013521,33.098036,0.918915,33.098036,0.918915,2562,1
2563,0.00135279,33.09795,0.91892,33.098036,0.91892,2562,0
2564,0.00135258,33.098014,0.918926,33.098036,0.918926,2562,0
2565,0.00135285,33.099234,0.918933,33.099234,0.918933,2565,1
2566,0.00135203,33.099639,0.918938,33.099639,0.918938,2566,1
2567,0.001349,33.100178,0.918945,33.100178,0.918945,2567,1
2568,0.00135184,33.100311,0.918951,33.100311,0.918951,2568,1
2569,0.00135145,33.101218,0.918957,33.101218,0.918957,2569,1
2570,0.00135257,33.101599,0.918959,33.101599,0.918959,2570,1
2571,0.00135186,33.101861,0.918969,33.101861,0.918969,2571,1
2572,0.00135115,33.102914,0.918976,33.102914,0.918976,2572,1
2573,0.0013517,33.103065,0.918983,33.103065,0.918983,2573,1
2574,0.00135012,33.103091,0.918991,33.103091,0.918991,2574,1
2575,0.0013517,33.104506,0.918993,33.104506,0.918993,2575,1
2576,0.0013503,33.104798,0.919001,33.104798,0.919001,2576,1
2577,0.00135022,33.104806,0.919009,33.104806,0.919009,2577,1
2578,0.0013494,33.105099,0.919012,33.105099,0.919012,2578,1
2579,0.00134999,33.105976,0.919016,33.105976,0.919016,2579,1
2580,0.00135081,33.105871,0.919026,33.105976,0.919026,2579,0
2581,0.00135098,33.10645,0.919024,33.10645,0.919026,2579,0
2582,0.00134956,33.106808,0.919032,33.106808,0.919032,2582,1
2583,0.00134926,33.107482,0.91904,33.107482,0.91904,2583,1
2584,0.00134917,33.10767,0.919043,33.10767,0.919043,2584,1
2585,0.00134963,33.108934,0.919053,33.108934,0.919053,2585,1
2586,0.00134898,33.109725,0.919057,33.109725,0.919057,2586,1
2587,0.0013488,33.108914,0.919061,33.109725,0.919061,2586,0
2588,0.00134806,33.110575,0.919069,33.110575,0.919069,2588,1
2589,0.00135023,33.110926,0.919076,33.110926,0.919076,2589,1
2590,0.0013488,33.111016,0.919082,33.111016,0.919082,2590,1
2591,0.00134725,33.112321,0.919089,33.112321,0.919089,2591,1
2592,0.00134913,33.11286,0.919096,33.11286,0.919096,2592,1
2593,0.00134823,33.113403,0.9191,33.113403,0.9191,2593,1
2594,0.00134889,33.113066,0.919105,33.113403,0.919105,2593,0
2595,0.00134716,33.11334,0.919112,33.113403,0.919112,2593,0
2596,0.00134647,33.115325,0.919119,33.115325,0.919119,2596,1
2597,0.00134742,33.114925,0.919121,33.115325,0.919121,2596,0
2598,0.00134648,33.114888,0.919129,33.115325,0.919129,2596,0
2599,0.00134807,33.116742,0.919133,33.116742,0.919133,2599,1
2600,0.00134623,33.116563,0.91914,33.116742,0.91914,2599,0
2601,0.00134833,33.117188,0.919147,33.117188,0.919147,2601,1
2602,0.0013466,33.117575,0.919154,33.117575,0.919154,2602,1
2603,0.00134833,33.118548,0.919159,33.118548,0.919159,2603,1
2604,0.00134472,33.118359,0.919165,33.118548,0.919165,2603,0
2605,0.00134508,33.119226,0.919174,33.119226,0.919174,2605,1
2606,0.00134665,33.119916,0.919178,33.119916,0.919178,2606,1
2607,0.00134553,33.120708,0.919183,33.120708,0.919183,2607,1
2608,0.00134718,33.121534,0.91919,33.121534,0.91919,2608,1
2609,0.00134696,33.122022,0.919194,33.122022,0.919194,2609,1
2610,0.0013449,33.122294,0.919202,33.122294,0.919202,2610,1
2611,0.0013448,33.122677,0.919209,33.122677,0.919209,2611,1
2612,0.00134626,33.123601,0.919212,33.123601,0.919212,2612,1
2613,0.00134447,33.12352,0.91922,33.123601,0.91922,2612,0
2614,0.00134726,33.124777,0.919225,33.124777,0.919225,2614,1
2615,0.00134537,33.124832,0.919233,33.124832,0.919233,2615,1
2616,0.00134455,33.125601,0.919239,33.125601,0.919239,2616,1
2617,0.00134576,33.125653,0.919244,33.125653,0.919244,2617,1
2618,0.00134438,33.125662,0.919251,33.125662,0.919251,2618,1
2619,0.00134388,33.126793,0.919257,33.126793,0.919257,2619,1
2620,0.00134349,33.126825,0.919263,33.126825,0.919263,2620,1
2621,0.00134489,33.126941,0.919273,33.126941,0.919273,2621,1
2622,0.00134415,33.128629,0.919277,33.128629,0.919277,2622,1
2623,0.00134268,33.128807,0.919284,33.128807,0.919284,2623,1
2624,0.00134329,33.129584,0.919288,33.129584,0.919288,2624,1
2625,0.00134609,33.129885,0.919297,33.129885,0.919297,2625,1
2626,0.00134094,33.129895,0.919304,33.129895,0.919304,2626,1
2627,0.00134354,33.130325,0.91931,33.130325,0.91931,2627,1
2628,0.00134294,33.13142,0.919317,33.13142,0.919317,2628,1
2629,0.00134252,33.131609,0.919321,33.131609,0.919321,2629,1
2630,0.00134219,33.132603,0.919326,33.132603,0.919326,2630,1
2631,0.00134177,33.132704,0.919331,33.132704,0.919331,2631,1
2632,0.0013425,33.133106,0.919339,33.133106,0.919339,2632,1
2633,0.00134186,33.13342,0.919346,33.13342,0.919346,2633,1
2634,0.00134254,33.134627,0.919348,33.134627,0.919348,2634,1
2635,0.00134242,33.135697,0.919357,33.135697,0.919357,2635,1
2636,0.00134221,33.135716,0.919366,33.135716,0.919366,2636,1
2637,0.00134154,33.136486,0.919367,33.136486,0.919367,2637,1
2638,0.00134275,33.1363,0.91938,33.136486,0.91938,2637,0
2639,0.00134173,33.137412,0.919379,33.137412,0.91938,2637,0
2640,0.00134341,33.13729,0.91939,33.137412,0.91939,2637,0
2641,0.00134201,33.13798,0.919396,33.13798,0.919396,2641,1
2642,0.0013411,33.138166,0.919405,33.138166,0.919405,2642,1
2643,0.00134124,33.139317,0.919409,33.139317,0.919409,2643,1
2644,0.00134144,33.139457,0.919416,33.139457,0.919416,2644,1
2645,0.00134304,33.139974,0.919425,33.139974,0.919425,2645,1
2646,0.00134136,33.140509,0.919431,33.140509,0.919431,2646,1
2647,0.0013415,33.141672,0.919433,33.141672,0.919433,2647,1
2648,0.00134207,33.141548,0.919442,33.141672,0.919442,2647,0
2649,0.00134115,33.14295,0.919445,33.14295,0.919445,2649,1
2650,0.00133899,33.142776,0.919454,33.14295,0.919454,2649,0
2651,0.00134179,33.143551,0.919461,33.143551,0.919461,2651,1
2652,0.00133972,33.144232,0.919464,33.144232,0.919464,2652,1
2653,0.00133963,33.144482,0.919469,33.144482,0.919469,2653,1
2654,0.00134096,33.144718,0.919478,33.144718,0.919478,2654,1
2655,0.00133997,33.145525,0.919481,33.145525,0.919481,2655,1
2656,0.00133949,33.145755,0.91949,33.145755,0.91949,2656,1
2657,0.00134003,33.146158,0.919495,33.146158,0.919495,2657,1
2658,0.00133921,33.146696,0.919501,33.146696,0.919501,2658,1
2659,0.00133966,33.147349,0.91951,33.147349,0.91951,2659,1
2660,0.00133878,33.147676,0.919514,33.147676,0.919514,2660,1
2661,0.00133789,33.147827,0.919518,33.147827,0.919518,2661,1
2662,0.0013389,33.149123,0.919526,33.149123,0.919526,2662,1
2663,0.0013405,33.149285,0.919532,33.149285,0.919532,2663,1
2664,0.00134003,33.149613,0.919534,33.149613,0.919534,2664,1
2665,0.00133867,33.150527,0.919543,33.150527,0.919543,2665,1
2666,0.00133962,33.15098,0.919548,33.15098,0.919548,2666,1
2667,0.00133901,33.152126,0.919551,33.152126,0.919551,2667,1
2668,0.00133997,33.151901,0.919559,33.152126,0.919559,2667,0
2669,0.00133721,33.152602,0.919567,33.152602,0.919567,2669,1
2670,0.00133825,33.153186,0.919571,33.153186,0.919571,2670,1
2671,0.00133783,33.153722,0.919577,33.153722,0.919577,2671,1
2672,0.00133926,33.153857,0.919583,33.153857,0.919583,2672,1
2673,0.00133665,33.154661,0.919586,33.154661,0.919586,2673,1
2674,0.00133746,33.155107,0.919592,33.155107,0.919592,2674,1
2675,0.00133675,33.155384,0.9196,33.155384,0.9196,2675,1
2676,0.00133707,33.155967,0.919604,33.155967,0.919604,2676,1
2677,0.00133707,33.156682,0.919609,33.156682,0.919609,2677,1
2678,0.00133787,33.156674,0.919618,33.156682,0.919618,2677,0
2679,0.00133631,33.157614,0.919625,33.157614,0.919625,2679,1
2680,0.00133757,33.158427,0.919632,33.158427,0.919632,2680,1
2681,0.00133626,33.158606,0.919639,33.158606,0.919639,2681,1
2682,0.00133568,33.159447,0.919642,33.159447,0.919642,2682,1
2683,0.00133553,33.160206,0.91965,33.160206,0.91965,2683,1
2684,0.00133487,33.160213,0.919655,33.160213,0.919655,2684,1
2685,0.00133683,33.160757,0.919662,33.160757,0.919662,2685,1
2686,0.00133682,33.160813,0.919665,33.160813,0.919665,2686,1
2687,0.00133598,33.161571,0.919672,33.161571,0.919672,2687,1
2688,0.00133594,33.162668,0.919679,33.162668,0.919679,2688,1
2689,0.00133566,33.1628,0.919686,33.1628,0.919686,2689,1
2690,0.00133542,33.163797,0.919691,33.163797,0.919691,2690,1
2691,0.00133499,33.16407,0.919699,33.16407,0.919699,2691,1
2692,0.00133473,33.164775,0.919705,33.164775,0.919705,2692,1
2693,0.00133348,33.164273,0.919709,33.164775,0.919709,2692,0
2694,0.00133516,33.165513,0.919718,33.165513,0.919718,2694,1
2695,0.00133668,33.165264,0.919719,33.165513,0.919719,2694,0
2696,0.0013349,33.165997,0.919729,33.165997,0.919729,2696,1
2697,0.00133359,33.166948,0.919732,33.166948,0.919732,2697,1
2698,0.0013349,33.167412,0.919736,33.167412,0.919736,2698,1
2699,0.00133353,33.167974,0.919746,33.167974,0.919746,2699,1
2700,0.00133434,33.168449,0.919747,33.168449,0.919747,2700,1
2701,0.00133499,33.168756,0.919757,33.168756,0.919757,2701,1
2702,0.00133377,33.16972,0.919757,33.16972,0.919757,2702,1
2703,0.00133394,33.169858,0.919767,33.169858,0.919767,2703,1
2704,0.00133524,33.169824,0.919774,33.169858,0.919774,2703,0
2705,0.00133289,33.170939,0.919776,33.170939,0.919776,2705,1
2706,0.00133507,33.171491,0.919783,33.171491,0.919783,2706,1
2707,0.00133291,33.171848,0.919789,33.171848,0.919789,2707,1
2708,0.00133238,33.172791,0.919794,33.172791,0.919794,2708,1
2709,0.00133252,33.172391,0.919803,33.172791,0.919803,2708,0
2710,0.00133292,33.17325,0.919805,33.17325,0.919805,2710,1
2711,0.00133332,33.17398,0.919811,33.17398,0.919811,2711,1
2712,0.00133332,33.174113,0.91982,33.174113,0.91982,2712,1
2713,0.00133247,33.17474,0.919826,33.17474,0.919826,2713,1
2714,0.00133344,33.175268,0.919828,33.175268,0.919828,2714,1
2715,0.00133365,33.17587,0.919835,33.17587,0.919835,2715,1
2716,0.00133167,33.176123,0.919843,33.176123,0.919843,2716,1
2717,0.00133199,33.176293,0.919849,33.176293,0.919849,2717,1
2718,0.00133213,33.177032,0.919854,33.177032,0.919854,2718,1
2719,0.00133161,33.177864,0.91986,33.177864,0.91986,2719,1
2720,0.00133136,33.178407,0.919864,33.178407,0.919864,2720,1
2721,0.00133142,33.17885,0.91987,33.17885,0.91987,2721,1
2722,0.00133159,33.179319,0.919875,33.179319,0.919875,2722,1
2723,0.00132973,33.178927,0.919881,33.179319,0.919881,2722,0
2724,0.0013311,33.18035,0.919889,33.18035,0.919889,2724,1
2725,0.00133115,33.181018,0.919895,33.181018,0.919895,2725,1
2726,0.00133067,33.181009,0.919901,33.181018,0.919901,2725,0
2727,0.00133005,33.182032,0.919904,33.182032,0.919904,2727,1
2728,0.0013311,33.182412,0.919913,33.182412,0.919913,2728,1
2729,0.00133134,33.182733,0.919919,33.182733,0.919919,2729,1
2730,0.00133058,33.183135,0.919924,33.183135,0.919924,2730,1
2731,0.00132857,33.183899,0.919933,33.183899,0.919933,2731,1
2732,0.00133169,33.184443,0.919939,33.184443,0.919939,2732,1
2733,0.00133032,33.184765,0.919944,33.184765,0.919944,2733,1
2734,0.00132963,33.185114,0.919949,33.185114,0.919949,2734,1
2735,0.00132958,33.18593,0.919957,33.18593,0.919957,2735,1
2736,0.00133198,33.186222,0.919965,33.186222,0.919965,2736,1
2737,0.00132925,33.187269,0.919968,33.187269,0.919968,2737,1
2738,0.00133087,33.187342,0.919978,33.187342,0.919978,2738,1
2739,0.00132904,33.187598,0.919983,33.187598,0.919983,2739,1
2740,0.00133059,33.188031,0.919985,33.188031,0.919985,2740,1
2741,0.0013301,33.18867,0.919993,33.18867,0.919993,2741,1
2742,0.00132838,33.189693,0.919999,33.189693,0.919999,2742,1
2743,0.00132931,33.189922,0.920006,33.189922,0.920006,2743,1
2744,0.00132877,33.190292,0.920013,33.190292,0.920013,2744,1
2745,0.00132947,33.191015,0.920019,33.191015,0.920019,2745,1
2746,0.0013292,33.191691,0.920024,33.191691,0.920024,2746,1
2747,0.00132877,33.192098,0.920031,33.192098,0.920031,2747,1
2748,0.00132905,33.192214,0.920035,33.192214,0.920035,2748,1
2749,0.0013282,33.192663,0.920041,33.192663,0.920041,2749,1
2750,0.00132964,33.193481,0.920049,33.193481,0.920049,2750,1
2751,0.00132848,33.19391,0.920053,33.19391,0.920053,2751,1
2752,0.00132647,33.194413,0.920056,33.194413,0.920056,2752,1
2753,0.0013284,33.194967,0.920065,33.194967,0.920065,2753,1
2754,0.00132841,33.19543,0.92007,33.19543,0.92007,2754,1
2755,0.00132722,33.195662,0.920072,33.195662,0.920072,2755,1
2756,0.001327,33.196754,0.92008,33.196754,0.92008,2756,1
2757,0.00132557,33.196007,0.920086,33.196754,0.920086,2756,0
2758,0.00132625,33.196718,0.920086,33.196754,0.920086,2756,0
2759,0.00132707,33.197002,0.920092,33.197002,0.920092,2759,1
2760,0.00132774,33.197994,0.920094,33.197994,0.920094,2760,1
2761,0.00132592,33.198755,0.920101,33.198755,0.920101,2761,1
2762,0.00132775,33.197598,0.920102,33.198755,0.920102,2761,0
2763,0.00132718,33.198551,0.920102,33.198755,0.920102,2761,0
2764,0.00132626,33.199518,0.92011,33.199518,0.92011,2764,1
2765,0.00132729,33.199372,0.920116,33.199518,0.920116,2764,0
2766,0.00132735,33.200205,0.92012,33.200205,0.92012,2766,1
2767,0.00132486,33.200579,0.920126,33.200579,0.920126,2767,1
2768,0.00132638,33.20093,0.920132,33.20093,0.920132,2768,1
2769,0.00132445,33.202243,0.920145,33.202243,0.920145,2769,1
2770,0.00132568,33.202569,0.920147,33.202569,0.920147,2770,1
2771,0.00132606,33.202555,0.92015,33.202569,0.92015,2770,0
2772,0.00132414,33.203148,0.920157,33.203148,0.920157,2772,1
2773,0.00132442,33.203817,0.920164,33.203817,0.920164,2773,1
2774,0.00132555,33.204562,0.920171,33.204562,0.920171,2774,1
2775,0.00132477,33.20517,0.920175,33.20517,0.920175,2775,1
2776,0.00132521,33.205096,0.920181,33.20517,0.920181,2775,0
2777,0.00132592,33.205458,0.920186,33.205458,0.920186,2777,1
2778,0.00132466,33.206591,0.920194,33.206591,0.920194,2778,1
2779,0.00132406,33.206523,0.920195,33.206591,0.920195,2778,0
2780,0.0013247,33.207142,0.920206,33.207142,0.920206,2780,1
2781,0.00132481,33.207949,0.920209,33.207949,0.920209,2781,1
2782,0.00132297,33.208573,0.920215,33.208573,0.920215,2782,1
2783,0.00132461,33.208927,0.920218,33.208927,0.920218,2783,1
2784,0.0013229,33.20912,0.920227,33.20912,0.920227,2784,1
2785,0.00132293,33.209828,0.920232,33.209828,0.920232,2785,1
2786,0.00132388,33.210605,0.920239,33.210605,0.920239,2786,1
2787,0.00132433,33.210753,0.920245,33.210753,0.920245,2787,1
2788,0.00132409,33.211034,0.920251,33.211034,0.920251,2788,1
2789,0.001324,33.211746,0.920256,33.211746,0.920256,2789,1
2790,0.00132399,33.212158,0.920263,33.212158,0.920263,2790,1
2791,0.00132113,33.213006,0.920263,33.213006,0.920263,2791,1
2792,0.00132309,33.212865,0.920272,33.213006,0.920272,2791,0
2793,0.00132243,33.21369,0.920279,33.21369,0.920279,2793,1
2794,0.00132122,33.213978,0.920282,33.213978,0.920282,2794,1
2795,0.00132236,33.214532,0.920287,33.214532,0.920287,2795,1
2796,0.00132203,33.215162,0.920294,33.215162,0.920294,2796,1
2797,0.00132329,33.21538,0.9203,33.21538,0.9203,2797,1
2798,0.00132308,33.215885,0.920309,33.215885,0.920309,2798,1
2799,0.00132262,33.216283,0.920313,33.216283,0.920313,2799,1
2800,0.00132152,33.216436,0.920319,33.216436,0.920319,2800,1
2801,0.00132013,33.217551,0.920322,33.217551,0.920322,2801,1
2802,0.0013206,33.218373,0.920329,33.218373,0.920329,2802,1
2803,0.00132051,33.218186,0.920334,33.218373,0.920334,2802,0
2804,0.00132288,33.218678,0.920342,33.218678,0.920342,2804,1
2805,0.00132009,33.219449,0.920346,33.219449,0.920346,2805,1
2806,0.0013216,33.219505,0.92035,33.219505,0.92035,2806,1
2807,0.00132052,33.220163,0.920357,33.220163,0.920357,2807,1
2808,0.00132044,33.220808,0.920363,33.220808,0.920363,2808,1
2809,0.0013203,33.221589,0.920368,33.221589,0.920368,2809,1
2810,0.00131942,33.222281,0.920373,33.222281,0.920373,2810,1
2811,0.00131909,33.222424,0.920383,33.222424,0.920383,2811,1
2812,0.00132094,33.22318,0.920386,33.22318,0.920386,2812,1
2813,0.0013212,33.22295,0.920393,33.22318,0.920393,2812,0
2814,0.0013208,33.223706,0.920399,33.223706,0.920399,2814,1
2815,0.00132004,33.224213,0.920404,33.224213,0.920404,2815,1
2816,0.00131995,33.224944,0.92041,33.224944,0.92041,2816,1
2817,0.00132167,33.225819,0.920414,33.225819,0.920414,2817,1
2818,0.00132009,33.226191,0.92042,33.226191,0.92042,2818,1
2819,0.00132009,33.226084,0.920428,33.226191,0.920428,2818,0
2820,0.00132015,33.226643,0.920432,33.226643,0.920432,2820,1
2821,0.00131936,33.227741,0.920437,33.227741,0.920437,2821,1
2822,0.0013195,33.227638,0.92044,33.227741,0.92044,2821,0
2823,0.00131903,33.228447,0.920447,33.228447,0.920447,2823,1
2824,0.00131901,33.22854,0.920452,33.22854,0.920452,2824,1
2825,0.00132006,33.229596,0.920457,33.229596,0.920457,2825,1
2826,0.00131835,33.230352,0.920463,33.230352,0.920463,2826,1
2827,0.0013182,33.2309,0.920469,33.2309,0.920469,2827,1
2828,0.00131847,33.230559,0.920477,33.2309,0.920477,2827,0
2829,0.00131888,33.231182,0.920485,33.231182,0.920485,2829,1
2830,0.00131925,33.231869,0.92049,33.231869,0.92049,2830,1
2831,0.00131769,33.232467,0.920495,33.232467,0.920495,2831,1
2832,0.00131741,33.232715,0.9205,33.232715,0.9205,2832,1
2833,0.00131684,33.232768,0.920504,33.232768,0.920504,2833,1
2834,0.00131706,33.233318,0.92051,33.233318,0.92051,2834,1
2835,0.00131893,33.23391,0.920516,33.23391,0.920516,2835,1
2836,0.00131727,33.234526,0.920523,33.234526,0.920523,2836,1
2837,0.00131783,33.235396,0.920528,33.235396,0.920528,2837,1
2838,0.00131683,33.235587,0.920536,33.235587,0.920536,2838,1
2839,0.00131757,33.236077,0.920539,33.236077,0.920539,2839,1
2840,0.00131728,33.236383,0.920547,33.236383,0.920547,2840,1
2841,0.00131601,33.237492,0.920552,33.237492,0.920552,2841,1
2842,0.00131755,33.237893,0.920555,33.237893,0.920555,2842,1
2843,0.00131443,33.238206,0.920561,33.238206,0.920561,2843,1
2844,0.00131766,33.238409,0.920565,33.238409,0.920565,2844,1
2845,0.00131511,33.238899,0.920573,33.238899,0.920573,2845,1
2846,0.00131481,33.239488,0.920577,33.239488,0.920577,2846,1
2847,0.00131676,33.239823,0.920583,33.239823,0.920583,2847,1
2848,0.00131728,33.240514,0.920589,33.240514,0.920589,2848,1
2849,0.00131589,33.241281,0.920596,33.241281,0.920596,2849,1
2850,0.00131515,33.242158,0.920602,33.242158,0.920602,2850,1
2851,0.00131618,33.242195,0.920607,33.242195,0.920607,2851,1
2852,0.0013142,33.242544,0.920613,33.242544,0.920613,2852,1
2853,0.00131532,33.242935,0.92062,33.242935,0.92062,2853,1
2854,0.0013163,33.243532,0.920621,33.243532,0.920621,2854,1
2855,0.00131563,33.243731,0.92063,33.243731,0.92063,2855,1
2856,0.00131491,33.24374,0.920636,33.24374,0.920636,2856,1
2857,0.00131489,33.244313,0.920639,33.244313,0.920639,2857,1
2858,0.0013144,33.24518,0.920645,33.24518,0.920645,2858,1
2859,0.0013153,33.245585,0.920648,33.245585,0.920648,2859,1
2860,0.00131589,33.246285,0.920655,33.246285,0.920655,2860,1
2861,0.00131497,33.246719,0.920658,33.246719,0.920658,2861,1
2862,0.0013147,33.247188,0.920662,33.247188,0.920662,2862,1
2863,0.00131323,33.247063,0.920669,33.247188,0.920669,2862,0
2864,0.00131509,33.247974,0.920677,33.247974,0.920677,2864,1
2865,0.00131577,33.248656,0.92068,33.248656,0.92068,2865,1
2866,0.00131466,33.249039,0.920685,33.249039,0.920685,2866,1
2867,0.00131508,33.24922,0.920688,33.24922,0.920688,2867,1
2868,0.00131402,33.249772,0.920695,33.249772,0.920695,2868,1
2869,0.00131372,33.250361,0.920702,33.250361,0.920702,2869,1
2870,0.00131423,33.250294,0.920708,33.250361,0.920708,2869,0
2871,0.00131389,33.251375,0.920711,33.251375,0.920711,2871,1
2872,0.00131347,33.25173,0.920721,33.25173,0.920721,2872,1
2873,0.00131404,33.252363,0.920723,33.252363,0.920723,2873,1
2874,0.00131318,33.252736,0.920731,33.252736,0.920731,2874,1
2875,0.00131353,33.253301,0.920736,33.253301,0.920736,2875,1
2876,0.00131376,33.253289,0.920743,33.253301,0.920743,2875,0
2877,0.00131214,33.254076,0.920746,33.254076,0.920746,2877,1
2878,0.00131269,33.254796,0.920753,33.254796,0.920753,2878,1
2879,0.00131216,33.255392,0.920756,33.255392,0.920756,2879,1
2880,0.00131195,33.255416,0.920765,33.255416,0.920765,2880,1
2881,0.00131115,33.256043,0.920767,33.256043,0.920767,2881,1
2882,0.00131261,33.256491,0.920771,33.256491,0.920771,2882,1
2883,0.00131112,33.256794,0.920781,33.256794,0.920781,2883,1
2884,0.00131149,33.257197,0.920783,33.257197,0.920783,2884,1
2885,0.00131273,33.257906,0.920786,33.257906,0.920786,2885,1
2886,0.00131039,33.25821,0.920795,33.25821,0.920795,2886,1
2887,0.00131346,33.258535,0.920801,33.258535,0.920801,2887,1
2888,0.00131127,33.259171,0.920801,33.259171,0.920801,2888,1
2889,0.0013119,33.259597,0.920807,33.259597,0.920807,2889,1
2890,0.00131165,33.259744,0.92082,33.259744,0.92082,2890,1
2891,0.00131015,33.260601,0.92082,33.260601,0.92082,2891,1
2892,0.00131099,33.260752,0.920828,33.260752,0.920828,2892,1
2893,0.00131119,33.261499,0.920829,33.261499,0.920829,2893,1
2894,0.00131055,33.26184,0.920837,33.26184,0.920837,2894,1
2895,0.00130943,33.262461,0.92084,33.262461,0.92084,2895,1
2896,0.00130945,33.262866,0.920849,33.262866,0.920849,2896,1
2897,0.00131058,33.263369,0.920851,33.263369,0.920851,2897,1
2898,0.0013104,33.263646,0.920857,33.263646,0.920857,2898,1
2899,0.00130876,33.263894,0.920862,33.263894,0.920862,2899,1
2900,0.0013107,33.264541,0.920868,33.264541,0.920868,2900,1
2901,0.00131068,33.264756,0.920872,33.264756,0.920872,2901,1
2902,0.00131064,33.264932,0.920876,33.264932,0.920876,2902,1
2903,0.00131063,33.265858,0.920881,33.265858,0.920881,2903,1
2904,0.00130994,33.264975,0.920884,33.265858,0.920884,2903,0
2905,0.00130957,33.266081,0.920892,33.266081,0.920892,2905,1
2906,0.00131022,33.266743,0.920899,33.266743,0.920899,2906,1
2907,0.00130977,33.267229,0.920904,33.267229,0.920904,2907,1
2908,0.00130934,33.267937,0.92091,33.267937,0.92091,2908,1
2909,0.00130928,33.268202,0.920914,33.268202,0.920914,2909,1
2910,0.00130841,33.267866,0.920919,33.268202,0.920919,2909,0
2911,0.00131073,33.268736,0.920923,33.268736,0.920923,2911,1
2912,0.00130885,33.269921,0.920928,33.269921,0.920928,2912,1
2913,0.00130942,33.270196,0.920934,33.270196,0.920934,2913,1
2914,0.00130734,33.270751,0.92094,33.270751,0.92094,2914,1
2915,0.00131042,33.270788,0.920945,33.270788,0.920945,2915,1
2916,0.00130864,33.271366,0.92095,33.271366,0.92095,2916,1
2917,0.00130837,33.271395,0.920957,33.271395,0.920957,2917,1
2918,0.00130853,33.272298,0.920957,33.272298,0.920957,2918,1
2919,0.00130785,33.272825,0.920964,33.272825,0.920964,2919,1
2920,0.00130834,33.273181,0.920971,33.273181,0.920971,2920,1
2921,0.00130782,33.273285,0.920977,33.273285,0.920977,2921,1
2922,0.00130806,33.273791,0.920981,33.273791,0.920981,2922,1
2923,0.00130785,33.274931,0.920984,33.274931,0.920984,2923,1
2924,0.00130666,33.275039,0.920995,33.275039,0.920995,2924,1
2925,0.00130817,33.275673,0.920999,33.275673,0.920999,2925,1
2926,0.00130712,33.276355,0.921005,33.276355,0.921005,2926,1
2927,0.00130777,33.276715,0.921009,33.276715,0.921009,2927,1
2928,0.00130659,33.276727,0.921014,33.276727,0.921014,2928,1
2929,0.00130647,33.277324,0.921018,33.277324,0.921018,2929,1
2930,0.00130748,33.278062,0.921021,33.278062,0.921021,2930,1
2931,0.00130804,33.278058,0.921031,33.278062,0.921031,2930,0
2932,0.00130669,33.278872,0.921038,33.278872,0.921038,2932,1
2933,0.00130535,33.279555,0.921042,33.279555,0.921042,2933,1
2934,0.00130677,33.279813,0.921047,33.279813,0.921047,2934,1
2935,0.00130607,33.280408,0.921051,33.280408,0.921051,2935,1
2936,0.00130552,33.280857,0.921058,33.280857,0.921058,2936,1
2937,0.00130656,33.281186,0.921062,33.281186,0.921062,2937,1
2938,0.00130637,33.281692,0.921066,33.281692,0.921066,2938,1
2939,0.00130643,33.281855,0.921073,33.281855,0.921073,2939,1
2940,0.00130533,33.282235,0.92108,33.282235,0.92108,2940,1
2941,0.00130556,33.283,0.921082,33.283,0.921082,2941,1
2942,0.00130569,33.283441,0.921087,33.283441,0.921087,2942,1
2943,0.00130584,33.283932,0.921092,33.283932,0.921092,2943,1
2944,0.00130564,33.284668,0.921099,33.284668,0.921099,2944,1
2945,0.00130408,33.284964,0.921103,33.284964,0.921103,2945,1
2946,0.00130589,33.285588,0.921109,33.285588,0.921109,2946,1
2947,0.00130402,33.285914,0.921115,33.285914,0.921115,2947,1
2948,0.0013039,33.286424,0.92112,33.286424,0.92112,2948,1
2949,0.00130613,33.286877,0.921126,33.286877,0.921126,2949,1
2950,0.00130611,33.287282,0.921131,33.287282,0.921131,2950,1
2951,0.00130627,33.287671,0.921136,33.287671,0.921136,2951,1
2952,0.00130469,33.288176,0.92114,33.288176,0.92114,2952,1
2953,0.0013043,33.28873,0.921149,33.28873,0.921149,2953,1
2954,0.00130429,33.28863,0.921156,33.28873,0.921156,2953,0
2955,0.00130401,33.289582,0.921162,33.289582,0.921162,2955,1
2956,0.00130266,33.290293,0.921164,33.290293,0.921164,2956,1
2957,0.00130395,33.290335,0.921171,33.290335,0.921171,2957,1
2958,0.00130333,33.291129,0.921174,33.291129,0.921174,2958,1
2959,0.00130279,33.291404,0.921182,33.291404,0.921182,2959,1
2960,0.0013042,33.292026,0.921185,33.292026,0.921185,2960,1
2961,0.00130287,33.292092,0.921191,33.292092,0.921191,2961,1
2962,0.00130334,33.292713,0.921195,33.292713,0.921195,2962,1
2963,0.00130446,33.293284,0.921198,33.293284,0.921198,2963,1
2964,0.00130477,33.293766,0.921203,33.293766,0.921203,2964,1
2965,0.00130338,33.294318,0.921207,33.294318,0.921207,2965,1
2966,0.00130285,33.294644,0.921214,33.294644,0.921214,2966,1
2967,0.00130098,33.295024,0.921217,33.295024,0.921217,2967,1
2968,0.00130245,33.295588,0.921224,33.295588,0.921224,2968,1
2969,0.00130297,33.295821,0.921229,33.295821,0.921229,2969,1
2970,0.00130253,33.296412,0.921233,33.296412,0.921233,2970,1
2971,0.00130201,33.296719,0.921243,33.296719,0.921243,2971,1
2972,0.00130278,33.297276,0.921245,33.297276,0.921245,2972,1
2973,0.00130108,33.297511,0.921249,33.297511,0.921249,2973,1
2974,0.00130166,33.29848,0.921254,33.29848,0.921254,2974,1
2975,0.00130223,33.298694,0.921262,33.298694,0.921262,2975,1
2976,0.00130059,33.299259,0.921264,33.299259,0.921264,2976,1
2977,0.00130113,33.299186,0.921272,33.299259,0.921272,2976,0
2978,0.00130188,33.299838,0.921274,33.299838,0.921274,2978,1
2979,0.00130218,33.300436,0.921276,33.300436,0.921276,2979,1
2980,0.00130349,33.300915,0.921282,33.300915,0.921282,2980,1
2981,0.00130016,33.301027,0.92129,33.301027,0.92129,2981,1
2982,0.00129946,33.301647,0.921293,33.301647,0.921293,2982,1
2983,0.00130067,33.301985,0.921299,33.301985,0.921299,2983,1
2984,0.00130066,33.302502,0.921304,33.302502,0.921304,2984,1
2985,0.0013002,33.302908,0.921308,33.302908,0.921308,2985,1
2986,0.00130206,33.303233,0.921315,33.303233,0.921315,2986,1
2987,0.00130069,33.303225,0.921318,33.303233,0.921318,2986,0
2988,0.00130074,33.303981,0.921322,33.303981,0.921322,2988,1
2989,0.00129921,33.304431,0.921328,33.304431,0.921328,2989,1
2990,0.00130115,33.305167,0.921333,33.305167,0.921333,2990,1
2991,0.00129982,33.305204,0.921338,33.305204,0.921338,2991,1
2992,0.00129952,33.305696,0.92134,33.305696,0.92134,2992,1
2993,0.00129958,33.306106,0.92135,33.306106,0.92135,2993,1
2994,0.00129907,33.306552,0.921354,33.306552,0.921354,2994,1
2995,0.00129727,33.306939,0.92136,33.306939,0.92136,2995,1
2996,0.00130044,33.307853,0.921362,33.307853,0.921362,2996,1
2997,0.00129999,33.308048,0.921368,33.308048,0.921368,2997,1
2998,0.00129881,33.308593,0.921374,33.308593,0.921374,2998,1
2999,0.00129886,33.308848,0.921381,33.308848,0.921381,2999,1
3000,0.00129921,33.309163,0.921385,33.309163,0.921385,3000,1
3001,0.00130005,33.309701,0.92139,33.309701,0.92139,3001,1
3002,0.0012981,33.31045,0.921394,33.31045,0.921394,3002,1
3003,0.00129802,33.31106,0.921399,33.31106,0.921399,3003,1
3004,0.00129891,33.310911,0.921403,33.31106,0.921403,3003,0
3005,0.0012994,33.311627,0.921411,33.311627,0.921411,3005,1
3006,0.00129807,33.312194,0.921416,33.312194,0.921416,3006,1
3007,0.00129747,33.312679,0.921421,33.312679,0.921421,3007,1
3008,0.00129888,33.313221,0.921424,33.313221,0.921424,3008,1
3009,0.00129931,33.313666,0.921428,33.313666,0.921428,3009,1
3010,0.00129705,33.313931,0.921434,33.313931,0.921434,3010,1
3011,0.00129659,33.3143,0.921436,33.3143,0.921436,3011,1
3012,0.00129785,33.314721,0.921447,33.314721,0.921447,3012,1
3013,0.0012975,33.315416,0.92145,33.315416,0.92145,3013,1
3014,0.00129678,33.315765,0.921456,33.315765,0.921456,3014,1
3015,0.00129801,33.3159,0.921458,33.3159,0.921458,3015,1
3016,0.00129772,33.316555,0.921462,33.316555,0.921462,3016,1
3017,0.00129692,33.316906,0.92147,33.316906,0.92147,3017,1
3018,0.00129573,33.317819,0.921474,33.317819,0.921474,3018,1
3019,0.00129782,33.31791,0.921482,33.31791,0.921482,3019,1
3020,0.00129634,33.318015,0.921486,33.318015,0.921486,3020,1
3021,0.0012973,33.318487,0.921489,33.318487,0.921489,3021,1
3022,0.00129612,33.318922,0.92149,33.318922,0.92149,3022,1
3023,0.00129644,33.319533,0.921497,33.319533,0.921497,3023,1
3024,0.00129738,33.32008,0.921505,33.32008,0.921505,3024,1
3025,0.00129703,33.320316,0.921511,33.320316,0.921511,3025,1
3026,0.00129431,33.320814,0.921515,33.320814,0.921515,3026,1
3027,0.0012962,33.321374,0.921517,33.321374,0.921517,3027,1
3028,0.00129553,33.321824,0.921523,33.321824,0.921523,3028,1
3029,0.0012961,33.322208,0.921528,33.322208,0.921528,3029,1
3030,0.00129654,33.32281,0.921535,33.32281,0.921535,3030,1
3031,0.0012951,33.323255,0.921539,33.323255,0.921539,3031,1
3032,0.00129454,33.323116,0.921541,33.323255,0.921541,3031,0
3033,0.00129664,33.323662,0.921544,33.323662,0.921544,3033,1
3034,0.00129487,33.323651,0.921551,33.323662,0.921551,3033,0
3035,0.00129592,33.324259,0.921553,33.324259,0.921553,3035,1
3036,0.00129588,33.32462,0.92156,33.32462,0.92156,3036,1
3037,0.00129394,33.325351,0.921562,33.325351,0.921562,3037,1
3038,0.00129524,33.325591,0.921569,33.325591,0.921569,3038,1
3039,0.00129571,33.325598,0.921572,33.325598,0.921572,3039,1
3040,0.00129378,33.326309,0.921578,33.326309,0.921578,3040,1
3041,0.0012934,33.326732,0.921584,33.326732,0.921584,3041,1
3042,0.00129468,33.327447,0.921589,33.327447,0.921589,3042,1
3043,0.00129437,33.327843,0.921596,33.327843,0.921596,3043,1
3044,0.00129424,33.328368,0.921599,33.328368,0.921599,3044,1
3045,0.00129492,33.328885,0.921605,33.328885,0.921605,3045,1
3046,0.00129222,33.329178,0.921608,33.329178,0.921608,3046,1
3047,0.00129543,33.329585,0.921612,33.329585,0.921612,3047,1
3048,0.00129144,33.329765,0.921618,33.329765,0.921618,3048,1
3049,0.00129232,33.330454,0.921622,33.330454,0.921622,3049,1
3050,0.00129545,33.330493,0.921625,33.330493,0.921625,3050,1
3051,0.00129366,33.331469,0.921633,33.331469,0.921633,3051,1
3052,0.00129181,33.331669,0.921638,33.331669,0.921638,3052,1
3053,0.00129247,33.332057,0.921645,33.332057,0.921645,3053,1
3054,0.00129322,33.332471,0.921647,33.332471,0.921647,3054,1
3055,0.00129344,33.332767,0.921654,33.332767,0.921654,3055,1
3056,0.00129285,33.333343,0.921656,33.333343,0.921656,3056,1
3057,0.00129169,33.333595,0.92166,33.333595,0.92166,3057,1
3058,0.00129195,33.334417,0.921663,33.334417,0.921663,3058,1
3059,0.00129246,33.334562,0.921673,33.334562,0.921673,3059,1
3060,0.0012935,33.334791,0.921677,33.334791,0.921677,3060,1
3061,0.00129122,33.33538,0.92168,33.33538,0.92168,3061,1
3062,0.00129346,33.335995,0.921685,33.335995,0.921685,3062,1
3063,0.00129213,33.336662,0.92169,33.336662,0.92169,3063,1
3064,0.00129236,33.336842,0.921696,33.336842,0.921696,3064,1
3065,0.00129116,33.337264,0.9217,33.337264,0.9217,3065,1
3066,0.00129275,33.337371,0.921704,33.337371,0.921704,3066,1
3067,0.00129023,33.33797,0.92171,33.33797,0.92171,3067,1
3068,0.00128905,33.338717,0.921716,33.338717,0.921716,3068,1
3069,0.00129293,33.338957,0.921722,33.338957,0.921722,3069,1
3070,0.00129127,33.339549,0.921726,33.339549,0.921726,3070,1
3071,0.00129024,33.340072,0.92173,33.340072,0.92173,3071,1
3072,0.00129008,33.340302,0.921737,33.340302,0.921737,3072,1
3073,0.00129185,33.340711,0.921743,33.340711,0.921743,3073,1
3074,0.00129224,33.341517,0.921747,33.341517,0.921747,3074,1
3075,0.00129129,33.341721,0.921749,33.341721,0.921749,3075,1
3076,0.00129124,33.342171,0.921755,33.342171,0.921755,3076,1
3077,0.00129195,33.342639,0.921758,33.342639,0.921758,3077,1
3078,0.0012906,33.343195,0.921763,33.343195,0.921763,3078,1
3079,0.00129054,33.343355,0.921768,33.343355,0.921768,3079,1
3080,0.00129045,33.343852,0.921773,33.343852,0.921773,3080,1
3081,0.00129098,33.34416,0.92178,33.34416,0.92178,3081,1
3082,0.00129058,33.344829,0.921786,33.344829,0.921786,3082,1
3083,0.00129039,33.345085,0.921792,33.345085,0.921792,3083,1
3084,0.0012885,33.345876,0.921793,33.345876,0.921793,3084,1
3085,0.00129115,33.346031,0.921801,33.346031,0.921801,3085,1
3086,0.00128748,33.346806,0.921803,33.346806,0.921803,3086,1
3087,0.00128956,33.347293,0.921812,33.347293,0.921812,3087,1
3088,0.00128938,33.347775,0.921819,33.347775,0.921819,3088,1
3089,0.00128793,33.348095,0.921819,33.348095,0.921819,3089,1
3090,0.0012903,33.348386,0.921825,33.348386,0.921825,3090,1
3091,0.00128932,33.348839,0.921829,33.348839,0.921829,3091,1
3092,0.00128914,33.349422,0.921837,33.349422,0.921837,3092,1
3093,0.00128995,33.349798,0.921841,33.349798,0.921841,3093,1
3094,0.0012902,33.350101,0.921847,33.350101,0.921847,3094,1
3095,0.00128908,33.350769,0.921851,33.350769,0.921851,3095,1
3096,0.00128801,33.351103,0.921856,33.351103,0.921856,3096,1
3097,0.00128931,33.351474,0.921864,33.351474,0.921864,3097,1
3098,0.0012892,33.351889,0.921869,33.351889,0.921869,3098,1
3099,0.00128796,33.352232,0.921868,33.352232,0.921869,3098,0
3100,0.00128727,33.35276,0.921875,33.35276,0.921875,3100,1
3101,0.00128743,33.353035,0.921884,33.353035,0.921884,3101,1
3102,0.00128994,33.35321,0.921886,33.35321,0.921886,3102,1
3103,0.00128849,33.35375,0.921886,33.35375,0.921886,3102,0
3104,0.0012873,33.354062,0.921893,33.354062,0.921893,3104,1
3105,0.00128725,33.354535,0.9219,33.354535,0.9219,3105,1
3106,0.00128897,33.355101,0.921901,33.355101,0.921901,3106,1
3107,0.00128868,33.355545,0.921907,33.355545,0.921907,3107,1
3108,0.0012896,33.355644,0.921911,33.355644,0.921911,3108,1
3109,0.00128685,33.35632,0.921915,33.35632,0.921915,3109,1
3110,0.00128634,33.35673,0.921919,33.35673,0.921919,3110,1
3111,0.00128713,33.357173,0.921925,33.357173,0.921925,3111,1
3112,0.00128626,33.357491,0.92193,33.357491,0.92193,3112,1
3113,0.00128797,33.357695,0.921935,33.357695,0.921935,3113,1
3114,0.00128639,33.358186,0.921941,33.358186,0.921941,3114,1
3115,0.00128714,33.359077,0.921943,33.359077,0.921943,3115,1
3116,0.0012859,33.35937,0.921948,33.35937,0.921948,3116,1
3117,0.00128698,33.359787,0.921956,33.359787,0.921956,3117,1
3118,0.00128658,33.360417,0.921959,33.360417,0.921959,3118,1
3119,0.00128579,33.360524,0.921963,33.360524,0.921963,3119,1
3120,0.00128559,33.360834,0.92197,33.360834,0.92197,3120,1
3121,0.00128571,33.361005,0.921974,33.361005,0.921974,3121,1
3122,0.00128664,33.361616,0.921976,33.361616,0.921976,3122,1
3123,0.00128691,33.362071,0.921981,33.362071,0.921981,3123,1
3124,0.00128468,33.362375,0.921986,33.362375,0.921986,3124,1
3125,0.00128523,33.362988,0.921992,33.362988,0.921992,3125,1
3126,0.00128637,33.363139,0.921997,33.363139,0.921997,3126,1
3127,0.00128542,33.363716,0.922002,33.363716,0.922002,3127,1
3128,0.00128468,33.364159,0.922009,33.364159,0.922009,3128,1
3129,0.00128616,33.364636,0.922014,33.364636,0.922014,3129,1
3130,0.00128628,33.365081,0.922015,33.365081,0.922015,3130,1
3131,0.00128509,33.365336,0.922019,33.365336,0.922019,3131,1
3132,0.00128476,33.365795,0.922027,33.365795,0.922027,3132,1
3133,0.00128478,33.366211,0.922031,33.366211,0.922031,3133,1
3134,0.00128488,33.366592,0.922033,33.366592,0.922033,3134,1
3135,0.001286,33.36698,0.922038,33.36698,0.922038,3135,1
3136,0.00128544,33.367338,0.922042,33.367338,0.922042,3136,1
3137,0.0012858,33.36777,0.922043,33.36777,0.922043,3137,1
3138,0.00128566,33.368062,0.922051,33.368062,0.922051,3138,1
3139,0.00128494,33.368574,0.922055,33.368574,0.922055,3139,1
3140,0.00128455,33.36788,0.922048,33.368574,0.922055,3139,0
3141,0.00128427,33.368242,0.922055,33.368574,0.922055,3139,0
3142,0.00128481,33.368701,0.922058,33.368701,0.922058,3142,1
3143,0.00128408,33.369086,0.922064,33.369086,0.922064,3143,1
3144,0.00128471,33.369761,0.922068,33.369761,0.922068,3144,1
3145,0.00128387,33.369992,0.922072,33.369992,0.922072,3145,1
3146,0.00128394,33.370232,0.922078,33.370232,0.922078,3146,1
3147,0.00128536,33.370658,0.922083,33.370658,0.922083,3147,1
3148,0.00128327,33.371396,0.92209,33.371396,0.92209,3148,1
3149,0.00128352,33.371544,0.922094,33.371544,0.922094,3149,1
3150,0.00128527,33.372289,0.922099,33.372289,0.922099,3150,1
3151,0.00128201,33.372388,0.922101,33.372388,0.922101,3151,1
3152,0.00128282,33.373043,0.922105,33.373043,0.922105,3152,1
3153,0.00128394,33.373579,0.92211,33.373579,0.92211,3153,1
3154,0.001282,33.37403,0.922118,33.37403,0.922118,3154,1
3155,0.00128279,33.374664,0.922119,33.374664,0.922119,3155,1
3156,0.00128308,33.374841,0.922127,33.374841,0.922127,3156,1
3157,0.00128402,33.375337,0.922131,33.375337,0.922131,3157,1
3158,0.0012832,33.375719,0.922138,33.375719,0.922138,3158,1
3159,0.00128248,33.376032,0.922139,33.376032,0.922139,3159,1
3160,0.00128208,33.376573,0.922142,33.376573,0.922142,3160,1
3161,0.00128221,33.377033,0.922147,33.377033,0.922147,3161,1
3162,0.00128361,33.377297,0.922155,33.377297,0.922155,3162,1
3163,0.00128147,33.377821,0.922159,33.377821,0.922159,3163,1
3164,0.00128239,33.378233,0.922164,33.378233,0.922164,3164,1
3165,0.00128215,33.378557,0.922167,33.378557,0.922167,3165,1
3166,0.0012821,33.378882,0.922172,33.378882,0.922172,3166,1
3167,0.00128171,33.379624,0.922174,33.379624,0.922174,3167,1
3168,0.00128123,33.379961,0.922185,33.379961,0.922185,3168,1
3169,0.00128285,33.380454,0.922183,33.380454,0.922185,3168,0
3170,0.00128004,33.380776,0.922188,33.380776,0.922188,3170,1
3171,0.00128069,33.381138,0.922194,33.381138,0.922194,3171,1
3172,0.00127975,33.381439,0.922196,33.381439,0.922196,3172,1
3173,0.00128294,33.381811,0.922206,33.381811,0.922206,3173,1
3174,0.00128102,33.382409,0.922206,33.382409,0.922206,3174,1
3175,0.00128032,33.382817,0.922213,33.382817,0.922213,3175,1
3176,0.00128144,33.38308,0.922219,33.38308,0.922219,3176,1
3177,0.00128185,33.38361,0.922221,33.38361,0.922221,3177,1
3178,0.00128029,33.383982,0.922231,33.383982,0.922231,3178,1
3179,0.00128026,33.384396,0.922236,33.384396,0.922236,3179,1
3180,0.00127919,33.384989,0.92224,33.384989,0.92224,3180,1
3181,0.00128115,33.385413,0.922245,33.385413,0.922245,3181,1
3182,0.00128121,33.38591,0.922249,33.38591,0.922249,3182,1
3183,0.00128137,33.386443,0.922252,33.386443,0.922252,3183,1
3184,0.00128025,33.386791,0.922259,33.386791,0.922259,3184,1
3185,0.00127904,33.387012,0.922262,33.387012,0.922262,3185,1
3186,0.00128038,33.387326,0.922267,33.387326,0.922267,3186,1
3187,0.00127842,33.387783,0.922273,33.387783,0.922273,3187,1
3188,0.00127912,33.388161,0.922276,33.388161,0.922276,3188,1
3189,0.00127908,33.388693,0.922281,33.388693,0.922281,3189,1
3190,0.0012791,33.389235,0.922288,33.389235,0.922288,3190,1
3191,0.00128078,33.38949,0.922293,33.38949,0.922293,3191,1
3192,0.00127982,33.38995,0.922295,33.38995,0.922295,3192,1
3193,0.00127871,33.390107,0.922299,33.390107,0.922299,3193,1
3194,0.00127957,33.390721,0.922303,33.390721,0.922303,3194,1
3195,0.00127879,33.391211,0.922304,33.391211,0.922304,3195,1
3196,0.00128016,33.391642,0.922309,33.391642,0.922309,3196,1
3197,0.00127895,33.392172,0.922314,33.392172,0.922314,3197,1
3198,0.00127717,33.392499,0.922313,33.392499,0.922314,3197,0
3199,0.00127747,33.392838,0.922323,33.392838,0.922323,3199,1
3200,0.00127912,33.393279,0.922327,33.393279,0.922327,3200,1
3201,0.00127883,33.393565,0.922332,33.393565,0.922332,3201,1
3202,0.00127742,33.394071,0.922336,33.394071,0.922336,3202,1
3203,0.00127672,33.394586,0.922339,33.394586,0.922339,3203,1
3204,0.00127767,33.394967,0.922344,33.394967,0.922344,3204,1
3205,0.00127839,33.395367,0.922348,33.395367,0.922348,3205,1
3206,0.00127666,33.395705,0.922353,33.395705,0.922353,3206,1
3207,0.00127782,33.39606,0.922356,33.39606,0.922356,3207,1
3208,0.00127754,33.396282,0.922361,33.396282,0.922361,3208,1
3209,0.0012767,33.396628,0.922366,33.396628,0.922366,3209,1
3210,0.00127508,33.397221,0.92237,33.397221,0.92237,3210,1
3211,0.00127756,33.397579,0.922375,33.397579,0.922375,3211,1
3212,0.00127783,33.397912,0.922379,33.397912,0.922379,3212,1
3213,0.00127694,33.398243,0.922384,33.398243,0.922384,3213,1
3214,0.00127608,33.398729,0.922388,33.398729,0.922388,3214,1
3215,0.00127618,33.399001,0.922391,33.399001,0.922391,3215,1
3216,0.00127743,33.399277,0.922393,33.399277,0.922393,3216,1
3217,0.00127786,33.399677,0.922395,33.399677,0.922395,3217,1
3218,0.00127643,33.399988,0.922404,33.399988,0.922404,3218,1
3219,0.00127682,33.400327,0.922404,33.400327,0.922404,3218,0
3220,0.00127703,33.400901,0.922408,33.400901,0.922408,3220,1
3221,0.00127792,33.401183,0.922415,33.401183,0.922415,3221,1
3222,0.00127307,33.401711,0.92242,33.401711,0.92242,3222,1
3223,0.00127543,33.402002,0.922422,33.402002,0.922422,3223,1
3224,0.00127717,33.402384,0.922426,33.402384,0.922426,3224,1
3225,0.00127515,33.402837,0.92243,33.402837,0.92243,3225,1
3226,0.00127622,33.403134,0.922436,33.403134,0.922436,3226,1
3227,0.00127558,33.403804,0.922444,33.403804,0.922444,3227,1
3228,0.00127515,33.403998,0.922445,33.403998,0.922445,3228,1
3229,0.00127668,33.404624,0.922453,33.404624,0.922453,3229,1
3230,0.00127748,33.404915,0.922456,33.404915,0.922456,3230,1
3231,0.0012765,33.405317,0.92246,33.405317,0.92246,3231,1
3232,0.00127565,33.405996,0.922468,33.405996,0.922468,3232,1
3233,0.00127453,33.406281,0.922472,33.406281,0.922472,3233,1
3234,0.00127435,33.406957,0.922478,33.406957,0.922478,3234,1
3235,0.00127483,33.407148,0.922484,33.407148,0.922484,3235,1
3236,0.00127435,33.407538,0.922487,33.407538,0.922487,3236,1
3237,0.00127544,33.407774,0.922494,33.407774,0.922494,3237,1
3238,0.00127443,33.408427,0.922496,33.408427,0.922496,3238,1
3239,0.00127499,33.408772,0.922502,33.408772,0.922502,3239,1
3240,0.00127495,33.409259,0.922503,33.409259,0.922503,3240,1
3241,0.00127256,33.409555,0.922508,33.409555,0.922508,3241,1
3242,0.00127296,33.409922,0.922511,33.409922,0.922511,3242,1
3243,0.00127496,33.409317,0.922507,33.409922,0.922511,3242,0
3244,0.00127157,33.409734,0.922515,33.409922,0.922515,3242,0
3245,0.00127428,33.40987,0.922519,33.409922,0.922519,3242,0
3246,0.00127466,33.410504,0.922524,33.410504,0.922524,3246,1
3247,0.00127304,33.411041,0.922526,33.411041,0.922526,3247,1
3248,0.00127348,33.411415,0.92253,33.411415,0.92253,3248,1
3249,0.00127426,33.411725,0.922534,33.411725,0.922534,3249,1
3250,0.00127287,33.412203,0.922541,33.412203,0.922541,3250,1
3251,0.00127264,33.412637,0.922544,33.412637,0.922544,3251,1
3252,0.00127393,33.413053,0.92255,33.413053,0.92255,3252,1
3253,0.00127308,33.41357,0.922553,33.41357,0.922553,3253,1
3254,0.00127332,33.41399,0.92256,33.41399,0.92256,3254,1
3255,0.00127394,33.414044,0.922565,33.414044,0.922565,3255,1
3256,0.00127216,33.414889,0.922567,33.414889,0.922567,3256,1
3257,0.00127296,33.415151,0.922574,33.415151,0.922574,3257,1
3258,0.00127329,33.415714,0.922576,33.415714,0.922576,3258,1
3259,0.0012733,33.416095,0.922584,33.416095,0.922584,3259,1
3260,0.0012726,33.416263,0.922588,33.416263,0.922588,3260,1
3261,0.0012716,33.416529,0.922593,33.416529,0.922593,3261,1
3262,0.00127296,33.416846,0.922595,33.416846,0.922595,3262,1
3263,0.00127272,33.417265,0.922599,33.417265,0.922599,3263,1
3264,0.00127223,33.417575,0.922604,33.417575,0.922604,3264,1
3265,0.00127315,33.418116,0.922607,33.418116,0.922607,3265,1
3266,0.00127203,33.418519,0.922614,33.418519,0.922614,3266,1
3267,0.00127142,33.418985,0.922618,33.418985,0.922618,3267,1
3268,0.00127084,33.419605,0.922624,33.419605,0.922624,3268,1
3269,0.00127127,33.419897,0.922627,33.419897,0.922627,3269,1
3270,0.00127143,33.420389,0.92263,33.420389,0.92263,3270,1
3271,0.00127059,33.420757,0.922633,33.420757,0.922633,3271,1
3272,0.00127043,33.421017,0.922639,33.421017,0.922639,3272,1
3273,0.00127128,33.421297,0.922641,33.421297,0.922641,3273,1
3274,0.00127043,33.421705,0.922647,33.421705,0.922647,3274,1
3275,0.00127086,33.422004,0.922651,33.422004,0.922651,3275,1
3276,0.00127022,33.422646,0.922654,33.422646,0.922654,3276,1
3277,0.00127163,33.422922,0.922661,33.422922,0.922661,3277,1
3278,0.00126985,33.423408,0.922665,33.423408,0.922665,3278,1
3279,0.00126909,33.423739,0.922667,33.423739,0.922667,3279,1
3280,0.00127091,33.42397,0.922673,33.42397,0.922673,3280,1
3281,0.00127017,33.424421,0.922678,33.424421,0.922678,3281,1
3282,0.00127068,33.424891,0.92268,33.424891,0.92268,3282,1
3283,0.00127039,33.425173,0.922683,33.425173,0.922683,3283,1
3284,0.00127127,33.42555,0.922686,33.42555,0.922686,3284,1
3285,0.00127009,33.426074,0.922692,33.426074,0.922692,3285,1
3286,0.00126844,33.426245,0.922696,33.426245,0.922696,3286,1
3287,0.00127016,33.426783,0.922704,33.426783,0.922704,3287,1
3288,0.00126987,33.427178,0.922706,33.427178,0.922706,3288,1
3289,0.00126852,33.427497,0.92271,33.427497,0.92271,3289,1
3290,0.0012695,33.427763,0.922714,33.427763,0.922714,3290,1
3291,0.00126985,33.428056,0.922717,33.428056,0.922717,3291,1
3292,0.0012692,33.428684,0.922723,33.428684,0.922723,3292,1
3293,0.00126884,33.429328,0.922728,33.429328,0.922728,3293,1
3294,0.00126997,33.429628,0.922731,33.429628,0.922731,3294,1
3295,0.00126905,33.429866,0.922734,33.429866,0.922734,3295,1
3296,0.00126826,33.430169,0.922738,33.430169,0.922738,3296,1
3297,0.00126879,33.43058,0.922744,33.43058,0.922744,3297,1
3298,0.00126937,33.430646,0.92275,33.430646,0.92275,3298,1
3299,0.00126784,33.431424,0.922755,33.431424,0.922755,3299,1
3300,0.00126873,33.43172,0.922759,33.43172,0.922759,3300,1
3301,0.00126786,33.432035,0.922764,33.432035,0.922764,3301,1
3302,0.001269,33.432598,0.922768,33.432598,0.922768,3302,1
3303,0.00126971,33.432917,0.922773,33.432917,0.922773,3303,1
3304,0.00127021,33.433157,0.922777,33.433157,0.922777,3304,1
3305,0.00126836,33.4337,0.922778,33.4337,0.922778,3305,1
3306,0.00126687,33.433967,0.922785,33.433967,0.922785,3306,1
3307,0.00126839,33.43412,0.922788,33.43412,0.922788,3307,1
3308,0.00126686,33.43477,0.922794,33.43477,0.922794,3308,1
3309,0.00126727,33.435015,0.922799,33.435015,0.922799,3309,1
3310,0.00126684,33.435721,0.922804,33.435721,0.922804,3310,1
3311,0.00126842,33.435992,0.922805,33.435992,0.922805,3311,1
3312,0.00126679,33.436239,0.922808,33.436239,0.922808,3312,1
3313,0.00126691,33.436599,0.922814,33.436599,0.922814,3313,1
3314,0.00126678,33.437065,0.922814,33.437065,0.922814,3314,1
3315,0.00126596,33.437533,0.922822,33.437533,0.922822,3315,1
3316,0.00126588,33.437878,0.922827,33.437878,0.922827,3316,1
3317,0.00126725,33.438106,0.922831,33.438106,0.922831,3317,1
3318,0.00126757,33.438682,0.922837,33.438682,0.922837,3318,1
3319,0.00126793,33.439153,0.92284,33.439153,0.92284,3319,1
3320,0.00126624,33.439381,0.922845,33.439381,0.922845,3320,1
3321,0.00126532,33.439851,0.922851,33.439851,0.922851,3321,1
3322,0.00126688,33.440022,0.922851,33.440022,0.922851,3321,0
3323,0.00126616,33.440399,0.922858,33.440399,0.922858,3323,1
3324,0.00126755,33.440905,0.922862,33.440905,0.922862,3324,1
3325,0.00126726,33.441374,0.922868,33.441374,0.922868,3325,1
3326,0.0012659,33.44163,0.922872,33.44163,0.922872,3326,1
3327,0.00126426,33.442031,0.922875,33.442031,0.922875,3327,1
3328,0.00126619,33.442548,0.922882,33.442548,0.922882,3328,1
3329,0.00126665,33.442859,0.922884,33.442859,0.922884,3329,1
3330,0.00126509,33.443138,0.922887,33.443138,0.922887,3330,1
3331,0.00126681,33.443331,0.922893,33.443331,0.922893,3331,1
3332,0.00126647,33.443819,0.922894,33.443819,0.922894,3332,1
3333,0.00126537,33.444018,0.922898,33.444018,0.922898,3333,1
3334,0.00126588,33.444205,0.922904,33.444205,0.922904,3334,1
3335,0.00126507,33.444775,0.922908,33.444775,0.922908,3335,1
3336,0.00126593,33.445063,0.92291,33.445063,0.92291,3336,1
3337,0.0012648,33.445604,0.922919,33.445604,0.922919,3337,1
3338,0.00126496,33.446,0.922921,33.446,0.922921,3338,1
3339,0.00126466,33.44637,0.922926,33.44637,0.922926,3339,1
3340,0.00126415,33.446386,0.922921,33.446386,0.922926,3339,0
3341,0.00126473,33.446836,0.922925,33.446836,0.922926,3339,0
3342,0.00126507,33.447232,0.922929,33.447232,0.922929,3342,1
3343,0.00126552,33.447477,0.922936,33.447477,0.922936,3343,1
3344,0.0012633,33.447742,0.922935,33.447742,0.922936,3343,0
3345,0.00126473,33.448165,0.922941,33.448165,0.922941,3345,1
3346,0.00126363,33.448436,0.922942,33.448436,0.922942,3346,1
3347,0.00126418,33.448736,0.922948,33.448736,0.922948,3347,1
3348,0.00126391,33.449029,0.922953,33.449029,0.922953,3348,1
3349,0.00126542,33.449701,0.922959,33.449701,0.922959,3349,1
3350,0.00126356,33.449833,0.922961,33.449833,0.922961,3350,1
3351,0.00126389,33.450263,0.922965,33.450263,0.922965,3351,1
3352,0.00126292,33.450547,0.92297,33.450547,0.92297,3352,1
3353,0.00126499,33.45105,0.922976,33.45105,0.922976,3353,1
3354,0.00126352,33.451428,0.922979,33.451428,0.922979,3354,1
3355,0.00126348,33.451934,0.922985,33.451934,0.922985,3355,1
3356,0.00126255,33.452208,0.922988,33.452208,0.922988,3356,1
3357,0.00126231,33.452557,0.922992,33.452557,0.922992,3357,1
3358,0.00126388,33.452712,0.922994,33.452712,0.922994,3358,1
3359,0.00126174,33.45328,0.922999,33.45328,0.922999,3359,1
3360,0.00126337,33.453356,0.923,33.453356,0.923,3360,1
3361,0.00126282,33.453952,0.923005,33.453952,0.923005,3361,1
3362,0.00126264,33.454094,0.923011,33.454094,0.923011,3362,1
3363,0.00126356,33.45478,0.923016,33.45478,0.923016,3363,1
3364,0.00126157,33.455042,0.923021,33.455042,0.923021,3364,1
3365,0.00126278,33.45544,0.923024,33.45544,0.923024,3365,1
3366,0.00126278,33.45565,0.923026,33.45565,0.923026,3366,1
3367,0.00126207,33.456232,0.923032,33.456232,0.923032,3367,1
3368,0.00126177,33.456508,0.923037,33.456508,0.923037,3368,1
3369,0.0012614,33.456853,0.923042,33.456853,0.923042,3369,1
3370,0.00126072,33.457349,0.923044,33.457349,0.923044,3370,1
3371,0.00126233,33.457726,0.923051,33.457726,0.923051,3371,1
3372,0.00126206,33.458178,0.923055,33.458178,0.923055,3372,1
3373,0.00126254,33.458534,0.923056,33.458534,0.923056,3373,1
3374,0.00126247,33.458805,0.92306,33.458805,0.92306,3374,1
3375,0.00126231,33.4593,0.923067,33.4593,0.923067,3375,1
3376,0.00126077,33.459673,0.92307,33.459673,0.92307,3376,1
3377,0.00126102,33.459822,0.923072,33.459822,0.923072,3377,1
3378,0.00126135,33.460426,0.923081,33.460426,0.923081,3378,1
3379,0.00126146,33.460682,0.923082,33.460682,0.923082,3379,1
3380,0.00126119,33.461098,0.923087,33.461098,0.923087,3380,1
3381,0.00126106,33.461464,0.923092,33.461464,0.923092,3381,1
3382,0.00126179,33.461762,0.923097,33.461762,0.923097,3382,1
3383,0.00126194,33.462182,0.923098,33.462182,0.923098,3383,1
3384,0.00126094,33.462482,0.923101,33.462482,0.923101,3384,1
3385,0.00126088,33.462871,0.923109,33.462871,0.923109,3385,1
3386,0.00126155,33.463115,0.923113,33.463115,0.923113,3386,1
3387,0.00126024,33.463623,0.923113,33.463623,0.923113,3386,0
3388,0.00126151,33.463842,0.923118,33.463842,0.923118,3388,1
3389,0.00125912,33.464163,0.923123,33.464163,0.923123,3389,1
3390,0.00126069,33.464827,0.923127,33.464827,0.923127,3390,1
3391,0.00125984,33.465086,0.923128,33.465086,0.923128,3391,1
3392,0.00125874,33.465456,0.923137,33.465456,0.923137,3392,1
3393,0.00126116,33.465825,0.923139,33.465825,0.923139,3393,1
3394,0.00125868,33.466265,0.923147,33.466265,0.923147,3394,1
3395,0.00125954,33.466452,0.923146,33.466452,0.923147,3394,0
3396,0.00126001,33.467104,0.923151,33.467104,0.923151,3396,1
3397,0.00126095,33.467344,0.923155,33.467344,0.923155,3397,1
3398,0.00126011,33.467788,0.923156,33.467788,0.923156,3398,1
3399,0.00125848,33.468144,0.923162,33.468144,0.923162,3399,1
3400,0.00125925,33.468494,0.923167,33.468494,0.923167,3400,1
3401,0.00125977,33.468766,0.923174,33.468766,0.923174,3401,1
3402,0.00125991,33.469014,0.923171,33.469014,0.923174,3401,0
3403,0.00125859,33.469118,0.923172,33.469118,0.923174,3401,0
3404,0.00125946,33.46954,0.92318,33.46954,0.92318,3404,1
3405,0.00125916,33.470019,0.923185,33.470019,0.923185,3405,1
3406,0.00125766,33.470335,0.923186,33.470335,0.923186,3406,1
3407,0.00125896,33.470742,0.923193,33.470742,0.923193,3407,1
3408,0.00125966,33.471097,0.923196,33.471097,0.923196,3408,1
3409,0.00125889,33.471576,0.923202,33.471576,0.923202,3409,1
3410,0.00125838,33.47194,0.923205,33.47194,0.923205,3410,1
3411,0.00125901,33.472302,0.923209,33.472302,0.923209,3411,1
3412,0.00125828,33.472876,0.923231,33.472876,0.923231,3412,1
3413,0.00125773,33.473387,0.923235,33.473387,0.923235,3413,1
3414,0.00125782,33.473593,0.923238,33.473593,0.923238,3414,1
3415,0.00125858,33.473968,0.92324,33.473968,0.92324,3415,1
3416,0.00125769,33.47427,0.923246,33.47427,0.923246,3416,1
3417,0.00125782,33.474735,0.92325,33.474735,0.92325,3417,1
3418,0.00125792,33.474899,0.923252,33.474899,0.923252,3418,1
3419,0.00125645,33.475131,0.923257,33.475131,0.923257,3419,1
3420,0.0012558,33.475702,0.923263,33.475702,0.923263,3420,1
3421,0.0012584,33.475804,0.923266,33.475804,0.923266,3421,1
3422,0.00125657,33.476318,0.92327,33.476318,0.92327,3422,1
3423,0.00125711,33.476676,0.923273,33.476676,0.923273,3423,1
3424,0.00125838,33.476962,0.923274,33.476962,0.923274,3424,1
3425,0.00125563,33.477413,0.92328,33.477413,0.92328,3425,1
3426,0.00125486,33.477953,0.923286,33.477953,0.923286,3426,1
3427,0.00125685,33.478087,0.923288,33.478087,0.923288,3427,1
3428,0.00125597,33.47849,0.923295,33.47849,0.923295,3428,1
3429,0.00125576,33.47885,0.923296,33.47885,0.923296,3429,1
3430,0.00125775,33.479311,0.923304,33.479311,0.923304,3430,1
3431,0.00125623,33.479509,0.923304,33.479509,0.923304,3431,1
3432,0.0012544,33.480059,0.923313,33.480059,0.923313,3432,1
3433,0.00125674,33.480513,0.923316,33.480513,0.923316,3433,1
3434,0.00125476,33.480664,0.923316,33.480664,0.923316,3434,1
3435,0.00125346,33.4812,0.923325,33.4812,0.923325,3435,1
3436,0.00125662,33.481522,0.923329,33.481522,0.923329,3436,1
3437,0.00125715,33.481814,0.923331,33.481814,0.923331,3437,1
3438,0.001255,33.482264,0.923336,33.482264,0.923336,3438,1
3439,0.00125516,33.48253,0.923339,33.48253,0.923339,3439,1
3440,0.00125583,33.482791,0.923341,33.482791,0.923341,3440,1
3441,0.00125545,33.483244,0.923347,33.483244,0.923347,3441,1
3442,0.00125604,33.483761,0.923354,33.483761,0.923354,3442,1
3443,0.00125536,33.484189,0.923358,33.484189,0.923358,3443,1
3444,0.00125587,33.484596,0.923365,33.484596,0.923365,3444,1
3445,0.0012549,33.484825,0.923369,33.484825,0.923369,3445,1
3446,0.00125657,33.485345,0.923374,33.485345,0.923374,3446,1
3447,0.00125586,33.485628,0.923373,33.485628,0.923374,3446,0
3448,0.0012543,33.486017,0.923376,33.486017,0.923376,3448,1
3449,0.0012538,33.486538,0.923385,33.486538,0.923385,3449,1
3450,0.00125437,33.486792,0.923387,33.486792,0.923387,3450,1
3451,0.00125442,33.487001,0.923389,33.487001,0.923389,3451,1
3452,0.0012545,33.487393,0.923397,33.487393,0.923397,3452,1
3453,0.00125279,33.487615,0.923398,33.487615,0.923398,3453,1
3454,0.00125368,33.487809,0.923399,33.487809,0.923399,3454,1
3455,0.00125328,33.488441,0.923412,33.488441,0.923412,3455,1
3456,0.00125331,33.488754,0.923412,33.488754,0.923412,3455,0
3457,0.00125413,33.489359,0.923415,33.489359,0.923415,3457,1
3458,0.00125412,33.489697,0.923418,33.489697,0.923418,3458,1
3459,0.00125481,33.490067,0.92342,33.490067,0.92342,3459,1
3460,0.00125095,33.49018,0.923423,33.49018,0.923423,3460,1
3461,0.00125361,33.490641,0.92343,33.490641,0.92343,3461,1
3462,0.00125227,33.491128,0.923438,33.491128,0.923438,3462,1
3463,0.00125398,33.491417,0.923441,33.491417,0.923441,3463,1
3464,0.00125397,33.491989,0.923445,33.491989,0.923445,3464,1
3465,0.00125352,33.492237,0.923448,33.492237,0.923448,3465,1
3466,0.00125358,33.492488,0.92345,33.492488,0.92345,3466,1
3467,0.00125326,33.493021,0.923458,33.493021,0.923458,3467,1
3468,0.00125204,33.493503,0.923461,33.493503,0.923461,3468,1
3469,0.00125216,33.493839,0.923463,33.493839,0.923463,3469,1
3470,0.00125229,33.493959,0.923466,33.493959,0.923466,3470,1
3471,0.00125279,33.494366,0.923472,33.494366,0.923472,3471,1
3472,0.00125128,33.494594,0.923475,33.494594,0.923475,3472,1
3473,0.00125304,33.494834,0.92348,33.494834,0.92348,3473,1
3474,0.00125231,33.495254,0.923485,33.495254,0.923485,3474,1
3475,0.00125268,33.495635,0.923486,33.495635,0.923486,3475,1
3476,0.00125275,33.496022,0.92349,33.496022,0.92349,3476,1
3477,0.00125251,33.496211,0.923495,33.496211,0.923495,3477,1
3478,0.00125357,33.496428,0.923496,33.496428,0.923496,3478,1
3479,0.00125119,33.496957,0.923502,33.496957,0.923502,3479,1
3480,0.00125168,33.497485,0.923507,33.497485,0.923507,3480,1
3481,0.00125307,33.497752,0.923511,33.497752,0.923511,3481,1
3482,0.00125135,33.497959,0.923516,33.497959,0.923516,3482,1
3483,0.00125099,33.498406,0.923518,33.498406,0.923518,3483,1
3484,0.00125236,33.498723,0.923523,33.498723,0.923523,3484,1
3485,0.00125133,33.498998,0.923524,33.498998,0.923524,3485,1
3486,0.00125197,33.499362,0.92353,33.499362,0.92353,3486,1
3487,0.00125214,33.49977,0.923535,33.49977,0.923535,3487,1
3488,0.00125244,33.49909,0.923528,33.49977,0.923535,3487,0
3489,0.0012505,33.499401,0.923528,33.49977,0.923535,3487,0
3490,0.00125095,33.499744,0.923533,33.49977,0.923535,3487,0
3491,0.00125144,33.500307,0.923538,33.500307,0.923538,3491,1
3492,0.00125262,33.500585,0.92354,33.500585,0.92354,3492,1
3493,0.00125232,33.500884,0.923543,33.500884,0.923543,3493,1
3494,0.00125096,33.50129,0.923551,33.50129,0.923551,3494,1
3495,0.0012517,33.501806,0.923554,33.501806,0.923554,3495,1
3496,0.00125105,33.502198,0.923558,33.502198,0.923558,3496,1
3497,0.00125069,33.50269,0.92356,33.50269,0.92356,3497,1
3498,0.00125037,33.502914,0.923565,33.502914,0.923565,3498,1
3499,0.00125064,33.503297,0.923569,33.503297,0.923569,3499,1
3500,0.00125005,33.50343,0.923573,33.50343,0.923573,3500,1
3501,0.00124949,33.503814,0.923578,33.503814,0.923578,3501,1
3502,0.00124946,33.504241,0.923582,33.504241,0.923582,3502,1
3503,0.00124974,33.504686,0.923589,33.504686,0.923589,3503,1
3504,0.00124925,33.504765,0.923587,33.504765,0.923589,3503,0
3505,0.00125034,33.505149,0.923594,33.505149,0.923594,3505,1
3506,0.00125057,33.505573,0.923599,33.505573,0.923599,3506,1
3507,0.00124994,33.505863,0.923602,33.505863,0.923602,3507,1
3508,0.0012486,33.506101,0.923608,33.506101,0.923608,3508,1
3509,0.00125034,33.506517,0.923612,33.506517,0.923612,3509,1
3510,0.00124935,33.50673,0.923613,33.50673,0.923613,3510,1
3511,0.00124921,33.507083,0.923613,33.507083,0.923613,3511,1
3512,0.00124805,33.507469,0.92362,33.507469,0.92362,3512,1
3513,0.00124781,33.507602,0.923621,33.507602,0.923621,3513,1
3514,0.00124831,33.508169,0.923626,33.508169,0.923626,3514,1
3515,0.00124802,33.508308,0.923626,33.508308,0.923626,3515,1
3516,0.00124967,33.508791,0.923631,33.508791,0.923631,3516,1
3517,0.00124988,33.509416,0.923639,33.509416,0.923639,3517,1
3518,0.00124887,33.509567,0.92364,33.509567,0.92364,3518,1
3519,0.00124945,33.510227,0.923647,33.510227,0.923647,3519,1
3520,0.00124895,33.510563,0.923651,33.510563,0.923651,3520,1
3521,0.00124801,33.510789,0.923655,33.510789,0.923655,3521,1
3522,0.00124801,33.510969,0.923658,33.510969,0.923658,3522,1
3523,0.00124812,33.51151,0.923664,33.51151,0.923664,3523,1
3524,0.00124874,33.511722,0.923665,33.511722,0.923665,3524,1
3525,0.0012482,33.512255,0.92367,33.512255,0.92367,3525,1
3526,0.00124721,33.512418,0.923677,33.512418,0.923677,3526,1
3527,0.00124922,33.512739,0.923679,33.512739,0.923679,3527,1
3528,0.00124927,33.513166,0.923684,33.513166,0.923684,3528,1
3529,0.00124651,33.513445,0.923687,33.513445,0.923687,3529,1
3530,0.00124894,33.513804,0.923691,33.513804,0.923691,3530,1
3531,0.00124724,33.514192,0.923694,33.514192,0.923694,3531,1
3532,0.00124655,33.5145,0.923702,33.5145,0.923702,3532,1
3533,0.00124775,33.514907,0.923703,33.514907,0.923703,3533,1
3534,0.00124807,33.515158,0.923706,33.515158,0.923706,3534,1
3535,0.0012476,33.515571,0.923709,33.515571,0.923709,3535,1
3536,0.0012465,33.515983,0.923717,33.515983,0.923717,3536,1
3537,0.00124704,33.516103,0.923717,33.516103,0.923717,3537,1
3538,0.00124625,33.51654,0.92372,33.51654,0.92372,3538,1
3539,0.00124647,33.516882,0.923726,33.516882,0.923726,3539,1
3540,0.00124746,33.517209,0.923732,33.517209,0.923732,3540,1
3541,0.00124668,33.517672,0.923732,33.517672,0.923732,3541,1
3542,0.00124673,33.517831,0.923737,33.517831,0.923737,3542,1
3543,0.00124725,33.518141,0.92374,33.518141,0.92374,3543,1
3544,0.00124608,33.518422,0.923744,33.518422,0.923744,3544,1
3545,0.0012475,33.518718,0.923746,33.518718,0.923746,3545,1
3546,0.0012451,33.519358,0.923754,33.519358,0.923754,3546,1
3547,0.00124475,33.519527,0.923756,33.519527,0.923756,3547,1
3548,0.00124689,33.519874,0.92376,33.519874,0.92376,3548,1
3549,0.00124628,33.520231,0.923765,33.520231,0.923765,3549,1
3550,0.00124506,33.520644,0.923771,33.520644,0.923771,3550,1
3551,0.00124673,33.520963,0.923773,33.520963,0.923773,3551,1
3552,0.00124636,33.521176,0.923775,33.521176,0.923775,3552,1
3553,0.00124612,33.521613,0.92378,33.521613,0.92378,3553,1
3554,0.00124522,33.522152,0.923786,33.522152,0.923786,3554,1
3555,0.0012444,33.522576,0.923788,33.522576,0.923788,3555,1
3556,0.00124601,33.522949,0.923791,33.522949,0.923791,3556,1
3557,0.00124594,33.52319,0.923797,33.52319,0.923797,3557,1
3558,0.0012459,33.523683,0.923801,33.523683,0.923801,3558,1
3559,0.00124658,33.523678,0.923802,33.523683,0.923802,3558,0
3560,0.00124575,33.523945,0.923805,33.523945,0.923805,3560,1
3561,0.00124601,33.524483,0.92381,33.524483,0.92381,3561,1
3562,0.00124777,33.524753,0.923815,33.524753,0.923815,3562,1
3563,0.00124424,33.525016,0.923817,33.525016,0.923817,3563,1
3564,0.00124429,33.525328,0.923821,33.525328,0.923821,3564,1
3565,0.00124329,33.524818,0.923817,33.525328,0.923821,3564,0
3566,0.00124354,33.525335,0.923821,33.525335,0.923821,3566,1
3567,0.00124474,33.525609,0.923826,33.525609,0.923826,3567,1
3568,0.00124342,33.525969,0.923829,33.525969,0.923829,3568,1
3569,0.00124352,33.526222,0.923833,33.526222,0.923833,3569,1
3570,0.00124388,33.526618,0.923838,33.526618,0.923838,3570,1
3571,0.00124281,33.526805,0.923839,33.526805,0.923839,3571,1
3572,0.00124466,33.527428,0.923845,33.527428,0.923845,3572,1
3573,0.00124152,33.527579,0.923848,33.527579,0.923848,3573,1
3574,0.00124488,33.528045,0.923853,33.528045,0.923853,3574,1
3575,0.00124462,33.528423,0.923856,33.528423,0.923856,3575,1
3576,0.00124256,33.528999,0.923862,33.528999,0.923862,3576,1
3577,0.00124469,33.529263,0.923862,33.529263,0.923862,3577,1
3578,0.00124373,33.529515,0.923869,33.529515,0.923869,3578,1
3579,0.00124211,33.529712,0.923868,33.529712,0.923869,3578,0
3580,0.00124445,33.53,0.923871,33.53,0.923871,3580,1
3581,0.00124256,33.530508,0.923877,33.530508,0.923877,3581,1
3582,0.00124333,33.530877,0.923878,33.530877,0.923878,3582,1
3583,0.00124336,33.531492,0.923887,33.531492,0.923887,3583,1
3584,0.00124376,33.531646,0.923887,33.531646,0.923887,3584,1
3585,0.00124167,33.532067,0.923893,33.532067,0.923893,3585,1
3586,0.00124356,33.532377,0.923899,33.532377,0.923899,3586,1
3587,0.00124298,33.532466,0.923901,33.532466,0.923901,3587,1
3588,0.00124151,33.53268,0.923903,33.53268,0.923903,3588,1
3589,0.00124224,33.533151,0.923905,33.533151,0.923905,3589,1
3590,0.00124166,33.533289,0.923908,33.533289,0.923908,3590,1
3591,0.00124541,33.5338,0.923914,33.5338,0.923914,3591,1
3592,0.00124354,33.534065,0.923916,33.534065,0.923916,3592,1
3593,0.00124273,33.534807,0.923923,33.534807,0.923923,3593,1
3594,0.00124054,33.535134,0.923927,33.535134,0.923927,3594,1
3595,0.00124259,33.535293,0.923928,33.535293,0.923928,3595,1
3596,0.00124209,33.535805,0.923935,33.535805,0.923935,3596,1
3597,0.00124174,33.536092,0.923938,33.536092,0.923938,3597,1
3598,0.00124206,33.536614,0.923945,33.536614,0.923945,3598,1
3599,0.00124196,33.536685,0.923944,33.536685,0.923945,3598,0
3600,0.00124085,33.537058,0.923949,33.537058,0.923949,3600,1
3601,0.00124173,33.537435,0.923952,33.537435,0.923952,3601,1
3602,0.0012419,33.537813,0.923953,33.537813,0.923953,3602,1
3603,0.00124185,33.538414,0.923959,33.538414,0.923959,3603,1
3604,0.0012395,33.538575,0.923962,33.538575,0.923962,3604,1
3605,0.0012418,33.538866,0.923968,33.538866,0.923968,3605,1
3606,0.00124148,33.539165,0.923972,33.539165,0.923972,3606,1
3607,0.00124069,33.539687,0.92398,33.539687,0.92398,3607,1
3608,0.00124081,33.53993,0.923981,33.53993,0.923981,3608,1
3609,0.0012423,33.540181,0.923986,33.540181,0.923986,3609,1
3610,0.00124085,33.540374,0.923987,33.540374,0.923987,3610,1
3611,0.00124182,33.540768,0.923992,33.540768,0.923992,3611,1
3612,0.0012405,33.540929,0.923994,33.540929,0.923994,3612,1
3613,0.00123977,33.541267,0.923996,33.541267,0.923996,3613,1
3614,0.00123951,33.541722,0.924,33.541722,0.924,3614,1
3615,0.00124066,33.541933,0.924005,33.541933,0.924005,3615,1
3616,0.00123946,33.542528,0.924011,33.542528,0.924011,3616,1
3617,0.00124072,33.542507,0.924014,33.542528,0.924014,3616,0
3618,0.00124015,33.542917,0.924016,33.542917,0.924016,3618,1
3619,0.00124094,33.543314,0.92402,33.543314,0.92402,3619,1
3620,0.00123962,33.543572,0.924027,33.543572,0.924027,3620,1
3621,0.00124075,33.543962,0.924029,33.543962,0.924029,3621,1
3622,0.00123831,33.544329,0.924035,33.544329,0.924035,3622,1
3623,0.00124129,33.544424,0.924035,33.544424,0.924035,3622,0
3624,0.00123928,33.544941,0.924039,33.544941,0.924039,3624,1
3625,0.00124122,33.545325,0.924043,33.545325,0.924043,3625,1
3626,0.00124041,33.545674,0.924047,33.545674,0.924047,3626,1
3627,0.00123969,33.545732,0.924048,33.545732,0.924048,3627,1
3628,0.00124011,33.54617,0.924052,33.54617,0.924052,3628,1
3629,0.00123995,33.546454,0.924057,33.546454,0.924057,3629,1
3630,0.00123992,33.54693,0.924058,33.54693,0.924058,3630,1
3631,0.00123877,33.54738,0.924063,33.54738,0.924063,3631,1
3632,0.00123927,33.547658,0.924067,33.547658,0.924067,3632,1
3633,0.00123857,33.548136,0.924074,33.548136,0.924074,3633,1
3634,0.0012382,33.548319,0.924075,33.548319,0.924075,3634,1
3635,0.00123895,33.548448,0.924078,33.548448,0.924078,3635,1
3636,0.00123943,33.548958,0.924085,33.548958,0.924085,3636,1
3637,0.00123912,33.549058,0.924088,33.549058,0.924088,3637,1
3638,0.00123946,33.549331,0.92409,33.549331,0.92409,3638,1
3639,0.00123742,33.54969,0.924095,33.54969,0.924095,3639,1
3640,0.00123884,33.550107,0.924098,33.550107,0.924098,3640,1
3641,0.00123866,33.550394,0.924101,33.550394,0.924101,3641,1
3642,0.0012382,33.550858,0.924103,33.550858,0.924103,3642,1
3643,0.00123759,33.551042,0.924106,33.551042,0.924106,3643,1
3644,0.00123938,33.551394,0.92411,33.551394,0.92411,3644,1
3645,0.00123788,33.551449,0.924112,33.551449,0.924112,3645,1
3646,0.00123833,33.551718,0.924116,33.551718,0.924116,3646,1
3647,0.00123715,33.551819,0.924116,33.551819,0.924116,3646,0
3648,0.00123851,33.552311,0.92412,33.552311,0.92412,3648,1
3649,0.001238,33.552702,0.924124,33.552702,0.924124,3649,1
3650,0.0012383,33.552789,0.924126,33.552789,0.924126,3650,1
3651,0.0012365,33.553303,0.924133,33.553303,0.924133,3651,1
3652,0.00123728,33.553705,0.924137,33.553705,0.924137,3652,1
3653,0.00123779,33.553793,0.924139,33.553793,0.924139,3653,1
3654,0.0012375,33.554359,0.924144,33.554359,0.924144,3654,1
3655,0.00123622,33.55479,0.924151,33.55479,0.924151,3655,1
3656,0.00123714,33.55498,0.924151,33.55498,0.924151,3656,1
3657,0.00123734,33.555272,0.924155,33.555272,0.924155,3657,1
3658,0.00123621,33.555766,0.924162,33.555766,0.924162,3658,1
3659,0.00123756,33.555966,0.924161,33.555966,0.924162,3658,0
3660,0.00123594,33.556423,0.924169,33.556423,0.924169,3660,1
3661,0.00123745,33.556219,0.924166,33.556423,0.924169,3660,0
3662,0.00123769,33.556819,0.924173,33.556819,0.924173,3662,1
3663,0.00123663,33.557105,0.924178,33.557105,0.924178,3663,1
3664,0.00123748,33.55735,0.924179,33.55735,0.924179,3664,1
3665,0.00123577,33.557755,0.924187,33.557755,0.924187,3665,1
3666,0.00123666,33.558151,0.924189,33.558151,0.924189,3666,1
3667,0.00123714,33.558422,0.924194,33.558422,0.924194,3667,1
3668,0.00123631,33.55868,0.924195,33.55868,0.924195,3668,1
3669,0.00123707,33.559268,0.924203,33.559268,0.924203,3669,1
3670,0.00123619,33.559739,0.924208,33.559739,0.924208,3670,1
3671,0.00123689,33.559856,0.92421,33.559856,0.92421,3671,1
3672,0.00123588,33.560129,0.924209,33.560129,0.92421,3671,0
3673,0.00123629,33.560535,0.924217,33.560535,0.924217,3673,1
3674,0.0012355,33.560843,0.924218,33.560843,0.924218,3674,1
3675,0.00123548,33.561125,0.924222,33.561125,0.924222,3675,1
3676,0.00123641,33.561355,0.924227,33.561355,0.924227,3676,1
3677,0.00123593,33.561724,0.924232,33.561724,0.924232,3677,1
3678,0.00123463,33.562119,0.924235,33.562119,0.924235,3678,1
3679,0.00123784,33.562298,0.924237,33.562298,0.924237,3679,1
3680,0.00123459,33.562503,0.924239,33.562503,0.924239,3680,1
3681,0.00123634,33.562721,0.924241,33.562721,0.924241,3681,1
3682,0.0012345,33.563172,0.924246,33.563172,0.924246,3682,1
3683,0.00123437,33.563623,0.924251,33.563623,0.924251,3683,1
3684,0.00123599,33.563983,0.924254,33.563983,0.924254,3684,1
3685,0.00123402,33.564141,0.924255,33.564141,0.924255,3685,1
3686,0.0012348,33.564897,0.924264,33.564897,0.924264,3686,1
3687,0.00123465,33.564873,0.924264,33.564897,0.924264,3686,0
3688,0.00123467,33.565133,0.924266,33.565133,0.924266,3688,1
3689,0.00123461,33.56533,0.924269,33.56533,0.924269,3689,1
3690,0.00123478,33.565654,0.924272,33.565654,0.924272,3690,1
3691,0.00123448,33.565996,0.924277,33.565996,0.924277,3691,1
3692,0.00123345,33.566398,0.924282,33.566398,0.924282,3692,1
3693,0.00123406,33.566821,0.924286,33.566821,0.924286,3693,1
3694,0.00123415,33.567181,0.924289,33.567181,0.924289,3694,1
3695,0.00123508,33.56752,0.924293,33.56752,0.924293,3695,1
3696,0.00123378,33.567911,0.9243,33.567911,0.9243,3696,1
3697,0.00123382,33.568097,0.924301,33.568097,0.924301,3697,1
3698,0.00123333,33.568541,0.924305,33.568541,0.924305,3698,1
3699,0.00123371,33.56886,0.924307,33.56886,0.924307,3699,1
3700,0.00123327,33.569242,0.92431,33.569242,0.92431,3700,1
3701,0.00123408,33.569366,0.924312,33.569366,0.924312,3701,1
3702,0.00123236,33.569534,0.924312,33.569534,0.924312,3702,1
3703,0.00123321,33.569805,0.924315,33.569805,0.924315,3703,1
3704,0.0012322,33.570009,0.92432,33.570009,0.92432,3704,1
3705,0.00123333,33.570929,0.924328,33.570929,0.924328,3705,1
3706,0.00123468,33.571194,0.92433,33.571194,0.92433,3706,1
3707,0.00123244,33.571245,0.924331,33.571245,0.924331,3707,1
3708,0.00123335,33.57182,0.924337,33.57182,0.924337,3708,1
3709,0.00123364,33.572009,0.924339,33.572009,0.924339,3709,1
3710,0.00123131,33.57253,0.924346,33.57253,0.924346,3710,1
3711,0.00123359,33.572765,0.924349,33.572765,0.924349,3711,1
3712,0.00123365,33.572947,0.924351,33.572947,0.924351,3712,1
3713,0.0012327,33.573338,0.924355,33.573338,0.924355,3713,1
3714,0.00123314,33.573366,0.924359,33.573366,0.924359,3714,1
3715,0.00123346,33.573264,0.924359,33.573366,0.924359,3714,0
3716,0.00123332,33.573835,0.924367,33.573835,0.924367,3716,1
3717,0.00123143,33.574183,0.924368,33.574183,0.924368,3717,1
3718,0.00123182,33.574331,0.924371,33.574331,0.924371,3718,1
3719,0.00123174,33.574714,0.924374,33.574714,0.924374,3719,1
3720,0.00123257,33.575133,0.924378,33.575133,0.924378,3720,1
3721,0.00123227,33.575554,0.924382,33.575554,0.924382,3721,1
3722,0.00122922,33.575475,0.924382,33.575554,0.924382,3721,0
3723,0.00123249,33.575927,0.924387,33.575927,0.924387,3723,1
3724,0.0012317,33.576037,0.924391,33.576037,0.924391,3724,1
3725,0.00123235,33.576419,0.924393,33.576419,0.924393,3725,1
3726,0.00123052,33.576694,0.924397,33.576694,0.924397,3726,1
3727,0.00123071,33.577547,0.924406,33.577547,0.924406,3727,1
3728,0.00123339,33.577768,0.924404,33.577768,0.924406,3727,0
3729,0.00123144,33.577937,0.924407,33.577937,0.924407,3729,1
3730,0.00123291,33.578462,0.924415,33.578462,0.924415,3730,1
3731,0.00122966,33.578791,0.924418,33.578791,0.924418,3731,1
3732,0.00123006,33.579109,0.924421,33.579109,0.924421,3732,1
3733,0.00122929,33.579327,0.924423,33.579327,0.924423,3733,1
3734,0.00123101,33.579724,0.92443,33.579724,0.92443,3734,1
3735,0.00123043,33.580131,0.924432,33.580131,0.924432,3735,1
3736,0.00123097,33.58034,0.924431,33.58034,0.924432,3735,0
3737,0.00123042,33.58088,0.924438,33.58088,0.924438,3737,1
3738,0.00122857,33.581232,0.924441,33.581232,0.924441,3738,1
3739,0.00123072,33.581303,0.924443,33.581303,0.924443,3739,1
3740,0.00123036,33.581798,0.92445,33.581798,0.92445,3740,1
3741,0.00123041,33.582131,0.924453,33.582131,0.924453,3741,1
3742,0.00123143,33.582487,0.924456,33.582487,0.924456,3742,1
3743,0.00123058,33.582702,0.924459,33.582702,0.924459,3743,1
3744,0.00122993,33.582833,0.924461,33.582833,0.924461,3744,1
3745,0.00123068,33.583117,0.924465,33.583117,0.924465,3745,1
3746,0.00123027,33.583525,0.92447,33.583525,0.92447,3746,1
3747,0.0012314,33.583776,0.924473,33.583776,0.924473,3747,1
3748,0.0012307,33.584153,0.924476,33.584153,0.924476,3748,1
3749,0.00123056,33.584026,0.924476,33.584153,0.924476,3748,0
3750,0.00122941,33.584313,0.92448,33.584313,0.92448,3750,1
3751,0.00122893,33.584951,0.924489,33.584951,0.924489,3751,1
3752,0.00122895,33.585296,0.92449,33.585296,0.92449,3752,1
3753,0.0012295,33.585375,0.924491,33.585375,0.924491,3753,1
3754,0.00122916,33.585895,0.924497,33.585895,0.924497,3754,1
3755,0.00122876,33.586242,0.924501,33.586242,0.924501,3755,1
3756,0.00122945,33.586407,0.924504,33.586407,0.924504,3756,1
3757,0.00122922,33.586853,0.92451,33.586853,0.92451,3757,1
3758,0.00123029,33.586725,0.924503,33.586853,0.92451,3757,0
3759,0.00122964,33.587325,0.92451,33.587325,0.92451,3759,1
3760,0.00122938,33.587657,0.924515,33.587657,0.924515,3760,1
3761,0.00122975,33.58794,0.924521,33.58794,0.924521,3761,1
3762,0.00122896,33.588436,0.924526,33.588436,0.924526,3762,1
3763,0.00122886,33.588701,0.92453,33.588701,0.92453,3763,1
3764,0.00122886,33.589054,0.924531,33.589054,0.924531,3764,1
3765,0.00122652,33.589402,0.924537,33.589402,0.924537,3765,1
3766,0.00122935,33.589571,0.924541,33.589571,0.924541,3766,1
3767,0.00122887,33.58979,0.92454,33.58979,0.924541,3766,0
3768,0.00122758,33.590182,0.924545,33.590182,0.924545,3768,1
3769,0.00122521,33.590451,0.92455,33.590451,0.92455,3769,1
3770,0.00122696,33.590217,0.924547,33.590451,0.92455,3769,0
3771,0.00122744,33.59063,0.924552,33.59063,0.924552,3771,1
3772,0.00122936,33.591322,0.924561,33.591322,0.924561,3772,1
3773,0.00122852,33.591155,0.924559,33.591322,0.924561,3772,0
3774,0.00122737,33.591466,0.924562,33.591466,0.924562,3774,1
3775,0.00122795,33.591629,0.924566,33.591629,0.924566,3775,1
3776,0.00122792,33.592664,0.924576,33.592664,0.924576,3776,1
3777,0.00122732,33.592906,0.924578,33.592906,0.924578,3777,1
3778,0.00122713,33.593323,0.924582,33.593323,0.924582,3778,1
3779,0.00122855,33.593663,0.924586,33.593663,0.924586,3779,1
3780,0.00122862,33.59377,0.924588,33.59377,0.924588,3780,1
3781,0.00122693,33.59437,0.924594,33.59437,0.924594,3781,1
3782,0.0012271,33.594628,0.924596,33.594628,0.924596,3782,1
3783,0.00122811,33.59475,0.9246,33.59475,0.9246,3783,1
3784,0.00122738,33.595303,0.924603,33.595303,0.924603,3784,1
3785,0.00122897,33.595341,0.924604,33.595341,0.924604,3785,1
3786,0.00122536,33.595799,0.924609,33.595799,0.924609,3786,1
3787,0.00122725,33.596023,0.92461,33.596023,0.92461,3787,1
3788,0.00122682,33.596316,0.924615,33.596316,0.924615,3788,1
3789,0.00122576,33.596724,0.924619,33.596724,0.924619,3789,1
3790,0.001226,33.59625,0.924614,33.596724,0.924619,3789,0
3791,0.00122799,33.596564,0.924619,33.596724,0.924619,3789,0
3792,0.00122493,33.596904,0.924623,33.596904,0.924623,3792,1
3793,0.00122536,33.597301,0.924628,33.597301,0.924628,3793,1
3794,0.00122544,33.597689,0.924634,33.597689,0.924634,3794,1
3795,0.00122701,33.597974,0.924635,33.597974,0.924635,3795,1
3796,0.00122678,33.598326,0.924639,33.598326,0.924639,3796,1
3797,0.00122613,33.598607,0.924641,33.598607,0.924641,3797,1
3798,0.00122582,33.598927,0.924647,33.598927,0.924647,3798,1
3799,0.00122704,33.599365,0.924653,33.599365,0.924653,3799,1
3800,0.00122451,33.599374,0.924651,33.599374,0.924653,3799,0
3801,0.00122527,33.599831,0.924654,33.599831,0.924654,3801,1
3802,0.001225,33.600113,0.924659,33.600113,0.924659,3802,1
3803,0.00122446,33.600514,0.924664,33.600514,0.924664,3803,1
3804,0.00122386,33.600705,0.924665,33.600705,0.924665,3804,1
3805,0.00122524,33.600723,0.924668,33.600723,0.924668,3805,1
3806,0.00122616,33.600806,0.924668,33.600806,0.924668,3806,1
3807,0.00122596,33.601404,0.924677,33.601404,0.924677,3807,1
3808,0.00122489,33.601575,0.924677,33.601575,0.924677,3807,0
3809,0.00122668,33.602178,0.924682,33.602178,0.924682,3809,1
3810,0.00122669,33.602714,0.924688,33.602714,0.924688,3810,1
3811,0.00122459,33.603202,0.924691,33.603202,0.924691,3811,1
3812,0.00122473,33.603185,0.924689,33.603202,0.924691,3811,0
3813,0.00122522,33.603161,0.924689,33.603202,0.924691,3811,0
3814,0.00122463,33.603721,0.924697,33.603721,0.924697,3814,1
3815,0.00122531,33.60403,0.924701,33.60403,0.924701,3815,1
3816,0.0012258,33.604491,0.924705,33.604491,0.924705,3816,1
3817,0.00122513,33.604913,0.924708,33.604913,0.924708,3817,1
3818,0.00122322,33.605389,0.924711,33.605389,0.924711,3818,1
3819,0.00122545,33.605503,0.924714,33.605503,0.924714,3819,1
3820,0.0012237,33.605393,0.924714,33.605503,0.924714,3819,0
3821,0.00122286,33.606001,0.924719,33.606001,0.924719,3821,1
3822,0.00122341,33.606073,0.924721,33.606073,0.924721,3822,1
3823,0.00122214,33.606661,0.924727,33.606661,0.924727,3823,1
3824,0.00122493,33.606751,0.924728,33.606751,0.924728,3824,1
3825,0.00122325,33.60714,0.924733,33.60714,0.924733,3825,1
3826,0.00122383,33.607236,0.924733,33.607236,0.924733,3826,1
3827,0.00122371,33.607827,0.924743,33.607827,0.924743,3827,1
3828,0.00122319,33.608397,0.924748,33.608397,0.924748,3828,1
3829,0.00122567,33.60849,0.924746,33.60849,0.924748,3828,0
3830,0.00122396,33.608871,0.924752,33.608871,0.924752,3830,1
3831,0.0012239,33.609084,0.924754,33.609084,0.924754,3831,1
3832,0.00122268,33.609406,0.924759,33.609406,0.924759,3832,1
3833,0.00122317,33.609462,0.92476,33.609462,0.92476,3833,1
3834,0.00122248,33.610108,0.924768,33.610108,0.924768,3834,1
3835,0.00122296,33.610135,0.924765,33.610135,0.924768,3834,0
3836,0.00122378,33.610494,0.924769,33.610494,0.924769,3836,1
3837,0.00122481,33.611176,0.924778,33.611176,0.924778,3837,1
3838,0.00122112,33.6113,0.924778,33.6113,0.924778,3838,1
3839,0.00122323,33.61167,0.924783,33.61167,0.924783,3839,1
3840,0.00122282,33.611826,0.924782,33.611826,0.924783,3839,0
3841,0.00122309,33.612144,0.924787,33.612144,0.924787,3841,1
3842,0.00122305,33.612366,0.924788,33.612366,0.924788,3842,1
3843,0.00122173,33.612542,0.924793,33.612542,0.924793,3843,1
3844,0.00122313,33.612846,0.924798,33.612846,0.924798,3844,1
3845,0.00122365,33.613516,0.924805,33.613516,0.924805,3845,1
3846,0.00122228,33.613805,0.924808,33.613805,0.924808,3846,1
3847,0.00122248,33.613969,0.92481,33.613969,0.92481,3847,1
3848,0.00122197,33.614375,0.924812,33.614375,0.924812,3848,1
3849,0.00122208,33.614505,0.924816,33.614505,0.924816,3849,1
3850,0.00122239,33.614907,0.924818,33.614907,0.924818,3850,1
3851,0.00122125,33.615078,0.924817,33.615078,0.924818,3850,0
3852,0.00122115,33.61549,0.924823,33.61549,0.924823,3852,1
3853,0.00122224,33.615948,0.924831,33.615948,0.924831,3853,1
3854,0.00122284,33.615824,0.924829,33.615948,0.924831,3853,0
3855,0.00122175,33.616227,0.924833,33.616227,0.924833,3855,1
3856,0.00122095,33.616541,0.924836,33.616541,0.924836,3856,1
3857,0.00122318,33.616975,0.924842,33.616975,0.924842,3857,1
3858,0.00122185,33.617122,0.924842,33.617122,0.924842,3858,1
3859,0.00122239,33.617626,0.924848,33.617626,0.924848,3859,1
3860,0.00122214,33.617884,0.924851,33.617884,0.924851,3860,1
3861,0.00122065,33.617865,0.924853,33.617884,0.924853,3860,0
3862,0.00122094,33.618188,0.924856,33.618188,0.924856,3862,1
3863,0.0012216,33.618501,0.924862,33.618501,0.924862,3863,1
3864,0.00121954,33.618897,0.924864,33.618897,0.924864,3864,1
3865,0.00122098,33.618034,0.924857,33.618897,0.924864,3864,0
3866,0.001222,33.61857,0.924863,33.618897,0.924864,3864,0
3867,0.00122098,33.618802,0.924864,33.618897,0.924864,3864,0
3868,0.00122122,33.619348,0.924869,33.619348,0.924869,3868,1
3869,0.00122088,33.619819,0.924874,33.619819,0.924874,3869,1
3870,0.00122051,33.619796,0.924874,33.619819,0.924874,3869,0
3871,0.00122113,33.62021,0.924879,33.62021,0.924879,3871,1
3872,0.00122065,33.620538,0.924885,33.620538,0.924885,3872,1
3873,0.00122048,33.620837,0.924888,33.620837,0.924888,3873,1
3874,0.00122096,33.621006,0.92489,33.621006,0.92489,3874,1
3875,0.00121965,33.621265,0.924895,33.621265,0.924895,3875,1
3876,0.00122116,33.621593,0.924898,33.621593,0.924898,3876,1
3877,0.00121989,33.622143,0.924901,33.622143,0.924901,3877,1
3878,0.00122047,33.622374,0.924905,33.622374,0.924905,3878,1
3879,0.00121865,33.622425,0.924906,33.622425,0.924906,3879,1
3880,0.00121946,33.622871,0.92491,33.622871,0.92491,3880,1
3881,0.00122114,33.623149,0.924913,33.623149,0.924913,3881,1
3882,0.0012199,33.623414,0.924915,33.623414,0.924915,3882,1
3883,0.00121862,33.623847,0.924919,33.623847,0.924919,3883,1
3884,0.00122021,33.623977,0.924923,33.623977,0.924923,3884,1
3885,0.00121948,33.624351,0.924926,33.624351,0.924926,3885,1
3886,0.00122095,33.624722,0.924929,33.624722,0.924929,3886,1
3887,0.0012194,33.624915,0.924934,33.624915,0.924934,3887,1
3888,0.00121888,33.625051,0.924934,33.625051,0.924934,3887,0
3889,0.00121933,33.625277,0.92494,33.625277,0.92494,3889,1
3890,0.00121872,33.625594,0.924941,33.625594,0.924941,3890,1
3891,0.00122114,33.625785,0.924946,33.625785,0.924946,3891,1
3892,0.00121961,33.62639,0.924948,33.62639,0.924948,3892,1
3893,0.00122017,33.626782,0.924956,33.626782,0.924956,3893,1
3894,0.00121952,33.627177,0.924956,33.627177,0.924956,3894,1
3895,0.00121965,33.627641,0.924958,33.627641,0.924958,3895,1
3896,0.00121867,33.627892,0.924961,33.627892,0.924961,3896,1
3897,0.00121873,33.628283,0.924964,33.628283,0.924964,3897,1
3898,0.00121666,33.628384,0.924968,33.628384,0.924968,3898,1
3899,0.0012179,33.628783,0.924969,33.628783,0.924969,3899,1
3900,0.00121839,33.629087,0.924976,33.629087,0.924976,3900,1
3901,0.0012188,33.629513,0.924978,33.629513,0.924978,3901,1
3902,0.00121857,33.629735,0.924981,33.629735,0.924981,3902,1
3903,0.00122,33.630078,0.924987,33.630078,0.924987,3903,1
3904,0.00121685,33.630255,0.924988,33.630255,0.924988,3904,1
3905,0.00121931,33.630412,0.924991,33.630412,0.924991,3905,1
3906,0.00121741,33.63082,0.924995,33.63082,0.924995,3906,1
3907,0.00121761,33.631139,0.924999,33.631139,0.924999,3907,1
3908,0.00121747,33.631622,0.925006,33.631622,0.925006,3908,1
3909,0.0012159,33.63186,0.925007,33.63186,0.925007,3909,1
3910,0.00121737,33.632051,0.925009,33.632051,0.925009,3910,1
3911,0.00121816,33.632454,0.92501,33.632454,0.92501,3911,1
3912,0.00121743,33.632848,0.925015,33.632848,0.925015,3912,1
3913,0.0012183,33.633032,0.925018,33.633032,0.925018,3913,1
3914,0.00121764,33.633222,0.925019,33.633222,0.925019,3914,1
3915,0.00121708,33.633608,0.925021,33.633608,0.925021,3915,1
3916,0.00121688,33.633822,0.925028,33.633822,0.925028,3916,1
3917,0.001217,33.634008,0.92503,33.634008,0.92503,3917,1
3918,0.00121858,33.634189,0.925032,33.634189,0.925032,3918,1
3919,0.0012164,33.634715,0.92504,33.634715,0.92504,3919,1
3920,0.00121693,33.634786,0.925042,33.634786,0.925042,3920,1
3921,0.00121707,33.634913,0.925041,33.634913,0.925042,3920,0
3922,0.00121632,33.635425,0.925047,33.635425,0.925047,3922,1
3923,0.00121534,33.635728,0.925052,33.635728,0.925052,3923,1
3924,0.00121757,33.635923,0.925052,33.635923,0.925052,3924,1
3925,0.00121729,33.636278,0.925059,33.636278,0.925059,3925,1
3926,0.00121562,33.636277,0.925062,33.636278,0.925062,3925,0
3927,0.00121633,33.636896,0.925065,33.636896,0.925065,3927,1
3928,0.00121757,33.637099,0.925066,33.637099,0.925066,3928,1
3929,0.00121543,33.637343,0.92507,33.637343,0.92507,3929,1
3930,0.00121633,33.637725,0.925074,33.637725,0.925074,3930,1
3931,0.00121575,33.637834,0.925078,33.637834,0.925078,3931,1
3932,0.00121466,33.637983,0.925076,33.637983,0.925078,3931,0
3933,0.00121606,33.638703,0.925083,33.638703,0.925083,3933,1
3934,0.00121669,33.638899,0.925083,33.638899,0.925083,3934,1
3935,0.00121685,33.639297,0.925087,33.639297,0.925087,3935,1
3936,0.00121576,33.63984,0.925095,33.63984,0.925095,3936,1
3937,0.0012143,33.640199,0.925099,33.640199,0.925099,3937,1
3938,0.00121778,33.64028,0.925099,33.64028,0.925099,3938,1
3939,0.00121502,33.640917,0.925105,33.640917,0.925105,3939,1
3940,0.00121621,33.64098,0.925108,33.64098,0.925108,3940,1
3941,0.00121496,33.64121,0.92511,33.64121,0.92511,3941,1
3942,0.00121473,33.641628,0.925111,33.641628,0.925111,3942,1
3943,0.00121541,33.641817,0.925113,33.641817,0.925113,3943,1
3944,0.00121509,33.642098,0.925118,33.642098,0.925118,3944,1
3945,0.00121496,33.642479,0.925123,33.642479,0.925123,3945,1
3946,0.00121474,33.642681,0.925123,33.642681,0.925123,3945,0
3947,0.00121634,33.642909,0.925126,33.642909,0.925126,3947,1
3948,0.0012154,33.643187,0.925129,33.643187,0.925129,3948,1
3949,0.00121663,33.643375,0.925131,33.643375,0.925131,3949,1
3950,0.00121592,33.643449,0.925133,33.643449,0.925133,3950,1
3951,0.001216,33.64373,0.925137,33.64373,0.925137,3951,1
3952,0.00121518,33.644044,0.925139,33.644044,0.925139,3952,1
3953,0.00121345,33.644402,0.925144,33.644402,0.925144,3953,1
3954,0.00121461,33.644008,0.925147,33.644402,0.925147,3953,0
3955,0.00121459,33.644857,0.925154,33.644857,0.925154,3955,1
3956,0.00121478,33.644929,0.925153,33.644929,0.925154,3955,0
3957,0.001213,33.645227,0.925158,33.645227,0.925158,3957,1
3958,0.0012145,33.645623,0.925163,33.645623,0.925163,3958,1
3959,0.00121445,33.645808,0.925163,33.645808,0.925163,3958,0
3960,0.00121427,33.646188,0.925169,33.646188,0.925169,3960,1
3961,0.00121459,33.646572,0.925172,33.646572,0.925172,3961,1
3962,0.00121132,33.647052,0.925176,33.647052,0.925176,3962,1
3963,0.00121307,33.647251,0.92518,33.647251,0.92518,3963,1
3964,0.00121342,33.647401,0.925183,33.647401,0.925183,3964,1
3965,0.00121495,33.647635,0.925185,33.647635,0.925185,3965,1
3966,0.00121324,33.648134,0.92519,33.648134,0.92519,3966,1
3967,0.00121369,33.648444,0.925193,33.648444,0.925193,3967,1
3968,0.00121272,33.648806,0.925198,33.648806,0.925198,3968,1
3969,0.00121244,33.649093,0.9252,33.649093,0.9252,3969,1
3970,0.00121211,33.649388,0.925203,33.649388,0.925203,3970,1
3971,0.00121219,33.649807,0.925206,33.649807,0.925206,3971,1
3972,0.00121363,33.650005,0.925208,33.650005,0.925208,3972,1
3973,0.00121411,33.65041,0.925213,33.65041,0.925213,3973,1
3974,0.0012142,33.650344,0.925217,33.65041,0.925217,3973,0
3975,0.00121165,33.650837,0.925219,33.650837,0.925219,3975,1
3976,0.00121305,33.651134,0.925222,33.651134,0.925222,3976,1
3977,0.00121197,33.651016,0.925221,33.651134,0.925222,3976,0
3978,0.001214,33.651205,0.925226,33.651205,0.925226,3978,1
3979,0.00121325,33.6515,0.925228,33.6515,0.925228,3979,1
3980,0.00121267,33.651943,0.925233,33.651943,0.925233,3980,1
3981,0.00121228,33.652555,0.925236,33.652555,0.925236,3981,1
3982,0.00121202,33.652743,0.925241,33.652743,0.925241,3982,1
3983,0.00121238,33.652847,0.92524,33.652847,0.925241,3982,0
3984,0.00121188,33.653112,0.925243,33.653112,0.925243,3984,1
3985,0.00121322,33.653441,0.925249,33.653441,0.925249,3985,1
3986,0.00121153,33.65375,0.925255,33.65375,0.925255,3986,1
3987,0.00121174,33.65398,0.925256,33.65398,0.925256,3987,1
3988,0.00121386,33.65429,0.925257,33.65429,0.925257,3988,1
3989,0.00121281,33.654578,0.925264,33.654578,0.925264,3989,1
3990,0.0012119,33.655073,0.925265,33.655073,0.925265,3990,1
3991,0.00121228,33.655239,0.925269,33.655239,0.925269,3991,1
3992,0.00121132,33.655588,0.92527,33.655588,0.92527,3992,1
3993,0.00121201,33.655794,0.925274,33.655794,0.925274,3993,1
3994,0.00121123,33.656417,0.925292,33.656417,0.925292,3994,1
3995,0.00121062,33.656917,0.925299,33.656917,0.925299,3995,1
3996,0.00121128,33.656864,0.925297,33.656917,0.925299,3995,0
3997,0.00121145,33.657533,0.925305,33.657533,0.925305,3997,1
3998,0.00121113,33.657922,0.925307,33.657922,0.925307,3998,1
3999,0.00121125,33.65787,0.925306,33.657922,0.925307,3998,0
4000,0.00120942,33.658645,0.925314,33.658645,0.925314,4000,1
4001,0.00121146,33.658862,0.925314,33.658862,0.925314,4000,0
4002,0.00121061,33.659229,0.925319,33.659229,0.925319,4002,1
4003,0.00121071,33.659136,0.925318,33.659229,0.925319,4002,0
4004,0.00121219,33.65956,0.925323,33.65956,0.925323,4004,1
4005,0.00121086,33.659958,0.925328,33.659958,0.925328,4005,1
4006,0.00121186,33.660131,0.925332,33.660131,0.925332,4006,1
4007,0.00120856,33.660198,0.925332,33.660198,0.925332,4006,0
4008,0.0012101,33.660303,0.925332,33.660303,0.925332,4006,0
4009,0.00120995,33.660985,0.925337,33.660985,0.925337,4009,1
4010,0.00121087,33.661157,0.925343,33.661157,0.925343,4010,1
4011,0.00121084,33.661225,0.925345,33.661225,0.925345,4011,1
4012,0.00120965,33.661706,0.925348,33.661706,0.925348,4012,1
4013,0.00120893,33.661599,0.925347,33.661706,0.925348,4012,0
4014,0.00121137,33.662439,0.925356,33.662439,0.925356,4014,1
4015,0.00121004,33.662267,0.925354,33.662439,0.925356,4014,0
4016,0.00120924,33.662813,0.925359,33.662813,0.925359,4016,1
4017,0.00120952,33.662992,0.925362,33.662992,0.925362,4017,1
4018,0.00121059,33.663191,0.925364,33.663191,0.925364,4018,1
4019,0.00120816,33.663607,0.92537,33.663607,0.92537,4019,1
4020,0.00120763,33.663383,0.925369,33.663607,0.92537,4019,0
4021,0.0012105,33.663855,0.925374,33.663855,0.925374,4021,1
4022,0.00120956,33.664253,0.925375,33.664253,0.925375,4022,1
4023,0.00120875,33.664772,0.92538,33.664772,0.92538,4023,1
4024,0.00120831,33.665131,0.925385,33.665131,0.925385,4024,1
4025,0.00120933,33.665331,0.925388,33.665331,0.925388,4025,1
4026,0.00120947,33.665661,0.925392,33.665661,0.925392,4026,1
4027,0.00120933,33.66563,0.925393,33.665661,0.925393,4026,0
4028,0.00120808,33.666152,0.925397,33.666152,0.925397,4028,1
4029,0.0012084,33.666339,0.925399,33.666339,0.925399,4029,1
4030,0.00120895,33.666562,0.925403,33.666562,0.925403,4030,1
4031,0.00120795,33.666876,0.925407,33.666876,0.925407,4031,1
4032,0.00120986,33.666823,0.925408,33.666876,0.925408,4031,0
4033,0.00120777,33.667086,0.92541,33.667086,0.92541,4033,1
4034,0.00120875,33.667619,0.925414,33.667619,0.925414,4034,1
4035,0.00121067,33.668249,0.925421,33.668249,0.925421,4035,1
4036,0.00120672,33.668317,0.925424,33.668317,0.925424,4036,1
4037,0.00120755,33.668681,0.925427,33.668681,0.925427,4037,1
4038,0.00120875,33.668884,0.925433,33.668884,0.925433,4038,1
4039,0.00120867,33.669268,0.925437,33.669268,0.925437,4039,1
4040,0.00120853,33.669661,0.925441,33.669661,0.925441,4040,1
4041,0.00120723,33.669621,0.92544,33.669661,0.925441,4040,0
4042,0.0012088,33.670099,0.925445,33.670099,0.925445,4042,1
4043,0.00120689,33.670119,0.925447,33.670119,0.925447,4043,1
4044,0.00120888,33.670284,0.925449,33.670284,0.925449,4044,1
4045,0.00120694,33.670612,0.925453,33.670612,0.925453,4045,1
4046,0.00120764,33.67111,0.925457,33.67111,0.925457,4046,1
4047,0.00120826,33.671078,0.92546,33.67111,0.92546,4046,0
4048,0.00120865,33.671706,0.925465,33.671706,0.925465,4048,1
4049,0.00120677,33.671768,0.925466,33.671768,0.925466,4049,1
4050,0.00120827,33.672041,0.925469,33.672041,0.925469,4050,1
4051,0.00120812,33.672554,0.925473,33.672554,0.925473,4051,1
4052,0.00120712,33.672587,0.925473,33.672587,0.925473,4052,1
4053,0.00120646,33.672196,0.925469,33.672587,0.925473,4052,0
4054,0.0012076,33.672255,0.925471,33.672587,0.925473,4052,0
4055,0.00120693,33.67255,0.925474,33.672587,0.925474,4052,0
4056,0.00120744,33.672796,0.925475,33.672796,0.925475,4056,1
4057,0.00120517,33.673181,0.925479,33.673181,0.925479,4057,1
4058,0.00120618,33.673491,0.925486,33.673491,0.925486,4058,1
4059,0.0012062,33.67391,0.925489,33.67391,0.925489,4059,1
4060,0.00120603,33.674193,0.925495,33.674193,0.925495,4060,1
4061,0.00120616,33.674349,0.925495,33.674349,0.925495,4061,1
4062,0.00120724,33.674905,0.925501,33.674905,0.925501,4062,1
4063,0.00120616,33.675182,0.925507,33.675182,0.925507,4063,1
4064,0.00120615,33.675305,0.925508,33.675305,0.925508,4064,1
4065,0.00120798,33.675681,0.92551,33.675681,0.92551,4065,1
4066,0.00120638,33.67592,0.925512,33.67592,0.925512,4066,1
4067,0.00120662,33.676143,0.925516,33.676143,0.925516,4067,1
4068,0.00120587,33.676064,0.925515,33.676143,0.925516,4067,0
4069,0.00120659,33.676486,0.925523,33.676486,0.925523,4069,1
4070,0.00120658,33.676914,0.925525,33.676914,0.925525,4070,1
4071,0.00120584,33.676978,0.925528,33.676978,0.925528,4071,1
4072,0.00120632,33.677558,0.925531,33.677558,0.925531,4072,1
4073,0.00120716,33.677997,0.925536,33.677997,0.925536,4073,1
4074,0.00120555,33.677945,0.925537,33.677997,0.925537,4073,0
4075,0.00120561,33.678082,0.925538,33.678082,0.925538,4075,1
4076,0.0012059,33.678531,0.925545,33.678531,0.925545,4076,1
4077,0.00120458,33.678721,0.925549,33.678721,0.925549,4077,1
4078,0.00120784,33.679078,0.925551,33.679078,0.925551,4078,1
4079,0.00120557,33.679041,0.925554,33.679078,0.925554,4078,0
4080,0.00120676,33.679213,0.925555,33.679213,0.925555,4080,1
4081,0.00120569,33.679248,0.925557,33.679248,0.925557,4081,1
4082,0.00120471,33.679816,0.925561,33.679816,0.925561,4082,1
4083,0.0012048,33.680096,0.925565,33.680096,0.925565,4083,1
4084,0.00120495,33.680681,0.925569,33.680681,0.925569,4084,1
4085,0.00120532,33.680921,0.925572,33.680921,0.925572,4085,1
4086,0.00120565,33.680517,0.925571,33.680921,0.925572,4085,0
4087,0.00120512,33.680996,0.925575,33.680996,0.925575,4087,1
4088,0.00120555,33.681204,0.925579,33.681204,0.925579,4088,1
4089,0.00120586,33.682058,0.925583,33.682058,0.925583,4089,1
4090,0.00120434,33.681868,0.925584,33.682058,0.925584,4089,0
4091,0.00120314,33.681983,0.925585,33.682058,0.925585,4089,0
4092,0.00120336,33.681979,0.925588,33.682058,0.925588,4089,0
4093,0.00120435,33.682267,0.92559,33.682267,0.92559,4093,1
4094,0.00120372,33.682615,0.925595,33.682615,0.925595,4094,1
4095,0.00120495,33.682929,0.925596,33.682929,0.925596,4095,1
4096,0.00120405,33.68316,0.925599,33.68316,0.925599,4096,1
4097,0.001204,33.683477,0.925599,33.683477,0.925599,4096,0
4098,0.00120318,33.683988,0.925602,33.683988,0.925602,4098,1
4099,0.0012045,33.684316,0.925609,33.684316,0.925609,4099,1
4100,0.00120521,33.684734,0.92561,33.684734,0.92561,4100,1
4101,0.0012042,33.684671,0.925613,33.684734,0.925613,4100,0
4102,0.00120428,33.685413,0.925618,33.685413,0.925618,4102,1
4103,0.00120503,33.685486,0.925622,33.685486,0.925622,4103,1
4104,0.00120317,33.685801,0.925622,33.685801,0.925622,4104,1
4105,0.00120304,33.686127,0.925626,33.686127,0.925626,4105,1
4106,0.00120358,33.686523,0.925631,33.686523,0.925631,4106,1
4107,0.00120264,33.686562,0.925632,33.686562,0.925632,4107,1
4108,0.00120257,33.687034,0.925636,33.687034,0.925636,4108,1
4109,0.00120276,33.687414,0.925638,33.687414,0.925638,4109,1
4110,0.0012034,33.687575,0.925643,33.687575,0.925643,4110,1
4111,0.00120382,33.688126,0.925648,33.688126,0.925648,4111,1
4112,0.00120409,33.687996,0.925648,33.688126,0.925648,4111,0
4113,0.00120187,33.688391,0.925653,33.688391,0.925653,4113,1
4114,0.0012031,33.688614,0.925654,33.688614,0.925654,4114,1
4115,0.00120159,33.688789,0.925659,33.688789,0.925659,4115,1
4116,0.00120403,33.688845,0.925659,33.688845,0.925659,4115,0
4117,0.0012031,33.68964,0.925666,33.68964,0.925666,4117,1
4118,0.00120145,33.689296,0.925665,33.68964,0.925666,4117,0
4119,0.00120314,33.689655,0.925669,33.689655,0.925669,4119,1
4120,0.00120359,33.689535,0.925672,33.689655,0.925672,4119,0
4121,0.001204,33.690137,0.925674,33.690137,0.925674,4121,1
4122,0.00120165,33.690082,0.925677,33.690137,0.925677,4121,0
4123,0.00120207,33.690348,0.925681,33.690348,0.925681,4123,1
4124,0.00120191,33.690904,0.925685,33.690904,0.925685,4124,1
4125,0.00120245,33.691034,0.925686,33.691034,0.925686,4125,1
4126,0.00120382,33.691719,0.925694,33.691719,0.925694,4126,1
4127,0.00120288,33.691832,0.925694,33.691832,0.925694,4126,0
4128,0.00120181,33.692447,0.925701,33.692447,0.925701,4128,1
4129,0.00120268,33.692507,0.925702,33.692507,0.925702,4129,1
4130,0.00120296,33.692683,0.925704,33.692683,0.925704,4130,1
4131,0.00120116,33.69305,0.925709,33.69305,0.925709,4131,1
4132,0.00120092,33.693566,0.925713,33.693566,0.925713,4132,1
4133,0.00120218,33.693779,0.925716,33.693779,0.925716,4133,1
4134,0.00120181,33.693868,0.925717,33.693868,0.925717,4134,1
4135,0.00120117,33.694326,0.925724,33.694326,0.925724,4135,1
4136,0.00120154,33.694233,0.925722,33.694326,0.925724,4135,0
4137,0.0011997,33.694601,0.925722,33.694601,0.925724,4135,0
4138,0.00120223,33.695226,0.925729,33.695226,0.925729,4138,1
4139,0.00120088,33.695161,0.925729,33.695226,0.925729,4138,0
4140,0.00120286,33.695695,0.925735,33.695695,0.925735,4140,1
4141,0.00120109,33.696021,0.925741,33.696021,0.925741,4141,1
4142,0.00120024,33.695939,0.925739,33.696021,0.925741,4141,0
4143,0.00120259,33.696375,0.925743,33.696375,0.925743,4143,1
4144,0.00120076,33.696673,0.925746,33.696673,0.925746,4144,1
4145,0.00120105,33.696914,0.925749,33.696914,0.925749,4145,1
4146,0.00120111,33.697141,0.925752,33.697141,0.925752,4146,1
4147,0.00119988,33.697033,0.925753,33.697141,0.925753,4146,0
4148,0.00120107,33.697524,0.925755,33.697524,0.925755,4148,1
4149,0.00120141,33.697924,0.925761,33.697924,0.925761,4149,1
4150,0.00120006,33.698043,0.925762,33.698043,0.925762,4150,1
4151,0.00120063,33.698566,0.925766,33.698566,0.925766,4151,1
4152,0.0012007,33.698798,0.925771,33.698798,0.925771,4152,1
4153,0.00120235,33.699236,0.925772,33.699236,0.925772,4153,1
4154,0.00119969,33.69961,0.925777,33.69961,0.925777,4154,1
4155,0.00119925,33.699617,0.925779,33.699617,0.925779,4155,1
4156,0.00120054,33.699962,0.925781,33.699962,0.925781,4156,1
4157,0.00119897,33.699987,0.925785,33.699987,0.925785,4157,1
4158,0.00120031,33.700405,0.925787,33.700405,0.925787,4158,1
4159,0.00119915,33.700108,0.925792,33.700405,0.925792,4158,0
4160,0.00119802,33.700928,0.925796,33.700928,0.925796,4160,1
4161,0.00120072,33.70067,0.925796,33.700928,0.925796,4160,0
4162,0.00119971,33.701278,0.925803,33.701278,0.925803,4162,1
4163,0.00120009,33.701208,0.925802,33.701278,0.925803,4162,0
4164,0.00119977,33.70114,0.925806,33.701278,0.925806,4162,0
4165,0.0011988,33.701433,0.925809,33.701433,0.925809,4165,1
4166,0.00119891,33.701968,0.925812,33.701968,0.925812,4166,1
4167,0.00120017,33.702346,0.925816,33.702346,0.925816,4167,1
4168,0.00120011,33.702759,0.925819,33.702759,0.925819,4168,1
4169,0.00119855,33.702808,0.925822,33.702808,0.925822,4169,1
4170,0.0011985,33.703278,0.925824,33.703278,0.925824,4170,1
4171,0.00119862,33.703743,0.925827,33.703743,0.925827,4171,1
4172,0.00119932,33.703897,0.925832,33.703897,0.925832,4172,1
4173,0.0011976,33.70394,0.925836,33.70394,0.925836,4173,1
4174,0.00119931,33.704062,0.925836,33.704062,0.925836,4173,0
4175,0.00119907,33.704214,0.925841,33.704214,0.925841,4175,1
4176,0.00119795,33.704686,0.925842,33.704686,0.925842,4176,1
4177,0.00119979,33.704856,0.925845,33.704856,0.925845,4177,1
4178,0.00119888,33.705116,0.925849,33.705116,0.925849,4178,1
4179,0.00119841,33.705482,0.925854,33.705482,0.925854,4179,1
4180,0.00119811,33.705954,0.925855,33.705954,0.925855,4180,1
4181,0.00119784,33.705988,0.925859,33.705988,0.925859,4181,1
4182,0.00119761,33.70618,0.92586,33.70618,0.92586,4182,1
4183,0.00119784,33.70648,0.92586,33.70648,0.92586,4183,1
4184,0.00119753,33.707093,0.925866,33.707093,0.925866,4184,1
4185,0.00119835,33.707182,0.925867,33.707182,0.925867,4185,1
4186,0.00119818,33.707613,0.925873,33.707613,0.925873,4186,1
4187,0.00119897,33.707669,0.925874,33.707669,0.925874,4187,1
4188,0.00119762,33.707955,0.925875,33.707955,0.925875,4188,1
4189,0.00119825,33.708493,0.925879,33.708493,0.925879,4189,1
4190,0.00119748,33.708493,0.925883,33.708493,0.925883,4190,1
4191,0.0011986,33.708498,0.925883,33.708498,0.925883,4190,0
4192,0.00119915,33.709259,0.925887,33.709259,0.925887,4192,1
4193,0.00119932,33.709353,0.925887,33.709353,0.925887,4193,1
4194,0.00119718,33.709298,0.925892,33.709353,0.925892,4193,0
4195,0.00119789,33.709608,0.925894,33.709608,0.925894,4195,1
4196,0.00119551,33.709982,0.9259,33.709982,0.9259,4196,1
4197,0.0011973,33.710323,0.925902,33.710323,0.925902,4197,1
4198,0.0011963,33.710627,0.925903,33.710627,0.925903,4198,1
4199,0.0011988,33.71104,0.92591,33.71104,0.92591,4199,1
4200,0.00119703,33.71152,0.925912,33.71152,0.925912,4200,1
4201,0.00119642,33.711719,0.925916,33.711719,0.925916,4201,1
4202,0.00119687,33.711885,0.925918,33.711885,0.925918,4202,1
4203,0.00119706,33.712233,0.92592,33.712233,0.92592,4203,1
4204,0.00119744,33.71243,0.925926,33.71243,0.925926,4204,1
4205,0.00119555,33.71268,0.925928,33.71268,0.925928,4205,1
4206,0.00119841,33.712421,0.92593,33.71268,0.92593,4205,0
4207,0.00119642,33.712825,0.925934,33.712825,0.925934,4207,1
4208,0.00119733,33.713244,0.925937,33.713244,0.925937,4208,1
4209,0.00119482,33.713414,0.925939,33.713414,0.925939,4209,1
4210,0.00119675,33.71354,0.925942,33.71354,0.925942,4210,1
4211,0.00119691,33.714281,0.925948,33.714281,0.925948,4211,1
4212,0.00119678,33.714155,0.925948,33.714281,0.925948,4211,0
4213,0.00119687,33.714634,0.925951,33.714634,0.925951,4213,1
4214,0.00119529,33.714936,0.925954,33.714936,0.925954,4214,1
4215,0.00119579,33.715374,0.925959,33.715374,0.925959,4215,1
4216,0.00119609,33.715445,0.92596,33.715445,0.92596,4216,1
4217,0.00119708,33.715775,0.925965,33.715775,0.925965,4217,1
4218,0.00119626,33.715778,0.925967,33.715778,0.925967,4218,1
4219,0.00119522,33.715983,0.925967,33.715983,0.925967,4218,0
4220,0.00119506,33.716344,0.925972,33.716344,0.925972,4220,1
4221,0.00119699,33.716885,0.925975,33.716885,0.925975,4221,1
4222,0.00119426,33.716482,0.925978,33.716885,0.925978,4221,0
4223,0.0011975,33.71761,0.925982,33.71761,0.925982,4223,1
4224,0.00119593,33.717392,0.925983,33.71761,0.925983,4223,0
4225,0.00119784,33.718071,0.925988,33.718071,0.925988,4225,1
4226,0.00119652,33.71799,0.925991,33.718071,0.925991,4225,0
4227,0.00119388,33.718712,0.925995,33.718712,0.925995,4227,1
4228,0.00119452,33.718474,0.925995,33.718712,0.925995,4227,0
4229,0.00119696,33.718457,0.925999,33.718712,0.925999,4227,0
4230,0.00119474,33.71902,0.926003,33.71902,0.926003,4230,1
4231,0.00119517,33.719176,0.926006,33.719176,0.926006,4231,1
4232,0.00119402,33.719204,0.926008,33.719204,0.926008,4232,1
4233,0.00119528,33.719838,0.926012,33.719838,0.926012,4233,1
4234,0.00119449,33.720271,0.926014,33.720271,0.926014,4234,1
4235,0.00119542,33.720049,0.926013,33.720271,0.926014,4234,0
4236,0.00119508,33.720558,0.926018,33.720558,0.926018,4236,1
4237,0.00119312,33.720517,0.926021,33.720558,0.926021,4236,0
4238,0.00119498,33.721276,0.926024,33.721276,0.926024,4238,1
4239,0.00119507,33.721285,0.926026,33.721285,0.926026,4239,1
4240,0.00119433,33.721603,0.926028,33.721603,0.926028,4240,1
4241,0.00119525,33.721955,0.926033,33.721955,0.926033,4241,1
4242,0.00119542,33.722082,0.926035,33.722082,0.926035,4242,1
4243,0.00119411,33.722329,0.926041,33.722329,0.926041,4243,1
4244,0.00119471,33.722446,0.926041,33.722446,0.926041,4244,1
4245,0.00119464,33.722895,0.926043,33.722895,0.926043,4245,1
4246,0.00119364,33.722539,0.926045,33.722895,0.926045,4245,0
4247,0.00119376,33.723232,0.92605,33.723232,0.92605,4247,1
4248,0.00119458,33.723526,0.926053,33.723526,0.926053,4248,1
4249,0.00119504,33.723553,0.926055,33.723553,0.926055,4249,1
4250,0.00119374,33.724086,0.926059,33.724086,0.926059,4250,1
4251,0.00119454,33.724284,0.926061,33.724284,0.926061,4251,1
4252,0.00119076,33.724159,0.926063,33.724284,0.926063,4251,0
4253,0.00119409,33.724945,0.926067,33.724945,0.926067,4253,1
4254,0.00119354,33.725048,0.926071,33.725048,0.926071,4254,1
4255,0.0011926,33.724703,0.92607,33.725048,0.926071,4254,0
4256,0.00119413,33.724961,0.926074,33.725048,0.926074,4254,0
4257,0.00119377,33.725765,0.926081,33.725765,0.926081,4257,1
4258,0.00119181,33.725908,0.926083,33.725908,0.926083,4258,1
4259,0.00119371,33.726112,0.926088,33.726112,0.926088,4259,1
4260,0.00119212,33.726677,0.926092,33.726677,0.926092,4260,1
4261,0.00119419,33.726719,0.926093,33.726719,0.926093,4261,1
4262,0.00119356,33.726894,0.926095,33.726894,0.926095,4262,1
4263,0.0011938,33.727731,0.926099,33.727731,0.926099,4263,1
4264,0.00119278,33.727567,0.926099,33.727731,0.926099,4263,0
4265,0.00119286,33.727714,0.926102,33.727731,0.926102,4263,0
4266,0.0011934,33.72793,0.926108,33.72793,0.926108,4266,1
4267,0.00119383,33.728052,0.926109,33.728052,0.926109,4267,1
4268,0.00119339,33.728541,0.926112,33.728541,0.926112,4268,1
4269,0.00119405,33.728771,0.926116,33.728771,0.926116,4269,1
4270,0.00119328,33.728959,0.926118,33.728959,0.926118,4270,1
4271,0.00119336,33.72958,0.926122,33.72958,0.926122,4271,1
4272,0.00119234,33.729232,0.926123,33.72958,0.926123,4271,0
4273,0.00119329,33.729586,0.926127,33.729586,0.926127,4273,1
4274,0.00119134,33.730174,0.926131,33.730174,0.926131,4274,1
4275,0.00119315,33.730609,0.926132,33.730609,0.926132,4275,1
4276,0.00119205,33.730728,0.926136,33.730728,0.926136,4276,1
4277,0.00119369,33.731289,0.92614,33.731289,0.92614,4277,1
4278,0.00119145,33.730933,0.926141,33.731289,0.926141,4277,0
4279,0.00119235,33.731278,0.926146,33.731289,0.926146,4277,0
4280,0.00119195,33.731734,0.926149,33.731734,0.926149,4280,1
4281,0.00119128,33.732108,0.926152,33.732108,0.926152,4281,1
4282,0.00119084,33.732447,0.926153,33.732447,0.926153,4282,1
4283,0.00119194,33.732486,0.926155,33.732486,0.926155,4283,1
4284,0.00119127,33.732784,0.926156,33.732784,0.926156,4284,1
4285,0.00119203,33.733872,0.926164,33.733872,0.926164,4285,1
4286,0.00119103,33.7337,0.926164,33.733872,0.926164,4285,0
4287,0.00119131,33.734159,0.926169,33.734159,0.926169,4287,1
4288,0.00119293,33.734206,0.926167,33.734206,0.926169,4287,0
4289,0.00119241,33.734749,0.926174,33.734749,0.926174,4289,1
4290,0.0011921,33.734767,0.926176,33.734767,0.926176,4290,1
4291,0.00119137,33.735279,0.926179,33.735279,0.926179,4291,1
4292,0.0011918,33.735498,0.926182,33.735498,0.926182,4292,1
4293,0.00119263,33.735544,0.926179,33.735544,0.926182,4292,0
4294,0.00119087,33.735707,0.926185,33.735707,0.926185,4294,1
4295,0.00119202,33.736079,0.926188,33.736079,0.926188,4295,1
4296,0.0011896,33.736413,0.926192,33.736413,0.926192,4296,1
4297,0.00119281,33.736446,0.926195,33.736446,0.926195,4297,1
4298,0.00119035,33.737048,0.926199,33.737048,0.926199,4298,1
4299,0.00119063,33.737357,0.926202,33.737357,0.926202,4299,1
4300,0.00119064,33.737588,0.926205,33.737588,0.926205,4300,1
4301,0.00119137,33.73815,0.926208,33.73815,0.926208,4301,1
4302,0.00119115,33.738041,0.926209,33.73815,0.926209,4301,0
4303,0.00119073,33.738217,0.926211,33.738217,0.926211,4303,1
4304,0.00119113,33.739009,0.926218,33.739009,0.926218,4304,1
4305,0.00119149,33.73895,0.926217,33.739009,0.926218,4304,0
4306,0.00118991,33.738299,0.926212,33.739009,0.926218,4304,0
4307,0.00119209,33.738437,0.926216,33.739009,0.926218,4304,0
4308,0.00119084,33.738971,0.926221,33.739009,0.926221,4304,0
4309,0.00119097,33.739253,0.926223,33.739253,0.926223,4309,1
4310,0.00119016,33.739378,0.926226,33.739378,0.926226,4310,1
4311,0.00119125,33.739706,0.92623,33.739706,0.92623,4311,1
4312,0.00118977,33.739847,0.926233,33.739847,0.926233,4312,1
4313,0.00119009,33.73994,0.926235,33.73994,0.926235,4313,1
4314,0.00119036,33.740276,0.926238,33.740276,0.926238,4314,1
4315,0.00118982,33.740857,0.926243,33.740857,0.926243,4315,1
4316,0.00118991,33.740144,0.926242,33.740857,0.926243,4315,0
4317,0.00118997,33.740308,0.926246,33.740857,0.926246,4315,0
4318,0.00118875,33.74069,0.926249,33.740857,0.926249,4315,0
4319,0.00118926,33.74101,0.926253,33.74101,0.926253,4319,1
4320,0.00118904,33.741412,0.926255,33.741412,0.926255,4320,1
4321,0.00118881,33.741911,0.926259,33.741911,0.926259,4321,1
4322,0.00118954,33.742186,0.926261,33.742186,0.926261,4322,1
4323,0.00118831,33.742383,0.926264,33.742383,0.926264,4323,1
4324,0.00119045,33.742906,0.926267,33.742906,0.926267,4324,1
4325,0.00118873,33.743197,0.92627,33.743197,0.92627,4325,1
4326,0.00118879,33.743273,0.926274,33.743273,0.926274,4326,1
4327,0.00118951,33.743669,0.92628,33.743669,0.92628,4327,1
4328,0.00118981,33.743497,0.926278,33.743669,0.92628,4327,0
4329,0.00118825,33.743706,0.926281,33.743706,0.926281,4329,1
4330,0.00118941,33.744113,0.926286,33.744113,0.926286,4330,1
4331,0.00118929,33.744189,0.926287,33.744189,0.926287,4331,1
4332,0.00119008,33.744095,0.926289,33.744189,0.926289,4331,0
4333,0.00118876,33.744248,0.926296,33.744248,0.926296,4333,1
4334,0.00118746,33.744776,0.926297,33.744776,0.926297,4334,1
4335,0.00118882,33.745293,0.926299,33.745293,0.926299,4335,1
4336,0.00118846,33.74563,0.926304,33.74563,0.926304,4336,1
4337,0.00118859,33.745725,0.926307,33.745725,0.926307,4337,1
4338,0.00118596,33.745929,0.92631,33.745929,0.92631,4338,1
4339,0.00118807,33.746343,0.926311,33.746343,0.926311,4339,1
4340,0.00118857,33.746533,0.926313,33.746533,0.926313,4340,1
4341,0.00118866,33.746885,0.926315,33.746885,0.926315,4341,1
4342,0.00118799,33.747151,0.926318,33.747151,0.926318,4342,1
4343,0.00118852,33.747056,0.926319,33.747151,0.926319,4342,0
4344,0.00118824,33.747511,0.926322,33.747511,0.926322,4344,1
4345,0.00118798,33.747754,0.926325,33.747754,0.926325,4345,1
4346,0.00118714,33.747985,0.926328,33.747985,0.926328,4346,1
4347,0.00118836,33.748036,0.926334,33.748036,0.926334,4347,1
4348,0.00118861,33.748477,0.926333,33.748477,0.926334,4347,0
4349,0.00118915,33.748426,0.926335,33.748477,0.926335,4347,0
4350,0.00118754,33.748699,0.926339,33.748699,0.926339,4350,1
4351,0.00118838,33.749266,0.926345,33.749266,0.926345,4351,1
4352,0.00118914,33.749628,0.926348,33.749628,0.926348,4352,1
4353,0.00118717,33.749659,0.92635,33.749659,0.92635,4353,1
4354,0.00118754,33.74981,0.92635,33.74981,0.92635,4353,0
4355,0.00118577,33.750253,0.926354,33.750253,0.926354,4355,1
4356,0.00118745,33.750563,0.926358,33.750563,0.926358,4356,1
4357,0.00118677,33.750622,0.92636,33.750622,0.92636,4357,1
4358,0.00118662,33.750795,0.926365,33.750795,0.926365,4358,1
4359,0.00118745,33.751078,0.926366,33.751078,0.926366,4359,1
4360,0.00118801,33.751459,0.926367,33.751459,0.926367,4360,1
4361,0.00118751,33.751568,0.926373,33.751568,0.926373,4361,1
4362,0.00118624,33.752042,0.926376,33.752042,0.926376,4362,1
4363,0.0011855,33.752235,0.926377,33.752235,0.926377,4363,1
4364,0.00118625,33.752544,0.92638,33.752544,0.92638,4364,1
4365,0.00118676,33.752544,0.926384,33.752544,0.926384,4365,1
4366,0.00118604,33.752674,0.926385,33.752674,0.926385,4366,1
4367,0.00118646,33.752022,0.92638,33.752674,0.926385,4366,0
4368,0.00118629,33.75171,0.926384,33.752674,0.926385,4366,0
4369,0.00118491,33.752489,0.926386,33.752674,0.926386,4366,0
4370,0.00118698,33.75289,0.926391,33.75289,0.926391,4370,1
4371,0.00118669,33.752685,0.926393,33.75289,0.926393,4370,0
4372,0.00118614,33.75278,0.926395,33.75289,0.926395,4370,0
4373,0.0011865,33.752883,0.926398,33.75289,0.926398,4370,0
4374,0.00118607,33.75359,0.926399,33.75359,0.926399,4374,1
4375,0.00118441,33.754228,0.926405,33.754228,0.926405,4375,1
4376,0.00118542,33.754271,0.926406,33.754271,0.926406,4376,1
4377,0.0011859,33.754823,0.926409,33.754823,0.926409,4377,1
4378,0.00118623,33.755401,0.926416,33.755401,0.926416,4378,1
4379,0.00118667,33.755904,0.926421,33.755904,0.926421,4379,1
4380,0.00118518,33.755707,0.926422,33.755904,0.926422,4379,0
4381,0.00118637,33.755683,0.926422,33.755904,0.926422,4379,0
4382,0.00118664,33.756027,0.926426,33.756027,0.926426,4382,1
4383,0.00118465,33.756143,0.92643,33.756143,0.92643,4383,1
4384,0.00118744,33.756385,0.926433,33.756385,0.926433,4384,1
4385,0.00118473,33.756543,0.926434,33.756543,0.926434,4385,1
4386,0.0011861,33.757252,0.92644,33.757252,0.92644,4386,1
4387,0.00118499,33.757409,0.926443,33.757409,0.926443,4387,1
4388,0.0011862,33.757911,0.926447,33.757911,0.926447,4388,1
4389,0.00118525,33.758295,0.926448,33.758295,0.926448,4389,1
4390,0.0011851,33.758243,0.92645,33.758295,0.92645,4389,0
4391,0.00118514,33.758984,0.926454,33.758984,0.926454,4391,1
4392,0.00118516,33.758655,0.926454,33.758984,0.926454,4391,0
4393,0.00118461,33.759485,0.926463,33.759485,0.926463,4393,1
4394,0.001186,33.759254,0.926464,33.759485,0.926464,4393,0
4395,0.00118489,33.75973,0.926466,33.75973,0.926466,4395,1
4396,0.00118501,33.760293,0.926471,33.760293,0.926471,4396,1
4397,0.00118368,33.760525,0.926475,33.760525,0.926475,4397,1
4398,0.00118477,33.760459,0.926475,33.760525,0.926475,4397,0
4399,0.00118338,33.76082,0.926475,33.76082,0.926475,4397,0
4400,0.00118505,33.760635,0.92648,33.76082,0.92648,4397,0
4401,0.00118517,33.761122,0.926485,33.761122,0.926485,4401,1
4402,0.00118314,33.761247,0.926486,33.761247,0.926486,4402,1
4403,0.00118332,33.761143,0.92649,33.761247,0.92649,4402,0
4404,0.0011855,33.761367,0.926491,33.761367,0.926491,4404,1
4405,0.0011842,33.762003,0.926497,33.762003,0.926497,4405,1
4406,0.00118491,33.762249,0.9265,33.762249,0.9265,4406,1
4407,0.00118354,33.76244,0.926502,33.76244,0.926502,4407,1
4408,0.00118554,33.761911,0.926499,33.76244,0.926502,4407,0
4409,0.00118492,33.762716,0.926505,33.762716,0.926505,4409,1
4410,0.00118317,33.762517,0.926507,33.762716,0.926507,4409,0
4411,0.00118464,33.763238,0.926511,33.763238,0.926511,4411,1
4412,0.00118404,33.763619,0.926513,33.763619,0.926513,4412,1
4413,0.00118233,33.764151,0.926518,33.764151,0.926518,4413,1
4414,0.00118361,33.764451,0.92652,33.764451,0.92652,4414,1
4415,0.00118312,33.764356,0.926523,33.764451,0.926523,4414,0
4416,0.00118451,33.76451,0.926525,33.76451,0.926525,4416,1
4417,0.00118396,33.764187,0.926526,33.76451,0.926526,4416,0
4418,0.0011835,33.765271,0.926531,33.765271,0.926531,4418,1
4419,0.00118427,33.764942,0.926532,33.765271,0.926532,4418,0
4420,0.00118301,33.765753,0.926535,33.765753,0.926535,4420,1
4421,0.00118336,33.765739,0.926538,33.765753,0.926538,4420,0
4422,0.00118369,33.765797,0.92654,33.765797,0.92654,4422,1
4423,0.00118328,33.766594,0.926544,33.766594,0.926544,4423,1
4424,0.00118301,33.766689,0.926547,33.766689,0.926547,4424,1
4425,0.00118318,33.766819,0.926548,33.766819,0.926548,4425,1
4426,0.00118332,33.767377,0.926549,33.767377,0.926549,4426,1
4427,0.00118284,33.767335,0.926555,33.767377,0.926555,4426,0
4428,0.00118358,33.767195,0.926559,33.767377,0.926559,4426,0
4429,0.00118379,33.767592,0.92656,33.767592,0.92656,4429,1
4430,0.00118369,33.76809,0.926564,33.76809,0.926564,4430,1
4431,0.00118193,33.768024,0.926563,33.76809,0.926564,4430,0
4432,0.00118212,33.768288,0.926566,33.768288,0.926566,4432,1
4433,0.00118272,33.768389,0.926565,33.768389,0.926566,4432,0
4434,0.001182,33.768999,0.926571,33.768999,0.926571,4434,1
4435,0.00118423,33.76934,0.926572,33.76934,0.926572,4435,1
4436,0.00118087,33.76977,0.926573,33.76977,0.926573,4436,1
4437,0.0011827,33.769697,0.926575,33.76977,0.926575,4436,0
4438,0.00118168,33.770088,0.926579,33.770088,0.926579,4438,1
4439,0.00118251,33.769667,0.926583,33.770088,0.926583,4438,0
4440,0.00118229,33.77037,0.926585,33.77037,0.926585,4440,1
4441,0.00118278,33.770977,0.926589,33.770977,0.926589,4441,1
4442,0.00118281,33.771361,0.926593,33.771361,0.926593,4442,1
4443,0.00118355,33.771618,0.926596,33.771618,0.926596,4443,1
4444,0.00118246,33.771439,0.9266,33.771618,0.9266,4443,0
4445,0.00118281,33.772135,0.926601,33.772135,0.926601,4445,1
4446,0.00118226,33.77243,0.926602,33.77243,0.926602,4446,1
4447,0.00118096,33.772709,0.926607,33.772709,0.926607,4447,1
4448,0.0011819,33.772855,0.926606,33.772855,0.926607,4447,0
4449,0.00118148,33.773025,0.926612,33.773025,0.926612,4449,1
4450,0.00118035,33.773697,0.926615,33.773697,0.926615,4450,1
4451,0.00117945,33.773937,0.926618,33.773937,0.926618,4451,1
4452,0.00118184,33.774259,0.92662,33.774259,0.92662,4452,1
4453,0.00118255,33.774042,0.926623,33.774259,0.926623,4452,0
4454,0.00118087,33.774806,0.926623,33.774806,0.926623,4452,0
4455,0.00118014,33.774771,0.92663,33.774806,0.92663,4452,0
4456,0.00118152,33.774729,0.926633,33.774806,0.926633,4452,0
4457,0.00118088,33.775139,0.926634,33.775139,0.926634,4457,1
4458,0.0011816,33.775303,0.926638,33.775303,0.926638,4458,1
4459,0.0011813,33.775544,0.926641,33.775544,0.926641,4459,1
4460,0.00118081,33.776047,0.92664,33.776047,0.926641,4459,0
4461,0.00118209,33.776116,0.926645,33.776116,0.926645,4461,1
4462,0.00118143,33.776176,0.926652,33.776176,0.926652,4462,1
4463,0.00118033,33.77687,0.926655,33.77687,0.926655,4463,1
4464,0.00117916,33.777139,0.926654,33.777139,0.926655,4463,0
4465,0.00117825,33.777569,0.926657,33.777569,0.926657,4465,1
4466,0.00118203,33.777914,0.926662,33.777914,0.926662,4466,1
4467,0.00117952,33.777992,0.926664,33.777992,0.926664,4467,1
4468,0.00118,33.777944,0.926667,33.777992,0.926667,4467,0
4469,0.00118015,33.7782,0.926668,33.7782,0.926668,4469,1
4470,0.00118124,33.778305,0.92667,33.778305,0.92667,4470,1
4471,0.00117929,33.778597,0.926675,33.778597,0.926675,4471,1
4472,0.00118055,33.778639,0.926677,33.778639,0.926677,4472,1
4473,0.00117999,33.77923,0.926679,33.77923,0.926679,4473,1
4474,0.00117964,33.779811,0.926688,33.779811,0.926688,4474,1
4475,0.00117969,33.779584,0.926688,33.779811,0.926688,4474,0
4476,0.00117901,33.779775,0.926691,33.779811,0.926691,4474,0
4477,0.00117975,33.780173,0.926696,33.780173,0.926696,4477,1
4478,0.00118138,33.780617,0.926699,33.780617,0.926699,4478,1
4479,0.00118008,33.780949,0.926698,33.780949,0.926699,4478,0
4480,0.00117779,33.780929,0.9267,33.780949,0.9267,4478,0
4481,0.00117928,33.78138,0.926707,33.78138,0.926707,4481,1
4482,0.00117864,33.781464,0.92671,33.781464,0.92671,4482,1
4483,0.00117988,33.782005,0.926712,33.782005,0.926712,4483,1
4484,0.00118019,33.781884,0.926712,33.782005,0.926712,4483,0
4485,0.00117931,33.782394,0.926715,33.782394,0.926715,4485,1
4486,0.00118019,33.782874,0.926733,33.782874,0.926733,4486,1
4487,0.0011773,33.783578,0.926738,33.783578,0.926738,4487,1
4488,0.00117836,33.783789,0.926739,33.783789,0.926739,4488,1
4489,0.00117835,33.783806,0.92674,33.783806,0.92674,4489,1
4490,0.00117708,33.784318,0.926745,33.784318,0.926745,4490,1
4491,0.00117896,33.784938,0.92675,33.784938,0.92675,4491,1
4492,0.00117816,33.784854,0.92675,33.784938,0.92675,4491,0
4493,0.00117751,33.785352,0.926756,33.785352,0.926756,4493,1
4494,0.00117875,33.785134,0.926755,33.785352,0.926756,4493,0
4495,0.00117846,33.785546,0.926757,33.785546,0.926757,4495,1
4496,0.0011795,33.785523,0.926758,33.785546,0.926758,4495,0
4497,0.00117844,33.785821,0.926761,33.785821,0.926761,4497,1
4498,0.00117717,33.785522,0.92676,33.785821,0.926761,4497,0
4499,0.00117805,33.786354,0.926768,33.786354,0.926768,4499,1
4500,0.00117913,33.786521,0.926768,33.786521,0.926768,4500,1
4501,0.00117956,33.787174,0.926776,33.787174,0.926776,4501,1
4502,0.00117802,33.787089,0.926774,33.787174,0.926776,4501,0
4503,0.00117845,33.787413,0.926777,33.787413,0.926777,4503,1
4504,0.00117716,33.787407,0.92678,33.787413,0.92678,4503,0
4505,0.0011774,33.78782,0.926785,33.78782,0.926785,4505,1
4506,0.00117704,33.787856,0.926786,33.787856,0.926786,4506,1
4507,0.0011777,33.788099,0.926791,33.788099,0.926791,4507,1
4508,0.00117672,33.788258,0.926789,33.788258,0.926791,4507,0
4509,0.00117745,33.787768,0.92679,33.788258,0.926791,4507,0
4510,0.00117696,33.788762,0.926796,33.788762,0.926796,4510,1
4511,0.00117483,33.788962,0.926796,33.788962,0.926796,4510,0
4512,0.0011775,33.78946,0.926804,33.78946,0.926804,4512,1
4513,0.00117716,33.789583,0.926806,33.789583,0.926806,4513,1
4514,0.00117937,33.789577,0.926808,33.789583,0.926808,4513,0
4515,0.001176,33.789702,0.92681,33.789702,0.92681,4515,1
4516,0.0011783,33.789592,0.926812,33.789702,0.926812,4515,0
4517,0.00117824,33.790174,0.926815,33.790174,0.926815,4517,1
4518,0.00117818,33.790294,0.926817,33.790294,0.926817,4518,1
4519,0.00117748,33.79048,0.926819,33.79048,0.926819,4519,1
4520,0.00117659,33.791402,0.926825,33.791402,0.926825,4520,1
4521,0.00117675,33.791696,0.926831,33.791696,0.926831,4521,1
4522,0.00117602,33.791581,0.926828,33.791696,0.926831,4521,0
4523,0.00117711,33.791206,0.926829,33.791696,0.926831,4521,0
4524,0.00117642,33.79216,0.926834,33.79216,0.926834,4524,1
4525,0.00117487,33.791957,0.926834,33.79216,0.926834,4524,0
4526,0.00117675,33.792552,0.926839,33.792552,0.926839,4526,1
4527,0.00117728,33.792125,0.926839,33.792552,0.926839,4526,0
4528,0.00117707,33.792892,0.926845,33.792892,0.926845,4528,1
4529,0.00117591,33.792868,0.926844,33.792892,0.926845,4528,0
4530,0.00117658,33.793851,0.926854,33.793851,0.926854,4530,1
4531,0.00117541,33.793593,0.92685,33.793851,0.926854,4530,0
4532,0.00117529,33.793839,0.926851,33.793851,0.926854,4530,0
4533,0.00117519,33.794063,0.926856,33.794063,0.926856,4533,1
4534,0.00117523,33.794515,0.926859,33.794515,0.926859,4534,1
4535,0.0011759,33.794936,0.926865,33.794936,0.926865,4535,1
4536,0.00117584,33.794823,0.926864,33.794936,0.926865,4535,0
4537,0.00117609,33.794838,0.92687,33.794936,0.92687,4535,0
4538,0.00117563,33.794746,0.926869,33.794936,0.92687,4535,0
4539,0.00117619,33.794136,0.926871,33.794936,0.926871,4535,0
4540,0.00117597,33.793933,0.926864,33.794936,0.926871,4535,0
4541,0.00117535,33.794403,0.926867,33.794936,0.926871,4535,0
4542,0.00117516,33.795172,0.926871,33.795172,0.926871,4542,1
4543,0.00117682,33.795655,0.926874,33.795655,0.926874,4543,1
4544,0.00117529,33.796105,0.926876,33.796105,0.926876,4544,1
4545,0.00117623,33.795873,0.926876,33.796105,0.926876,4544,0
4546,0.00117497,33.795938,0.926882,33.796105,0.926882,4544,0
4547,0.00117492,33.796262,0.926887,33.796262,0.926887,4547,1
4548,0.00117576,33.79624,0.926887,33.796262,0.926887,4547,0
4549,0.00117606,33.796968,0.926891,33.796968,0.926891,4549,1
4550,0.00117607,33.797246,0.926896,33.797246,0.926896,4550,1
4551,0.00117643,33.797623,0.926898,33.797623,0.926898,4551,1
4552,0.00117585,33.797453,0.926901,33.797623,0.926901,4551,0
4553,0.00117429,33.797733,0.926907,33.797733,0.926907,4553,1
4554,0.00117394,33.798402,0.92691,33.798402,0.92691,4554,1
4555,0.00117459,33.798964,0.926912,33.798964,0.926912,4555,1
4556,0.00117592,33.798588,0.926914,33.798964,0.926914,4555,0
4557,0.00117534,33.798902,0.926919,33.798964,0.926919,4555,0
4558,0.00117484,33.799271,0.92692,33.799271,0.92692,4558,1
4559,0.0011741,33.799824,0.926923,33.799824,0.926923,4559,1
4560,0.00117386,33.799883,0.926926,33.799883,0.926926,4560,1
4561,0.0011753,33.800274,0.926931,33.800274,0.926931,4561,1
4562,0.00117442,33.800548,0.926934,33.800548,0.926934,4562,1
4563,0.0011748,33.800658,0.926934,33.800658,0.926934,4562,0
4564,0.00117509,33.800683,0.926938,33.800683,0.926938,4564,1
4565,0.00117309,33.801188,0.926939,33.801188,0.926939,4565,1
4566,0.00117509,33.801425,0.926946,33.801425,0.926946,4566,1
4567,0.00117379,33.801539,0.926947,33.801539,0.926947,4567,1
4568,0.00117466,33.80183,0.926949,33.80183,0.926949,4568,1
4569,0.00117429,33.802391,0.926955,33.802391,0.926955,4569,1
4570,0.00117147,33.802089,0.926959,33.802391,0.926959,4569,0
4571,0.00117445,33.80269,0.926961,33.80269,0.926961,4571,1
4572,0.00117427,33.802812,0.926962,33.802812,0.926962,4572,1
4573,0.00117383,33.802783,0.926963,33.802812,0.926963,4572,0
4574,0.00117369,33.803663,0.92697,33.803663,0.92697,4574,1
4575,0.00117473,33.803802,0.926971,33.803802,0.926971,4575,1
4576,0.00117418,33.804082,0.926972,33.804082,0.926972,4576,1
4577,0.00117376,33.804506,0.926974,33.804506,0.926974,4577,1
4578,0.00117402,33.804398,0.926976,33.804506,0.926976,4577,0
4579,0.00117392,33.804768,0.926982,33.804768,0.926982,4579,1
4580,0.00117333,33.804968,0.926985,33.804968,0.926985,4580,1
4581,0.00117392,33.804638,0.926986,33.804968,0.926986,4580,0
4582,0.00117385,33.805118,0.92699,33.805118,0.92699,4582,1
4583,0.00117427,33.805648,0.926993,33.805648,0.926993,4583,1
4584,0.00117331,33.805833,0.926995,33.805833,0.926995,4584,1
4585,0.00117368,33.806206,0.927,33.806206,0.927,4585,1
4586,0.00117278,33.806025,0.927001,33.806206,0.927001,4585,0
4587,0.00117318,33.806594,0.927005,33.806594,0.927005,4587,1
4588,0.00117366,33.806753,0.927008,33.806753,0.927008,4588,1
4589,0.00117277,33.806663,0.927007,33.806753,0.927008,4588,0
4590,0.00117219,33.807047,0.92701,33.807047,0.92701,4590,1
4591,0.00117311,33.807123,0.92701,33.807123,0.92701,4591,1
4592,0.00117346,33.807864,0.927018,33.807864,0.927018,4592,1
4593,0.00117544,33.80795,0.927018,33.80795,0.927018,4593,1
4594,0.0011727,33.808085,0.92702,33.808085,0.92702,4594,1
4595,0.00117216,33.808338,0.927022,33.808338,0.927022,4595,1
4596,0.00117283,33.808594,0.927026,33.808594,0.927026,4596,1
4597,0.00117241,33.808805,0.92703,33.808805,0.92703,4597,1
4598,0.00117267,33.80908,0.927033,33.80908,0.927033,4598,1
4599,0.00117332,33.809332,0.927036,33.809332,0.927036,4599,1
4600,0.00117134,33.80917,0.927037,33.809332,0.927037,4599,0
4601,0.00117346,33.80932,0.927039,33.809332,0.927039,4599,0
4602,0.00117343,33.809578,0.927042,33.809578,0.927042,4602,1
4603,0.00117398,33.810096,0.927047,33.810096,0.927047,4603,1
4604,0.00117205,33.809242,0.927037,33.810096,0.927047,4603,0
4605,0.00117262,33.809643,0.927041,33.810096,0.927047,4603,0
4606,0.00117293,33.809694,0.927044,33.810096,0.927047,4603,0
4607,0.00117208,33.810392,0.927047,33.810392,0.927047,4603,0
4608,0.00117116,33.811008,0.927053,33.811008,0.927053,4608,1
4609,0.00117469,33.810437,0.927052,33.811008,0.927053,4608,0
4610,0.00117151,33.811181,0.927057,33.811181,0.927057,4610,1
4611,0.00117233,33.811031,0.927057,33.811181,0.927057,4610,0
4612,0.00117152,33.811737,0.92706,33.811737,0.92706,4612,1
4613,0.00117179,33.811896,0.92706,33.811896,0.92706,4613,1
4614,0.00117121,33.812254,0.927065,33.812254,0.927065,4614,1
4615,0.00117092,33.812765,0.927068,33.812765,0.927068,4615,1
4616,0.00117016,33.812827,0.927071,33.812827,0.927071,4616,1
4617,0.00117126,33.812542,0.927071,33.812827,0.927071,4616,0
4618,0.00117121,33.813123,0.927077,33.813123,0.927077,4618,1
4619,0.00117094,33.812966,0.927075,33.813123,0.927077,4618,0
4620,0.00117132,33.813278,0.92708,33.813278,0.92708,4620,1
4621,0.00116844,33.813663,0.927085,33.813663,0.927085,4621,1
4622,0.00117175,33.813735,0.927086,33.813735,0.927086,4622,1
4623,0.00116983,33.813735,0.927088,33.813735,0.927088,4623,1
4624,0.00117225,33.814232,0.927091,33.814232,0.927091,4624,1
4625,0.00117126,33.814798,0.927096,33.814798,0.927096,4625,1
4626,0.0011691,33.814901,0.927098,33.814901,0.927098,4626,1
4627,0.0011718,33.81512,0.927099,33.81512,0.927099,4627,1
4628,0.00117086,33.815817,0.927105,33.815817,0.927105,4628,1
4629,0.00116993,33.815156,0.927102,33.815817,0.927105,4628,0
4630,0.00117069,33.815079,0.927103,33.815817,0.927105,4628,0
4631,0.00117055,33.815682,0.927106,33.815817,0.927106,4628,0
4632,0.00117145,33.816357,0.927111,33.816357,0.927111,4632,1
4633,0.00117008,33.816737,0.927116,33.816737,0.927116,4633,1
4634,0.00116965,33.817101,0.927121,33.817101,0.927121,4634,1
4635,0.00117136,33.816484,0.927118,33.817101,0.927121,4634,0
4636,0.00117048,33.817047,0.927123,33.817101,0.927123,4634,0
4637,0.0011698,33.816984,0.927126,33.817101,0.927126,4634,0
4638,0.00117001,33.818155,0.92713,33.818155,0.92713,4638,1
4639,0.00117051,33.818141,0.927132,33.818155,0.927132,4638,0
4640,0.00117003,33.817949,0.927133,33.818155,0.927133,4638,0
4641,0.00117042,33.818333,0.927135,33.818333,0.927135,4641,1
4642,0.00117023,33.818641,0.927137,33.818641,0.927137,4642,1
4643,0.00116996,33.819261,0.927145,33.819261,0.927145,4643,1
4644,0.00117004,33.819339,0.927149,33.819339,0.927149,4644,1
4645,0.00116991,33.819628,0.927152,33.819628,0.927152,4645,1
4646,0.00117062,33.820208,0.927156,33.820208,0.927156,4646,1
4647,0.00116928,33.820371,0.927157,33.820371,0.927157,4647,1
4648,0.00116955,33.820363,0.92716,33.820371,0.92716,4647,0
4649,0.00116892,33.820959,0.927164,33.820959,0.927164,4649,1
4650,0.00117012,33.820851,0.927165,33.820959,0.927165,4649,0
4651,0.00116962,33.820844,0.927165,33.820959,0.927165,4649,0
4652,0.0011691,33.821343,0.927171,33.821343,0.927171,4652,1
4653,0.00116925,33.821529,0.927171,33.821529,0.927171,4653,1
4654,0.00116959,33.821815,0.927174,33.821815,0.927174,4654,1
4655,0.00117005,33.822135,0.927178,33.822135,0.927178,4655,1
4656,0.00116902,33.821759,0.927179,33.822135,0.927179,4655,0
4657,0.00116894,33.822141,0.927184,33.822141,0.927184,4657,1
4658,0.00116824,33.822844,0.927187,33.822844,0.927187,4658,1
4659,0.00116965,33.823508,0.927192,33.823508,0.927192,4659,1
4660,0.00116888,33.823302,0.927191,33.823508,0.927192,4659,0
4661,0.001168,33.823704,0.927194,33.823704,0.927194,4661,1
4662,0.00117001,33.823458,0.927196,33.823704,0.927196,4661,0
4663,0.00116953,33.823968,0.927199,33.823968,0.927199,4663,1
4664,0.00116894,33.824127,0.927201,33.824127,0.927201,4664,1
4665,0.00116826,33.824151,0.927203,33.824151,0.927203,4665,1
4666,0.00116835,33.823953,0.927203,33.824151,0.927203,4665,0
4667,0.00116793,33.823724,0.927207,33.824151,0.927207,4665,0
4668,0.00116838,33.824473,0.927213,33.824473,0.927213,4668,1
4669,0.00116919,33.823973,0.927211,33.824473,0.927213,4668,0
4670,0.00116842,33.824572,0.927216,33.824572,0.927216,4670,1
4671,0.00116845,33.824954,0.927217,33.824954,0.927217,4671,1
4672,0.00116743,33.825344,0.92722,33.825344,0.92722,4672,1
4673,0.00116846,33.825727,0.927223,33.825727,0.927223,4673,1
4674,0.00116744,33.826426,0.927225,33.826426,0.927225,4674,1
4675,0.00116791,33.826123,0.927228,33.826426,0.927228,4674,0
4676,0.0011688,33.826383,0.927227,33.826426,0.927228,4674,0
4677,0.00116772,33.826924,0.927231,33.826924,0.927231,4677,1
4678,0.00116923,33.827164,0.927237,33.827164,0.927237,4678,1
4679,0.00116851,33.82683,0.927239,33.827164,0.927239,4678,0
4680,0.00116644,33.827183,0.927239,33.827183,0.927239,4678,0
4681,0.00116634,33.827842,0.927242,33.827842,0.927242,4681,1
4682,0.00116771,33.82793,0.927246,33.82793,0.927246,4682,1
4683,0.00116716,33.827817,0.927249,33.82793,0.927249,4682,0
4684,0.00116724,33.828496,0.927255,33.828496,0.927255,4684,1
4685,0.00116717,33.828562,0.927254,33.828562,0.927255,4684,0
4686,0.00116586,33.829017,0.927257,33.829017,0.927257,4686,1
4687,0.00116712,33.829072,0.92726,33.829072,0.92726,4687,1
4688,0.0011676,33.828993,0.927261,33.829072,0.927261,4687,0
4689,0.001166,33.829619,0.927266,33.829619,0.927266,4689,1
4690,0.00116604,33.830108,0.927268,33.830108,0.927268,4690,1
4691,0.00116642,33.829494,0.927269,33.830108,0.927269,4690,0
4692,0.00116721,33.829888,0.927272,33.830108,0.927272,4690,0
4693,0.00116647,33.830037,0.927274,33.830108,0.927274,4690,0
4694,0.00116702,33.830343,0.927278,33.830343,0.927278,4694,1
4695,0.00116762,33.830807,0.92728,33.830807,0.92728,4695,1
4696,0.00116609,33.831041,0.927283,33.831041,0.927283,4696,1
4697,0.00116769,33.831081,0.927286,33.831081,0.927286,4697,1
4698,0.001166,33.831337,0.927289,33.831337,0.927289,4698,1
4699,0.00116691,33.831802,0.927293,33.831802,0.927293,4699,1
4700,0.00116596,33.831723,0.927294,33.831802,0.927294,4699,0
4701,0.00116836,33.832227,0.927294,33.832227,0.927294,4701,1
4702,0.00116669,33.832145,0.9273,33.832227,0.9273,4701,0
4703,0.00116636,33.832379,0.927301,33.832379,0.927301,4703,1
4704,0.00116604,33.832555,0.927306,33.832555,0.927306,4704,1
4705,0.00116517,33.832927,0.927308,33.832927,0.927308,4705,1
4706,0.00116652,33.833132,0.927309,33.833132,0.927309,4706,1
4707,0.00116608,33.832868,0.92731,33.833132,0.92731,4706,0
4708,0.00116643,33.833507,0.927314,33.833507,0.927314,4708,1
4709,0.0011651,33.833663,0.927316,33.833663,0.927316,4709,1
4710,0.00116522,33.834011,0.92732,33.834011,0.92732,4710,1
4711,0.00116632,33.834164,0.927322,33.834164,0.927322,4711,1
4712,0.00116597,33.834284,0.927324,33.834284,0.927324,4712,1
4713,0.00116633,33.834596,0.927329,33.834596,0.927329,4713,1
4714,0.00116514,33.834949,0.927331,33.834949,0.927331,4714,1
4715,0.00116644,33.835256,0.927333,33.835256,0.927333,4715,1
4716,0.00116642,33.835189,0.927333,33.835256,0.927333,4715,0
4717,0.00116651,33.83557,0.927337,33.83557,0.927337,4717,1
4718,0.00116631,33.835662,0.927339,33.835662,0.927339,4718,1
4719,0.00116428,33.836251,0.927344,33.836251,0.927344,4719,1
4720,0.00116593,33.836148,0.927343,33.836251,0.927344,4719,0
4721,0.00116546,33.836434,0.927347,33.836434,0.927347,4721,1
4722,0.00116514,33.836514,0.927349,33.836514,0.927349,4722,1
4723,0.00116512,33.836438,0.927349,33.836514,0.927349,4722,0
4724,0.00116566,33.836604,0.92735,33.836604,0.92735,4724,1
4725,0.00116626,33.837074,0.927356,33.837074,0.927356,4725,1
4726,0.00116673,33.836869,0.927355,33.837074,0.927356,4725,0
4727,0.00116513,33.836977,0.927362,33.837074,0.927362,4725,0
4728,0.00116594,33.837422,0.927362,33.837422,0.927362,4728,1
4729,0.00116504,33.837952,0.927367,33.837952,0.927367,4729,1
4730,0.00116429,33.837845,0.927368,33.837952,0.927368,4729,0
4731,0.00116501,33.838253,0.927372,33.838253,0.927372,4731,1
4732,0.00116457,33.838548,0.927376,33.838548,0.927376,4732,1
4733,0.00116475,33.839048,0.927379,33.839048,0.927379,4733,1
4734,0.00116445,33.839229,0.927384,33.839229,0.927384,4734,1
4735,0.00116465,33.839384,0.927384,33.839384,0.927384,4735,1
4736,0.00116558,33.840146,0.927391,33.840146,0.927391,4736,1
4737,0.00116595,33.839698,0.927389,33.840146,0.927391,4736,0
4738,0.0011653,33.840232,0.927392,33.840232,0.927392,4738,1
4739,0.00116482,33.840173,0.927396,33.840232,0.927396,4738,0
4740,0.00116321,33.840632,0.927398,33.840632,0.927398,4740,1
4741,0.00116502,33.841257,0.927401,33.841257,0.927401,4741,1
4742,0.00116408,33.840976,0.927402,33.841257,0.927402,4741,0
4743,0.00116314,33.84158,0.927408,33.84158,0.927408,4743,1
4744,0.00116359,33.841462,0.927411,33.84158,0.927411,4743,0
4745,0.00116335,33.841893,0.927413,33.841893,0.927413,4745,1
4746,0.00116537,33.841798,0.927415,33.841893,0.927415,4745,0
4747,0.00116284,33.842104,0.927418,33.842104,0.927418,4747,1
4748,0.00116404,33.842251,0.927421,33.842251,0.927421,4748,1
4749,0.00116308,33.842387,0.927422,33.842387,0.927422,4749,1
4750,0.00116476,33.843032,0.927426,33.843032,0.927426,4750,1
4751,0.00116388,33.843226,0.92743,33.843226,0.92743,4751,1
4752,0.00116423,33.842928,0.927428,33.843226,0.92743,4751,0
4753,0.00116275,33.84369,0.927432,33.84369,0.927432,4753,1
4754,0.00116244,33.84338,0.927432,33.84369,0.927432,4753,0
4755,0.00116396,33.844077,0.927438,33.844077,0.927438,4755,1
4756,0.00116438,33.844299,0.92744,33.844299,0.92744,4756,1
4757,0.00116175,33.844613,0.927444,33.844613,0.927444,4757,1
4758,0.00116397,33.844244,0.927442,33.844613,0.927444,4757,0
4759,0.0011633,33.844777,0.927447,33.844777,0.927447,4759,1
4760,0.00116271,33.844853,0.927451,33.844853,0.927451,4760,1
4761,0.00116143,33.845288,0.927453,33.845288,0.927453,4761,1
4762,0.00116322,33.845172,0.927457,33.845288,0.927457,4761,0
4763,0.00116331,33.845705,0.927458,33.845705,0.927458,4763,1
4764,0.0011643,33.845591,0.927459,33.845705,0.927459,4763,0
4765,0.00116357,33.845768,0.927461,33.845768,0.927461,4765,1
4766,0.00116326,33.846622,0.927466,33.846622,0.927466,4766,1
4767,0.00116325,33.846893,0.92747,33.846893,0.92747,4767,1
4768,0.00116366,33.846896,0.927471,33.846896,0.927471,4768,1
4769,0.00116163,33.846886,0.927473,33.846896,0.927473,4768,0
4770,0.00116342,33.84786,0.927474,33.84786,0.927474,4770,1
4771,0.00116293,33.848202,0.927481,33.848202,0.927481,4771,1
4772,0.00116226,33.847923,0.927479,33.848202,0.927481,4771,0
4773,0.00116357,33.848708,0.927486,33.848708,0.927486,4773,1
4774,0.00116213,33.848882,0.927487,33.848882,0.927487,4774,1
4775,0.00116344,33.848979,0.927488,33.848979,0.927488,4775,1
4776,0.00116252,33.848776,0.927488,33.848979,0.927488,4775,0
4777,0.0011617,33.849135,0.92749,33.849135,0.92749,4777,1
4778,0.00116254,33.84929,0.927494,33.84929,0.927494,4778,1
4779,0.0011619,33.849412,0.927499,33.849412,0.927499,4779,1
4780,0.00116174,33.849916,0.927501,33.849916,0.927501,4780,1
4781,0.00116303,33.848778,0.927491,33.849916,0.927501,4780,0
4782,0.00116374,33.849758,0.927498,33.849916,0.927501,4780,0
4783,0.00116102,33.850023,0.927498,33.850023,0.927501,4780,0
4784,0.00116252,33.850154,0.927504,33.850154,0.927504,4784,1
4785,0.00116123,33.850046,0.927506,33.850154,0.927506,4784,0
4786,0.00116128,33.850235,0.927509,33.850235,0.927509,4786,1
4787,0.00116187,33.851064,0.927517,33.851064,0.927517,4787,1
4788,0.00116029,33.850871,0.927516,33.851064,0.927517,4787,0
4789,0.00116125,33.851016,0.92752,33.851064,0.92752,4787,0
4790,0.00116162,33.851685,0.927523,33.851685,0.927523,4790,1
4791,0.00115895,33.851655,0.927525,33.851685,0.927525,4790,0
4792,0.00116162,33.851515,0.927526,33.851685,0.927526,4790,0
4793,0.00115934,33.851907,0.92753,33.851907,0.92753,4793,1
4794,0.00116176,33.851585,0.92753,33.851907,0.92753,4793,0
4795,0.00116044,33.852352,0.927535,33.852352,0.927535,4795,1
4796,0.0011609,33.85175,0.927535,33.852352,0.927535,4795,0
4797,0.00116077,33.852308,0.927536,33.852352,0.927536,4795,0
4798,0.00115985,33.853528,0.927542,33.853528,0.927542,4798,1
4799,0.0011612,33.853049,0.927543,33.853528,0.927543,4798,0
4800,0.00116109,33.853933,0.927548,33.853933,0.927548,4800,1
4801,0.001161,33.854249,0.92755,33.854249,0.92755,4801,1
4802,0.00116054,33.854243,0.927551,33.854249,0.927551,4801,0
4803,0.00116201,33.854422,0.927554,33.854422,0.927554,4803,1
4804,0.00116135,33.854063,0.927558,33.854422,0.927558,4803,0
4805,0.00116163,33.85452,0.927561,33.85452,0.927561,4805,1
4806,0.00116075,33.855158,0.927563,33.855158,0.927563,4806,1
4807,0.00116119,33.855605,0.927571,33.855605,0.927571,4807,1
4808,0.00115918,33.85497,0.927569,33.855605,0.927571,4807,0
4809,0.00116213,33.855152,0.92757,33.855605,0.927571,4807,0
4810,0.00116046,33.855696,0.927574,33.855696,0.927574,4810,1
4811,0.00115952,33.85588,0.927576,33.85588,0.927576,4811,1
4812,0.00116136,33.856052,0.927578,33.856052,0.927578,4812,1
4813,0.00115973,33.856755,0.92758,33.856755,0.92758,4813,1
4814,0.0011594,33.856687,0.927584,33.856755,0.927584,4813,0
4815,0.00115951,33.857141,0.927588,33.857141,0.927588,4815,1
4816,0.00115867,33.856794,0.92759,33.857141,0.92759,4815,0
4817,0.00116128,33.857445,0.927591,33.857445,0.927591,4817,1
4818,0.00116093,33.857639,0.927594,33.857639,0.927594,4818,1
4819,0.00115984,33.857481,0.927596,33.857639,0.927596,4818,0
4820,0.0011614,33.857651,0.927599,33.857651,0.927599,4820,1
4821,0.00116009,33.858282,0.927603,33.858282,0.927603,4821,1
4822,0.00115879,33.857995,0.927605,33.858282,0.927605,4821,0
4823,0.00115955,33.85838,0.927609,33.85838,0.927609,4823,1
4824,0.00116023,33.858718,0.927611,33.858718,0.927611,4824,1
4825,0.00115935,33.858818,0.92761,33.858818,0.927611,4824,0
4826,0.00116032,33.859322,0.927616,33.859322,0.927616,4826,1
4827,0.00115962,33.859086,0.927617,33.859322,0.927617,4826,0
4828,0.00115993,33.859502,0.927622,33.859502,0.927622,4828,1
4829,0.00115858,33.859574,0.927624,33.859574,0.927624,4829,1
4830,0.00115966,33.859893,0.927624,33.859893,0.927624,4830,1
4831,0.00115944,33.859887,0.927629,33.859893,0.927629,4830,0
4832,0.00116061,33.860548,0.927631,33.860548,0.927631,4832,1
4833,0.00115875,33.860654,0.927634,33.860654,0.927634,4833,1
4834,0.00115852,33.860062,0.927635,33.860654,0.927635,4833,0
4835,0.00115968,33.86086,0.927639,33.86086,0.927639,4835,1
4836,0.00115834,33.861313,0.927641,33.861313,0.927641,4836,1
4837,0.00115872,33.86101,0.927645,33.861313,0.927645,4836,0
4838,0.00115779,33.861295,0.927647,33.861313,0.927647,4836,0
4839,0.00115905,33.861613,0.927649,33.861613,0.927649,4839,1
4840,0.00116117,33.862481,0.927654,33.862481,0.927654,4840,1
4841,0.00116026,33.862756,0.927657,33.862756,0.927657,4841,1
4842,0.00115817,33.861291,0.927648,33.862756,0.927657,4841,0
4843,0.00115819,33.861312,0.927647,33.862756,0.927657,4841,0
4844,0.0011599,33.862246,0.927657,33.862756,0.927657,4841,0
4845,0.00115835,33.862359,0.927658,33.862756,0.927658,4841,0
4846,0.0011582,33.86306,0.927664,33.86306,0.927664,4846,1
4847,0.00115912,33.863069,0.927664,33.863069,0.927664,4847,1
4848,0.00115745,33.862706,0.927665,33.863069,0.927665,4847,0
4849,0.00115879,33.863439,0.927668,33.863439,0.927668,4849,1
4850,0.00115969,33.86342,0.927669,33.863439,0.927669,4849,0
4851,0.00115826,33.863687,0.92767,33.863687,0.92767,4851,1
4852,0.00115795,33.862881,0.927672,33.863687,0.927672,4851,0
4853,0.00115778,33.863807,0.927676,33.863807,0.927676,4853,1
4854,0.00115916,33.863596,0.92768,33.863807,0.92768,4853,0
4855,0.00115836,33.864585,0.927684,33.864585,0.927684,4855,1
4856,0.00115882,33.863895,0.927683,33.864585,0.927684,4855,0
4857,0.00115686,33.86475,0.927688,33.86475,0.927688,4857,1
4858,0.00115851,33.864619,0.927688,33.86475,0.927688,4857,0
4859,0.00115871,33.865426,0.927693,33.865426,0.927693,4859,1
4860,0.00115677,33.865501,0.927693,33.865501,0.927693,4860,1
4861,0.00115724,33.86576,0.927697,33.86576,0.927697,4861,1
4862,0.00115854,33.866363,0.927697,33.866363,0.927697,4862,1
4863,0.00115801,33.866402,0.927702,33.866402,0.927702,4863,1
4864,0.00115728,33.866397,0.927704,33.866402,0.927704,4863,0
4865,0.00115663,33.86657,0.927705,33.86657,0.927705,4865,1
4866,0.00115772,33.867061,0.927707,33.867061,0.927707,4866,1
4867,0.00115681,33.866984,0.927708,33.867061,0.927708,4866,0
4868,0.00115779,33.867884,0.927712,33.867884,0.927712,4868,1
4869,0.00115796,33.868012,0.927714,33.868012,0.927714,4869,1
4870,0.00115782,33.867803,0.927715,33.868012,0.927715,4869,0
4871,0.00115702,33.868005,0.92772,33.868012,0.92772,4869,0
4872,0.00115766,33.868744,0.927724,33.868744,0.927724,4872,1
4873,0.00115791,33.868745,0.927724,33.868745,0.927724,4873,1
4874,0.00115663,33.868497,0.927724,33.868745,0.927724,4873,0
4875,0.00115739,33.868777,0.927729,33.868777,0.927729,4875,1
4876,0.00115781,33.869621,0.927736,33.869621,0.927736,4876,1
4877,0.00115825,33.869241,0.927734,33.869621,0.927736,4876,0
4878,0.00115792,33.869535,0.927738,33.869621,0.927738,4876,0
4879,0.00115599,33.869975,0.927743,33.869975,0.927743,4879,1
4880,0.00115685,33.870218,0.927746,33.870218,0.927746,4880,1
4881,0.00115739,33.87042,0.927747,33.87042,0.927747,4881,1
4882,0.00115634,33.871214,0.927754,33.871214,0.927754,4882,1
4883,0.00115705,33.871284,0.927755,33.871284,0.927755,4883,1
4884,0.00115682,33.871305,0.927759,33.871305,0.927759,4884,1
4885,0.00115682,33.871677,0.927762,33.871677,0.927762,4885,1
4886,0.00115771,33.871796,0.927762,33.871796,0.927762,4885,0
4887,0.00115519,33.872248,0.927766,33.872248,0.927766,4887,1
4888,0.0011556,33.872548,0.927768,33.872548,0.927768,4888,1
4889,0.00115728,33.87271,0.927773,33.87271,0.927773,4889,1
4890,0.00115605,33.872399,0.927774,33.87271,0.927774,4889,0
4891,0.00115652,33.872888,0.927777,33.872888,0.927777,4891,1
4892,0.00115789,33.873397,0.92778,33.873397,0.92778,4892,1
4893,0.00115591,33.873647,0.927783,33.873647,0.927783,4893,1
4894,0.00115586,33.87351,0.927786,33.873647,0.927786,4893,0
4895,0.00115722,33.873629,0.927787,33.873647,0.927787,4893,0
4896,0.00115685,33.873932,0.927787,33.873932,0.927787,4896,1
4897,0.00115492,33.874381,0.927791,33.874381,0.927791,4897,1
4898,0.00115494,33.874735,0.927794,33.874735,0.927794,4898,1
4899,0.00115762,33.874967,0.927797,33.874967,0.927797,4899,1
4900,0.00115649,33.875089,0.927798,33.875089,0.927798,4900,1
4901,0.00115501,33.875263,0.927799,33.875263,0.927799,4901,1
4902,0.0011567,33.875582,0.927801,33.875582,0.927801,4902,1
4903,0.0011551,33.875592,0.927804,33.875592,0.927804,4903,1
4904,0.00115547,33.875337,0.927804,33.875592,0.927804,4903,0
4905,0.00115593,33.876256,0.92781,33.876256,0.92781,4905,1
4906,0.00115578,33.876458,0.927811,33.876458,0.927811,4906,1
4907,0.00115305,33.876435,0.927813,33.876458,0.927813,4906,0
4908,0.00115549,33.877377,0.927818,33.877377,0.927818,4908,1
4909,0.00115563,33.876906,0.927819,33.877377,0.927819,4908,0
4910,0.00115481,33.877768,0.927823,33.877768,0.927823,4910,1
4911,0.0011547,33.877714,0.927823,33.877768,0.927823,4910,0
4912,0.0011556,33.878118,0.927827,33.878118,0.927827,4912,1
4913,0.00115612,33.878511,0.927829,33.878511,0.927829,4913,1
4914,0.00115364,33.879257,0.927833,33.879257,0.927833,4914,1
4915,0.0011541,33.878548,0.927836,33.879257,0.927836,4914,0
4916,0.00115468,33.87896,0.927837,33.879257,0.927837,4914,0
4917,0.00115581,33.879011,0.927838,33.879257,0.927838,4914,0
4918,0.00115349,33.87912,0.927841,33.879257,0.927841,4914,0
4919,0.00115407,33.879268,0.927842,33.879268,0.927842,4919,1
4920,0.00115583,33.879869,0.927844,33.879869,0.927844,4920,1
4921,0.00115444,33.879647,0.927848,33.879869,0.927848,4920,0
4922,0.00115484,33.880115,0.92785,33.880115,0.92785,4922,1
4923,0.00115445,33.87984,0.927849,33.880115,0.92785,4922,0
4924,0.00115425,33.880068,0.927852,33.880115,0.927852,4922,0
4925,0.00115515,33.880395,0.927856,33.880395,0.927856,4925,1
4926,0.00115532,33.880238,0.927859,33.880395,0.927859,4925,0
4927,0.00115269,33.88108,0.927859,33.88108,0.927859,4927,1
4928,0.00115383,33.881148,0.927861,33.881148,0.927861,4928,1
4929,0.00115289,33.88126,0.927864,33.88126,0.927864,4929,1
4930,0.00115428,33.881749,0.927868,33.881749,0.927868,4930,1
4931,0.00115268,33.88141,0.927871,33.881749,0.927871,4930,0
4932,0.00115497,33.88165,0.927871,33.881749,0.927871,4930,0
4933,0.00115435,33.882513,0.927877,33.882513,0.927877,4933,1
4934,0.00115298,33.881689,0.927876,33.882513,0.927877,4933,0
4935,0.00115326,33.882217,0.92788,33.882513,0.92788,4933,0
4936,0.00115372,33.881834,0.927881,33.882513,0.927881,4933,0
4937,0.00115463,33.882108,0.927881,33.882513,0.927881,4933,0
4938,0.00115563,33.882708,0.92789,33.882708,0.92789,4938,1
4939,0.00115354,33.882453,0.927888,33.882708,0.92789,4938,0
4940,0.00115425,33.882719,0.927893,33.882719,0.927893,4940,1
4941,0.00115421,33.882762,0.927895,33.882762,0.927895,4941,1
4942,0.00115415,33.882528,0.927893,33.882762,0.927895,4941,0
4943,0.0011552,33.883639,0.9279,33.883639,0.9279,4943,1
4944,0.00115246,33.883334,0.9279,33.883639,0.9279,4943,0
4945,0.0011523,33.883386,0.927904,33.883639,0.927904,4943,0
4946,0.00115352,33.883964,0.927905,33.883964,0.927905,4946,1
4947,0.00115255,33.884066,0.927907,33.884066,0.927907,4947,1
4948,0.00115363,33.88425,0.927912,33.88425,0.927912,4948,1
4949,0.0011523,33.886346,0.927935,33.886346,0.927935,4949,1
4950,0.00115247,33.885574,0.927935,33.886346,0.927935,4949,0
4951,0.00115279,33.885814,0.927938,33.886346,0.927938,4949,0
4952,0.00115232,33.886207,0.927941,33.886346,0.927941,4949,0
4953,0.00115248,33.8865,0.927942,33.8865,0.927942,4953,1
4954,0.00115192,33.886629,0.927944,33.886629,0.927944,4954,1
4955,0.00115273,33.887015,0.927944,33.887015,0.927944,4955,1
4956,0.00115014,33.887408,0.92795,33.887408,0.92795,4956,1
4957,0.00115221,33.887626,0.927951,33.887626,0.927951,4957,1
4958,0.0011521,33.887972,0.927951,33.887972,0.927951,4958,1
4959,0.00115162,33.888514,0.927958,33.888514,0.927958,4959,1
4960,0.00115155,33.888427,0.927958,33.888514,0.927958,4959,0
4961,0.00115392,33.888407,0.92796,33.888514,0.92796,4959,0
4962,0.0011529,33.888637,0.927962,33.888637,0.927962,4962,1
4963,0.0011504,33.889187,0.927967,33.889187,0.927967,4963,1
4964,0.00115196,33.889114,0.927968,33.889187,0.927968,4963,0
4965,0.00115193,33.889405,0.927971,33.889405,0.927971,4965,1
4966,0.00115181,33.889217,0.927973,33.889405,0.927973,4965,0
4967,0.00115283,33.889894,0.927976,33.889894,0.927976,4967,1
4968,0.00115084,33.889771,0.927979,33.889894,0.927979,4967,0
4969,0.00115194,33.890212,0.92798,33.890212,0.92798,4969,1
4970,0.00115255,33.890692,0.927982,33.890692,0.927982,4970,1
4971,0.00115191,33.89043,0.927985,33.890692,0.927985,4970,0
4972,0.00115139,33.890915,0.927988,33.890915,0.927988,4972,1
4973,0.001153,33.89136,0.92799,33.89136,0.92799,4973,1
4974,0.00115095,33.891021,0.927992,33.89136,0.927992,4973,0
4975,0.00115166,33.891495,0.927996,33.891495,0.927996,4975,1
4976,0.00115242,33.892007,0.927999,33.892007,0.927999,4976,1
4977,0.00115172,33.891836,0.928,33.892007,0.928,4976,0
4978,0.00115224,33.892258,0.928002,33.892258,0.928002,4978,1
4979,0.00115344,33.891672,0.928005,33.892258,0.928005,4978,0
4980,0.00115179,33.892771,0.928011,33.892771,0.928011,4980,1
4981,0.00114989,33.892675,0.928012,33.892771,0.928012,4980,0
4982,0.0011511,33.892463,0.928012,33.892771,0.928012,4980,0
4983,0.00115105,33.893674,0.928016,33.893674,0.928016,4983,1
4984,0.00115116,33.893434,0.928021,33.893674,0.928021,4983,0
4985,0.00115248,33.893332,0.928017,33.893674,0.928021,4983,0
4986,0.00114934,33.893938,0.928022,33.893938,0.928022,4986,1
4987,0.00114945,33.89403,0.928022,33.89403,0.928022,4987,1
4988,0.00115022,33.894414,0.928027,33.894414,0.928027,4988,1
4989,0.00114919,33.894417,0.928029,33.894417,0.928029,4989,1
4990,0.00115075,33.894056,0.928031,33.894417,0.928031,4989,0
4991,0.00114951,33.894408,0.928035,33.894417,0.928035,4989,0
4992,0.00115115,33.894947,0.928036,33.894947,0.928036,4992,1
4993,0.00115033,33.89551,0.92804,33.89551,0.92804,4993,1
4994,0.00115012,33.895418,0.92804,33.89551,0.92804,4993,0
4995,0.00115088,33.896004,0.928043,33.896004,0.928043,4995,1
4996,0.0011516,33.896065,0.92805,33.896065,0.92805,4996,1
4997,0.0011506,33.896111,0.928049,33.896111,0.92805,4996,0
4998,0.00114943,33.895786,0.928043,33.896111,0.92805,4996,0
4999,0.00115102,33.895745,0.928047,33.896111,0.92805,4996,0
5000,0.00114958,33.896029,0.928051,33.896111,0.928051,4996,0
5001,0.00114955,33.896549,0.928052,33.896549,0.928052,5001,1
5002,0.00114952,33.897023,0.928052,33.897023,0.928052,5002,1
5003,0.00115044,33.896622,0.928056,33.897023,0.928056,5002,0
5004,0.00115035,33.896885,0.92806,33.897023,0.92806,5002,0
5005,0.00115196,33.896944,0.928061,33.897023,0.928061,5002,0
5006,0.00114986,33.897811,0.928066,33.897811,0.928066,5006,1
5007,0.00114964,33.898036,0.928066,33.898036,0.928066,5007,1
5008,0.00114998,33.898096,0.928069,33.898096,0.928069,5008,1
5009,0.00114899,33.898181,0.928074,33.898181,0.928074,5009,1
5010,0.00114794,33.897851,0.928076,33.898181,0.928076,5009,0
5011,0.00115006,33.898595,0.928077,33.898595,0.928077,5011,1
5012,0.00114914,33.898683,0.928078,33.898683,0.928078,5012,1
5013,0.00114976,33.898552,0.928085,33.898683,0.928085,5012,0
5014,0.00114929,33.8994,0.928085,33.8994,0.928085,5012,0
5015,0.00114863,33.899592,0.928086,33.899592,0.928086,5015,1
5016,0.0011486,33.89973,0.928088,33.89973,0.928088,5016,1
5017,0.00114912,33.900018,0.928092,33.900018,0.928092,5017,1
5018,0.0011493,33.899935,0.928094,33.900018,0.928094,5017,0
5019,0.00114863,33.900089,0.928094,33.900089,0.928094,5017,0
5020,0.00114911,33.899715,0.928098,33.900089,0.928098,5017,0
5021,0.00114808,33.900424,0.928101,33.900424,0.928101,5021,1
5022,0.00114948,33.901144,0.928105,33.901144,0.928105,5022,1
5023,0.00114995,33.901075,0.928107,33.901144,0.928107,5022,0
5024,0.00114974,33.901048,0.928111,33.901144,0.928111,5022,0
5025,0.00114842,33.901607,0.928112,33.901607,0.928112,5025,1
5026,0.00114732,33.901927,0.928116,33.901927,0.928116,5026,1
5027,0.00115016,33.901861,0.928118,33.901927,0.928118,5026,0
5028,0.00115001,33.901593,0.928123,33.901927,0.928123,5026,0
5029,0.0011488,33.902274,0.928123,33.902274,0.928123,5029,1
5030,0.00114991,33.90205,0.928123,33.902274,0.928123,5029,0
5031,0.00114701,33.902414,0.928125,33.902414,0.928125,5031,1
5032,0.00114809,33.902954,0.928127,33.902954,0.928127,5032,1
5033,0.00114779,33.903349,0.92813,33.903349,0.92813,5033,1
5034,0.00114779,33.903262,0.928133,33.903349,0.928133,5033,0
5035,0.00114719,33.90348,0.928132,33.90348,0.928133,5033,0
5036,0.00114957,33.903675,0.928137,33.903675,0.928137,5036,1
5037,0.00114773,33.903207,0.928139,33.903675,0.928139,5036,0
5038,0.00114754,33.904157,0.928139,33.904157,0.928139,5038,1
5039,0.00114851,33.904303,0.928145,33.904303,0.928145,5039,1
5040,0.00114813,33.904544,0.928146,33.904544,0.928146,5040,1
5041,0.00114806,33.904962,0.928146,33.904962,0.928146,5041,1
5042,0.00114936,33.904624,0.928152,33.904962,0.928152,5041,0
5043,0.00114761,33.905479,0.928155,33.905479,0.928155,5043,1
5044,0.00114841,33.905165,0.928157,33.905479,0.928157,5043,0
5045,0.00114847,33.905303,0.92816,33.905479,0.92816,5043,0
5046,0.00114703,33.905361,0.928162,33.905479,0.928162,5043,0
5047,0.0011485,33.905635,0.928164,33.905635,0.928164,5047,1
5048,0.00114689,33.905555,0.928168,33.905635,0.928168,5047,0
5049,0.00114874,33.90631,0.928167,33.90631,0.928168,5047,0
5050,0.00114709,33.906528,0.928166,33.906528,0.928168,5047,0
5051,0.00114824,33.906175,0.92817,33.906528,0.92817,5047,0
5052,0.00114625,33.906973,0.928174,33.906973,0.928174,5052,1
5053,0.00114732,33.907309,0.928176,33.907309,0.928176,5053,1
5054,0.00114679,33.907157,0.928177,33.907309,0.928177,5053,0
5055,0.00114693,33.907672,0.928179,33.907672,0.928179,5055,1
5056,0.001147,33.906562,0.928179,33.907672,0.928179,5055,0
5057,0.00114788,33.906714,0.928183,33.907672,0.928183,5055,0
5058,0.00114622,33.907401,0.928186,33.907672,0.928186,5055,0
5059,0.00114761,33.907631,0.928188,33.907672,0.928188,5055,0
5060,0.00114689,33.907704,0.928193,33.907704,0.928193,5060,1
5061,0.00114822,33.908015,0.928197,33.908015,0.928197,5061,1
5062,0.00114777,33.908045,0.9282,33.908045,0.9282,5062,1
5063,0.00114745,33.908738,0.928201,33.908738,0.928201,5063,1
5064,0.00114587,33.909032,0.928205,33.909032,0.928205,5064,1
5065,0.00114582,33.908696,0.928205,33.909032,0.928205,5064,0
5066,0.00114479,33.909773,0.928209,33.909773,0.928209,5066,1
5067,0.00114607,33.90972,0.928211,33.909773,0.928211,5066,0
5068,0.00114771,33.910051,0.928216,33.910051,0.928216,5068,1
5069,0.00114682,33.910267,0.928216,33.910267,0.928216,5068,0
5070,0.00114619,33.910339,0.928221,33.910339,0.928221,5070,1
5071,0.00114492,33.910262,0.928221,33.910339,0.928221,5070,0
5072,0.00114748,33.910952,0.928225,33.910952,0.928225,5072,1
5073,0.00114592,33.910717,0.928226,33.910952,0.928226,5072,0
5074,0.0011479,33.910946,0.92823,33.910952,0.92823,5072,0
5075,0.00114579,33.911293,0.928231,33.911293,0.928231,5075,1
5076,0.00114595,33.911334,0.928235,33.911334,0.928235,5076,1
5077,0.00114453,33.911396,0.928235,33.911396,0.928235,5076,0
5078,0.00114718,33.911695,0.928239,33.911695,0.928239,5078,1
5079,0.00114419,33.911979,0.928238,33.911979,0.928239,5078,0
5080,0.00114517,33.91233,0.928241,33.91233,0.928241,5080,1
5081,0.00114697,33.912863,0.928245,33.912863,0.928245,5081,1
5082,0.00114459,33.913235,0.928247,33.913235,0.928247,5082,1
5083,0.00114482,33.913427,0.928252,33.913427,0.928252,5083,1
5084,0.00114535,33.913426,0.928256,33.913427,0.928256,5083,0
5085,0.00114611,33.91349,0.928256,33.91349,0.928256,5083,0
5086,0.00114565,33.913695,0.928258,33.913695,0.928258,5086,1
5087,0.00114575,33.914243,0.928263,33.914243,0.928263,5087,1
5088,0.00114521,33.914324,0.928262,33.914324,0.928263,5087,0
5089,0.00114729,33.914353,0.928264,33.914353,0.928264,5089,1
5090,0.00114619,33.914374,0.928265,33.914374,0.928265,5090,1
5091,0.00114575,33.914988,0.92827,33.914988,0.92827,5091,1
5092,0.00114653,33.915061,0.928271,33.915061,0.928271,5092,1
5093,0.00114624,33.915499,0.928273,33.915499,0.928273,5093,1
5094,0.00114436,33.915465,0.928278,33.915499,0.928278,5093,0
5095,0.00114498,33.915935,0.928281,33.915935,0.928281,5095,1
5096,0.00114499,33.9163,0.928283,33.9163,0.928283,5096,1
5097,0.00114429,33.9161,0.928285,33.9163,0.928285,5096,0
5098,0.00114719,33.916184,0.928287,33.9163,0.928287,5096,0
5099,0.00114362,33.916744,0.928292,33.916744,0.928292,5099,1
5100,0.00114551,33.916844,0.928295,33.916844,0.928295,5100,1
5101,0.00114497,33.917297,0.928298,33.917297,0.928298,5101,1
5102,0.00114457,33.91743,0.9283,33.91743,0.9283,5102,1
5103,0.00114493,33.917575,0.928304,33.917575,0.928304,5103,1
5104,0.00114347,33.917525,0.928301,33.917575,0.928304,5103,0
5105,0.00114464,33.918399,0.928306,33.918399,0.928306,5105,1
5106,0.00114509,33.918275,0.92831,33.918399,0.92831,5105,0
5107,0.00114493,33.918195,0.92831,33.918399,0.92831,5105,0
5108,0.00114439,33.918653,0.928314,33.918653,0.928314,5108,1
5109,0.00114475,33.918304,0.928316,33.918653,0.928316,5108,0
5110,0.00114477,33.918993,0.928319,33.918993,0.928319,5110,1
5111,0.00114365,33.919461,0.928325,33.919461,0.928325,5111,1
5112,0.00114447,33.919053,0.928324,33.919461,0.928325,5111,0
5113,0.00114419,33.919059,0.928326,33.919461,0.928326,5111,0
5114,0.00114526,33.91937,0.928326,33.919461,0.928326,5111,0
5115,0.00114425,33.919843,0.928325,33.919843,0.928326,5111,0
5116,0.00114406,33.919937,0.928326,33.919937,0.928326,5111,0
5117,0.00114454,33.920206,0.928327,33.920206,0.928327,5117,1
5118,0.00114435,33.920478,0.928331,33.920478,0.928331,5118,1
5119,0.00114241,33.920875,0.928335,33.920875,0.928335,5119,1
5120,0.00114382,33.920893,0.928335,33.920893,0.928335,5120,1
5121,0.00114442,33.921162,0.928338,33.921162,0.928338,5121,1
5122,0.00114366,33.921477,0.928343,33.921477,0.928343,5122,1
5123,0.00114407,33.921219,0.928346,33.921477,0.928346,5122,0
5124,0.00114381,33.921888,0.928351,33.921888,0.928351,5124,1
5125,0.0011439,33.921769,0.928353,33.921888,0.928353,5124,0
5126,0.001143,33.922055,0.928352,33.922055,0.928353,5124,0
5127,0.00114459,33.922763,0.928358,33.922763,0.928358,5127,1
5128,0.00114294,33.922173,0.928357,33.922763,0.928358,5127,0
5129,0.00114422,33.922674,0.928362,33.922763,0.928362,5127,0
5130,0.0011431,33.922454,0.928359,33.922763,0.928362,5127,0
5131,0.00114421,33.923175,0.928366,33.923175,0.928366,5131,1
5132,0.00114522,33.922542,0.928365,33.923175,0.928366,5131,0
5133,0.00114315,33.923443,0.928372,33.923443,0.928372,5133,1
5134,0.00114232,33.922647,0.928369,33.923443,0.928372,5133,0
5135,0.00114462,33.92343,0.928374,33.923443,0.928374,5133,0
5136,0.0011431,33.923874,0.928377,33.923874,0.928377,5136,1
5137,0.00114178,33.923907,0.928377,33.923907,0.928377,5137,1
5138,0.00114408,33.923813,0.928375,33.923907,0.928377,5137,0
5139,0.00114404,33.923842,0.928378,33.923907,0.928378,5137,0
5140,0.00114331,33.92403,0.92838,33.92403,0.92838,5140,1
5141,0.00114286,33.924388,0.928387,33.924388,0.928387,5141,1
5142,0.00114132,33.925036,0.928389,33.925036,0.928389,5142,1
5143,0.00114297,33.925427,0.928393,33.925427,0.928393,5143,1
5144,0.00114344,33.924835,0.928391,33.925427,0.928393,5143,0
5145,0.00114337,33.925731,0.928396,33.925731,0.928396,5145,1
5146,0.00114127,33.925567,0.928398,33.925731,0.928398,5145,0
5147,0.00114215,33.926207,0.928401,33.926207,0.928401,5147,1
5148,0.00114202,33.925957,0.928403,33.926207,0.928403,5147,0
5149,0.00114413,33.926096,0.928405,33.926207,0.928405,5147,0
5150,0.00114332,33.926982,0.928411,33.926982,0.928411,5150,1
5151,0.00114302,33.927481,0.928415,33.927481,0.928415,5151,1
5152,0.00114343,33.927216,0.928415,33.927481,0.928415,5151,0
5153,0.00114124,33.927379,0.928417,33.927481,0.928417,5151,0
5154,0.00114351,33.927306,0.928418,33.927481,0.928418,5151,0
5155,0.00114129,33.928284,0.928423,33.928284,0.928423,5155,1
5156,0.00114108,33.928133,0.928426,33.928284,0.928426,5155,0
5157,0.0011423,33.927936,0.928428,33.928284,0.928428,5155,0
5158,0.00114243,33.928279,0.928431,33.928284,0.928431,5155,0
5159,0.00114169,33.928525,0.92843,33.928525,0.928431,5155,0
5160,0.00114305,33.928667,0.928435,33.928667,0.928435,5160,1
5161,0.00114204,33.929098,0.928435,33.929098,0.928435,5161,1
5162,0.00114058,33.929229,0.928435,33.929229,0.928435,5161,0
5163,0.00114263,33.92956,0.928438,33.92956,0.928438,5163,1
5164,0.00114225,33.929783,0.928442,33.929783,0.928442,5164,1
5165,0.00114157,33.929717,0.928446,33.929783,0.928446,5164,0
5166,0.00114237,33.929783,0.928447,33.929783,0.928447,5164,0
5167,0.00114174,33.929663,0.928447,33.929783,0.928447,5164,0
5168,0.00114101,33.929591,0.928448,33.929783,0.928448,5164,0
5169,0.00114197,33.930564,0.928454,33.930564,0.928454,5169,1
5170,0.00114245,33.930931,0.928457,33.930931,0.928457,5170,1
5171,0.00114141,33.930924,0.928458,33.930931,0.928458,5170,0
5172,0.00114143,33.931229,0.928462,33.931229,0.928462,5172,1
5173,0.00114172,33.931307,0.928466,33.931307,0.928466,5173,1
5174,0.00114053,33.93171,0.928468,33.93171,0.928468,5174,1
5175,0.00114268,33.931881,0.928471,33.931881,0.928471,5175,1
5176,0.00114204,33.932116,0.928473,33.932116,0.928473,5176,1
5177,0.00114153,33.932108,0.928474,33.932116,0.928474,5176,0
5178,0.00114169,33.932436,0.928476,33.932436,0.928476,5178,1
5179,0.00114078,33.932485,0.928478,33.932485,0.928478,5179,1
5180,0.00114112,33.93299,0.928484,33.93299,0.928484,5180,1
5181,0.00114184,33.932973,0.928483,33.93299,0.928484,5180,0
5182,0.00114143,33.932823,0.928483,33.93299,0.928484,5180,0
5183,0.00114071,33.932593,0.928482,33.93299,0.928484,5180,0
5184,0.00114061,33.933366,0.928488,33.933366,0.928488,5184,1
5185,0.00114005,33.933961,0.928491,33.933961,0.928491,5185,1
5186,0.00114097,33.934061,0.928495,33.934061,0.928495,5186,1
5187,0.00114072,33.933754,0.928494,33.934061,0.928495,5186,0
5188,0.00114096,33.93468,0.928499,33.93468,0.928499,5188,1
5189,0.00114034,33.935128,0.928502,33.935128,0.928502,5189,1
5190,0.00114022,33.935007,0.928503,33.935128,0.928503,5189,0
5191,0.0011404,33.934813,0.928506,33.935128,0.928506,5189,0
5192,0.0011408,33.935052,0.928508,33.935128,0.928508,5189,0
5193,0.00114027,33.935607,0.928512,33.935607,0.928512,5193,1
5194,0.0011395,33.936077,0.928512,33.936077,0.928512,5193,0
5195,0.00114093,33.936032,0.928514,33.936077,0.928514,5193,0
5196,0.00113976,33.936151,0.928519,33.936151,0.928519,5196,1
5197,0.00113969,33.936592,0.928521,33.936592,0.928521,5197,1
5198,0.00114013,33.936704,0.928524,33.936704,0.928524,5198,1
5199,0.00113991,33.936654,0.928525,33.936704,0.928525,5198,0
5200,0.00113946,33.93706,0.928526,33.93706,0.928526,5200,1
5201,0.00114093,33.937142,0.92853,33.937142,0.92853,5201,1
5202,0.00114024,33.937032,0.928531,33.937142,0.928531,5201,0
5203,0.00114003,33.937113,0.928533,33.937142,0.928533,5201,0
5204,0.00113973,33.937322,0.928536,33.937322,0.928536,5204,1
5205,0.00114046,33.937893,0.928536,33.937893,0.928536,5204,0
5206,0.00113824,33.937858,0.92854,33.937893,0.92854,5204,0
5207,0.00113938,33.938138,0.928542,33.938138,0.928542,5207,1
5208,0.00114059,33.938415,0.928545,33.938415,0.928545,5208,1
5209,0.00113985,33.938345,0.928546,33.938415,0.928546,5208,0
5210,0.00113878,33.93856,0.928549,33.93856,0.928549,5210,1
5211,0.00113912,33.938707,0.92855,33.938707,0.92855,5211,1
5212,0.00113748,33.938931,0.928554,33.938931,0.928554,5212,1
5213,0.00113894,33.93952,0.928556,33.93952,0.928556,5213,1
5214,0.00113822,33.939552,0.928557,33.939552,0.928557,5214,1
5215,0.0011395,33.939508,0.92856,33.939552,0.92856,5214,0
5216,0.00113968,33.939201,0.928561,33.939552,0.928561,5214,0
5217,0.00113994,33.940403,0.928566,33.940403,0.928566,5217,1
5218,0.00113929,33.93964,0.928566,33.940403,0.928566,5217,0
5219,0.00113835,33.940438,0.928569,33.940438,0.928569,5219,1
5220,0.00113951,33.940462,0.92857,33.940462,0.92857,5220,1
5221,0.00113944,33.940214,0.928573,33.940462,0.928573,5220,0
5222,0.00113828,33.940734,0.928575,33.940734,0.928575,5222,1
5223,0.00113956,33.940917,0.928579,33.940917,0.928579,5223,1
5224,0.00113818,33.941308,0.928583,33.941308,0.928583,5224,1
5225,0.00113895,33.941139,0.928584,33.941308,0.928584,5224,0
5226,0.00113851,33.941424,0.928589,33.941424,0.928589,5226,1
5227,0.00113878,33.941396,0.928589,33.941424,0.928589,5226,0
5228,0.00113854,33.94175,0.928591,33.94175,0.928591,5228,1
5229,0.00113747,33.941971,0.928594,33.941971,0.928594,5229,1
5230,0.00113896,33.941496,0.928593,33.941971,0.928594,5229,0
5231,0.00113797,33.941619,0.928588,33.941971,0.928594,5229,0
5232,0.00113803,33.942072,0.928592,33.942072,0.928594,5229,0
5233,0.00113854,33.941314,0.928592,33.942072,0.928594,5229,0
5234,0.00113906,33.942267,0.928592,33.942267,0.928594,5229,0
5235,0.00113649,33.942453,0.928597,33.942453,0.928597,5235,1
5236,0.00113763,33.94243,0.928598,33.942453,0.928598,5235,0
5237,0.00113864,33.942485,0.928602,33.942485,0.928602,5237,1
5238,0.00113958,33.942957,0.928604,33.942957,0.928604,5238,1
5239,0.00113815,33.943474,0.928607,33.943474,0.928607,5239,1
5240,0.00113916,33.943473,0.928608,33.943474,0.928608,5239,0
5241,0.00113728,33.943833,0.928616,33.943833,0.928616,5241,1
5242,0.00113861,33.944436,0.928617,33.944436,0.928617,5242,1
5243,0.00113815,33.944863,0.928619,33.944863,0.928619,5243,1
5244,0.00113786,33.944755,0.92862,33.944863,0.92862,5243,0
5245,0.00113925,33.944652,0.928624,33.944863,0.928624,5243,0
5246,0.0011392,33.944936,0.928625,33.944936,0.928625,5246,1
5247,0.00113759,33.94461,0.928627,33.944936,0.928627,5246,0
5248,0.00113668,33.944848,0.92863,33.944936,0.92863,5246,0
5249,0.00113891,33.945785,0.92863,33.945785,0.92863,5249,1
5250,0.00113939,33.945664,0.928635,33.945785,0.928635,5249,0
5251,0.00113611,33.946228,0.928638,33.946228,0.928638,5251,1
5252,0.00113676,33.946331,0.92864,33.946331,0.92864,5252,1
5253,0.00113709,33.946365,0.928642,33.946365,0.928642,5253,1
5254,0.00113793,33.946841,0.928646,33.946841,0.928646,5254,1
5255,0.00113596,33.946972,0.92865,33.946972,0.92865,5255,1
5256,0.00113735,33.946841,0.928649,33.946972,0.92865,5255,0
5257,0.00113611,33.946699,0.928656,33.946972,0.928656,5255,0
5258,0.00113746,33.947593,0.928658,33.947593,0.928658,5258,1
5259,0.00113897,33.947388,0.928658,33.947593,0.928658,5258,0
5260,0.00113594,33.947413,0.928662,33.947593,0.928662,5258,0
5261,0.00113748,33.948043,0.928666,33.948043,0.928666,5261,1
5262,0.00113668,33.948419,0.928668,33.948419,0.928668,5262,1
5263,0.00113522,33.94843,0.928671,33.94843,0.928671,5263,1
5264,0.00113843,33.948554,0.928674,33.948554,0.928674,5264,1
5265,0.00113696,33.948531,0.928676,33.948554,0.928676,5264,0
5266,0.00113639,33.948877,0.928677,33.948877,0.928677,5266,1
5267,0.00113723,33.94857,0.928678,33.948877,0.928678,5266,0
5268,0.00113799,33.948699,0.928681,33.948877,0.928681,5266,0
5269,0.00113712,33.949402,0.928686,33.949402,0.928686,5269,1
5270,0.00113556,33.949493,0.928687,33.949493,0.928687,5270,1
5271,0.00113572,33.94957,0.928691,33.94957,0.928691,5271,1
5272,0.00113687,33.949986,0.92869,33.949986,0.928691,5271,0
5273,0.00113566,33.950362,0.928696,33.950362,0.928696,5273,1
5274,0.00113775,33.950692,0.928697,33.950692,0.928697,5274,1
5275,0.00113555,33.95083,0.928698,33.95083,0.928698,5275,1
5276,0.00113719,33.950106,0.9287,33.95083,0.9287,5275,0
5277,0.00113486,33.950944,0.928701,33.950944,0.928701,5277,1
5278,0.00113482,33.951161,0.928706,33.951161,0.928706,5278,1
5279,0.00113682,33.951201,0.928707,33.951201,0.928707,5279,1
5280,0.00113709,33.951045,0.928709,33.951201,0.928709,5279,0
5281,0.00113566,33.951625,0.92871,33.951625,0.92871,5281,1
5282,0.00113694,33.952388,0.928715,33.952388,0.928715,5282,1
5283,0.00113657,33.951532,0.928717,33.952388,0.928717,5282,0
5284,0.00113527,33.952078,0.92872,33.952388,0.92872,5282,0
5285,0.00113517,33.952417,0.92872,33.952417,0.92872,5285,1
5286,0.00113694,33.952676,0.928722,33.952676,0.928722,5286,1
5287,0.0011345,33.953169,0.928724,33.953169,0.928724,5287,1
5288,0.00113513,33.952487,0.928722,33.953169,0.928724,5287,0
5289,0.00113633,33.9526,0.928722,33.953169,0.928724,5287,0
5290,0.00113583,33.95301,0.928725,33.953169,0.928725,5287,0
5291,0.00113599,33.9531,0.928726,33.953169,0.928726,5287,0
5292,0.00113491,33.952926,0.928728,33.953169,0.928728,5287,0
5293,0.00113545,33.953024,0.928729,33.953169,0.928729,5287,0
5294,0.00113552,33.95322,0.928731,33.95322,0.928731,5294,1
5295,0.00113594,33.953715,0.928737,33.953715,0.928737,5295,1
5296,0.00113525,33.953987,0.928737,33.953987,0.928737,5296,1
5297,0.0011358,33.954989,0.928741,33.954989,0.928741,5297,1
5298,0.00113537,33.954705,0.928741,33.954989,0.928741,5297,0
5299,0.00113463,33.955305,0.928747,33.955305,0.928747,5299,1
5300,0.00113504,33.955961,0.928751,33.955961,0.928751,5300,1
5301,0.00113427,33.955447,0.928748,33.955961,0.928751,5300,0
5302,0.00113622,33.955687,0.928752,33.955961,0.928752,5300,0
5303,0.00113449,33.955488,0.928755,33.955961,0.928755,5300,0
5304,0.00113461,33.955664,0.928758,33.955961,0.928758,5300,0
5305,0.00113503,33.955212,0.928758,33.955961,0.928758,5300,0
5306,0.00113461,33.955934,0.928762,33.955961,0.928762,5300,0
5307,0.00113542,33.955982,0.928763,33.955982,0.928763,5307,1
5308,0.00113442,33.956729,0.928769,33.956729,0.928769,5308,1
5309,0.00113514,33.95669,0.928771,33.956729,0.928771,5308,0
5310,0.00113342,33.956831,0.928774,33.956831,0.928774,5310,1
5311,0.00113648,33.95746,0.928775,33.95746,0.928775,5311,1
5312,0.00113573,33.957475,0.928779,33.957475,0.928779,5312,1
5313,0.00113485,33.957027,0.928776,33.957475,0.928779,5312,0
5314,0.00113528,33.957844,0.928784,33.957844,0.928784,5314,1
5315,0.0011349,33.95766,0.928784,33.957844,0.928784,5314,0
5316,0.00113548,33.958446,0.928792,33.958446,0.928792,5316,1
5317,0.00113637,33.958265,0.928792,33.958446,0.928792,5316,0
5318,0.00113458,33.958325,0.928793,33.958446,0.928793,5316,0
5319,0.00113543,33.958941,0.928795,33.958941,0.928795,5319,1
5320,0.00113486,33.958545,0.928798,33.958941,0.928798,5319,0
5321,0.00113203,33.959147,0.9288,33.959147,0.9288,5321,1
5322,0.00113541,33.959867,0.928805,33.959867,0.928805,5322,1
5323,0.0011342,33.959223,0.928805,33.959867,0.928805,5322,0
5324,0.00113475,33.959636,0.928808,33.959867,0.928808,5322,0
5325,0.00113473,33.959816,0.928811,33.959867,0.928811,5322,0
5326,0.00113431,33.959843,0.928812,33.959867,0.928812,5322,0
5327,0.00113407,33.960336,0.928814,33.960336,0.928814,5327,1
5328,0.00113337,33.960029,0.928814,33.960336,0.928814,5327,0
5329,0.00113375,33.960395,0.928818,33.960395,0.928818,5329,1
5330,0.00113315,33.960978,0.928822,33.960978,0.928822,5330,1
5331,0.00113406,33.96138,0.928824,33.96138,0.928824,5331,1
5332,0.00113435,33.961092,0.928826,33.96138,0.928826,5331,0
5333,0.00113333,33.961454,0.928826,33.961454,0.928826,5333,1
5334,0.00113362,33.961653,0.928829,33.961653,0.928829,5334,1
5335,0.00113332,33.961521,0.928832,33.961653,0.928832,5334,0
5336,0.00113403,33.9613,0.928832,33.961653,0.928832,5334,0
5337,0.00113489,33.962048,0.928837,33.962048,0.928837,5337,1
5338,0.001133,33.962381,0.928839,33.962381,0.928839,5338,1
5339,0.00113329,33.962618,0.928841,33.962618,0.928841,5339,1
5340,0.00113385,33.962866,0.928843,33.962866,0.928843,5340,1
5341,0.00113393,33.962664,0.928845,33.962866,0.928845,5340,0
5342,0.00113264,33.963129,0.928848,33.963129,0.928848,5342,1
5343,0.00113491,33.963412,0.928851,33.963412,0.928851,5343,1
5344,0.00113293,33.963506,0.928855,33.963506,0.928855,5344,1
5345,0.00113242,33.963963,0.928856,33.963963,0.928856,5345,1
5346,0.00113341,33.963958,0.928859,33.963963,0.928859,5345,0
5347,0.00113309,33.964107,0.928861,33.964107,0.928861,5347,1
5348,0.00113116,33.964142,0.928863,33.964142,0.928863,5348,1
5349,0.00113228,33.965407,0.928861,33.965407,0.928863,5348,0
5350,0.001133,33.964628,0.928861,33.965407,0.928863,5348,0
5351,0.00113276,33.96487,0.92886,33.965407,0.928863,5348,0
5352,0.00113235,33.965013,0.92886,33.965407,0.928863,5348,0
5353,0.00113431,33.965495,0.928866,33.965495,0.928866,5353,1
5354,0.00113318,33.965599,0.928866,33.965599,0.928866,5354,1
5355,0.00113277,33.965794,0.928869,33.965794,0.928869,5355,1
5356,0.00113293,33.965962,0.928871,33.965962,0.928871,5356,1
5357,0.00113367,33.966355,0.928873,33.966355,0.928873,5357,1
5358,0.00113183,33.966414,0.928873,33.966414,0.928873,5358,1
5359,0.00113224,33.966077,0.928878,33.966414,0.928878,5358,0
5360,0.00113273,33.966543,0.928878,33.966543,0.928878,5360,1
5361,0.00113213,33.966635,0.928881,33.966635,0.928881,5361,1
5362,0.00113154,33.967564,0.928885,33.967564,0.928885,5362,1
5363,0.00113321,33.966988,0.928885,33.967564,0.928885,5362,0
5364,0.00113357,33.967878,0.928888,33.967878,0.928888,5364,1
5365,0.00113235,33.967685,0.928893,33.967878,0.928893,5364,0
5366,0.00113037,33.968105,0.928892,33.968105,0.928893,5364,0
5367,0.00113204,33.96808,0.928893,33.968105,0.928893,5364,0
5368,0.00113214,33.968204,0.928898,33.968204,0.928898,5368,1
5369,0.00113269,33.969073,0.928901,33.969073,0.928901,5369,1
5370,0.0011325,33.968718,0.928902,33.969073,0.928902,5369,0
5371,0.00113282,33.96884,0.928905,33.969073,0.928905,5369,0
5372,0.00113137,33.968701,0.928903,33.969073,0.928905,5369,0
5373,0.00113007,33.969064,0.928907,33.969073,0.928907,5369,0
5374,0.00113385,33.969621,0.928909,33.969621,0.928909,5374,1
5375,0.00113158,33.969292,0.928908,33.969621,0.928909,5374,0
5376,0.00113173,33.969242,0.928912,33.969621,0.928912,5374,0
5377,0.00113164,33.969189,0.928913,33.969621,0.928913,5374,0
5378,0.00113217,33.97016,0.928916,33.97016,0.928916,5378,1
5379,0.0011329,33.97054,0.928917,33.97054,0.928917,5379,1
5380,0.00113169,33.970425,0.928924,33.97054,0.928924,5379,0
5381,0.0011313,33.970772,0.928923,33.970772,0.928924,5379,0
5382,0.00113196,33.97053,0.928923,33.970772,0.928924,5379,0
5383,0.00113087,33.97088,0.928927,33.97088,0.928927,5383,1
5384,0.00112972,33.970983,0.92893,33.970983,0.92893,5384,1
5385,0.00112945,33.971337,0.928932,33.971337,0.928932,5385,1
5386,0.00113098,33.971922,0.928938,33.971922,0.928938,5386,1
5387,0.00113244,33.971332,0.928941,33.971922,0.928941,5386,0
5388,0.00113107,33.971284,0.928938,33.971922,0.928941,5386,0
5389,0.00112911,33.9716,0.928943,33.971922,0.928943,5386,0
5390,0.00113146,33.972479,0.928945,33.972479,0.928945,5390,1
5391,0.00113082,33.972754,0.928944,33.972754,0.928945,5390,0
5392,0.00113086,33.972056,0.928949,33.972754,0.928949,5390,0
5393,0.00112977,33.973211,0.928952,33.973211,0.928952,5393,1
5394,0.00113073,33.972961,0.928954,33.973211,0.928954,5393,0
5395,0.00113012,33.973196,0.928955,33.973211,0.928955,5393,0
5396,0.00112999,33.972851,0.928958,33.973211,0.928958,5393,0
5397,0.00113371,33.9739,0.928961,33.9739,0.928961,5397,1
5398,0.00113069,33.973965,0.928964,33.973965,0.928964,5398,1
5399,0.00113077,33.974163,0.928964,33.974163,0.928964,5399,1
5400,0.00113167,33.973846,0.928965,33.974163,0.928965,5399,0
5401,0.00113092,33.975426,0.928977,33.975426,0.928977,5401,1
5402,0.00112829,33.976572,0.929,33.976572,0.929,5402,1
5403,0.0011298,33.976223,0.929002,33.976572,0.929002,5402,0
5404,0.00113076,33.976281,0.929005,33.976572,0.929005,5402,0
5405,0.00112951,33.976665,0.929005,33.976665,0.929005,5405,1
5406,0.00113079,33.9764,0.929007,33.976665,0.929007,5405,0
5407,0.00112945,33.976885,0.929013,33.976885,0.929013,5407,1
5408,0.00113106,33.977086,0.929012,33.977086,0.929013,5407,0
5409,0.00113139,33.977303,0.929017,33.977303,0.929017,5409,1
5410,0.00112997,33.977416,0.929018,33.977416,0.929018,5410,1
5411,0.00112898,33.977401,0.929022,33.977416,0.929022,5410,0
5412,0.00113006,33.977558,0.929022,33.977558,0.929022,5412,1
5413,0.00113005,33.978523,0.929027,33.978523,0.929027,5413,1
5414,0.00112898,33.97798,0.92903,33.978523,0.92903,5413,0
5415,0.00113017,33.978676,0.929034,33.978676,0.929034,5415,1
5416,0.00112898,33.978367,0.929035,33.978676,0.929035,5415,0
5417,0.00112862,33.978911,0.929037,33.978911,0.929037,5417,1
5418,0.00112726,33.979284,0.929041,33.979284,0.929041,5418,1
5419,0.0011312,33.979374,0.929043,33.979374,0.929043,5419,1
5420,0.00112934,33.97906,0.929047,33.979374,0.929047,5419,0
5421,0.00112887,33.979719,0.929047,33.979719,0.929047,5419,0
5422,0.00112939,33.979816,0.929047,33.979816,0.929047,5419,0
5423,0.0011289,33.980618,0.929048,33.980618,0.929048,5423,1
5424,0.00112936,33.980437,0.929053,33.980618,0.929053,5423,0
5425,0.00112913,33.980509,0.929057,33.980618,0.929057,5423,0
5426,0.00112892,33.980501,0.929058,33.980618,0.929058,5423,0
5427,0.0011287,33.981241,0.929059,33.981241,0.929059,5427,1
5428,0.00112925,33.981341,0.929062,33.981341,0.929062,5428,1
5429,0.00112885,33.981143,0.929064,33.981341,0.929064,5428,0
5430,0.0011281,33.98171,0.929066,33.98171,0.929066,5430,1
5431,0.00112874,33.98203,0.929068,33.98203,0.929068,5431,1
5432,0.00112848,33.982176,0.929071,33.982176,0.929071,5432,1
5433,0.00112902,33.98218,0.929072,33.98218,0.929072,5433,1
5434,0.00112891,33.982054,0.929076,33.98218,0.929076,5433,0
5435,0.00112895,33.982802,0.929077,33.982802,0.929077,5435,1
5436,0.00112715,33.98304,0.929082,33.98304,0.929082,5436,1
5437,0.0011293,33.982888,0.929082,33.98304,0.929082,5436,0
5438,0.00112984,33.983834,0.929083,33.983834,0.929083,5438,1
5439,0.00112966,33.983194,0.929086,33.983834,0.929086,5438,0
5440,0.00112748,33.983485,0.929089,33.983834,0.929089,5438,0
5441,0.00112774,33.983998,0.929089,33.983998,0.929089,5441,1
5442,0.00112836,33.984028,0.92909,33.984028,0.92909,5442,1
5443,0.00112886,33.983677,0.929095,33.984028,0.929095,5442,0
5444,0.00112876,33.984516,0.929096,33.984516,0.929096,5444,1
5445,0.00112861,33.984432,0.929099,33.984516,0.929099,5444,0
5446,0.00112779,33.985178,0.929101,33.985178,0.929101,5446,1
5447,0.00112818,33.984607,0.929103,33.985178,0.929103,5446,0
5448,0.00112658,33.98513,0.929105,33.985178,0.929105,5446,0
5449,0.0011274,33.984269,0.929099,33.985178,0.929105,5446,0
5450,0.0011276,33.984244,0.929102,33.985178,0.929105,5446,0
5451,0.00112839,33.984808,0.929107,33.985178,0.929107,5446,0
5452,0.00112754,33.984892,0.929107,33.985178,0.929107,5446,0
5453,0.00112799,33.985104,0.929111,33.985178,0.929111,5446,0
5454,0.00112934,33.984586,0.929109,33.985178,0.929111,5446,0
5455,0.00112721,33.985495,0.929112,33.985495,0.929112,5455,1
5456,0.00112697,33.984748,0.929113,33.985495,0.929113,5455,0
5457,0.00112643,33.985011,0.929118,33.985495,0.929118,5455,0
5458,0.00112687,33.986034,0.929118,33.986034,0.929118,5455,0
5459,0.00112572,33.986681,0.929123,33.986681,0.929123,5459,1
5460,0.00112772,33.986629,0.929125,33.986681,0.929125,5459,0
5461,0.00112772,33.98653,0.929129,33.986681,0.929129,5459,0
5462,0.00112684,33.986395,0.929129,33.986681,0.929129,5459,0
5463,0.00112731,33.986868,0.929132,33.986868,0.929132,5463,1
5464,0.00112771,33.987554,0.929135,33.987554,0.929135,5464,1
5465,0.00112708,33.987019,0.929137,33.987554,0.929137,5464,0
5466,0.00112615,33.987821,0.929136,33.987821,0.929137,5464,0
5467,0.00112648,33.988414,0.92914,33.988414,0.92914,5467,1
5468,0.00112762,33.98774,0.929141,33.988414,0.929141,5467,0
5469,0.00112739,33.988444,0.929144,33.988444,0.929144,5469,1
5470,0.00112697,33.988448,0.92914,33.988448,0.929144,5469,0
5471,0.00112709,33.988357,0.929146,33.988448,0.929146,5469,0
5472,0.00112592,33.989154,0.92915,33.989154,0.92915,5472,1
5473,0.00112687,33.98852,0.929151,33.989154,0.929151,5472,0
5474,0.00112617,33.989016,0.929154,33.989154,0.929154,5472,0
5475,0.00112786,33.988523,0.929158,33.989154,0.929158,5472,0
5476,0.00112603,33.989575,0.929159,33.989575,0.929159,5476,1
5477,0.00112614,33.989385,0.929159,33.989575,0.929159,5476,0
5478,0.00112601,33.98985,0.929162,33.98985,0.929162,5478,1
5479,0.00112742,33.989808,0.929165,33.98985,0.929165,5478,0
5480,0.00112611,33.990547,0.929169,33.990547,0.929169,5480,1
5481,0.00112598,33.990518,0.929167,33.990547,0.929169,5480,0
5482,0.00112591,33.991308,0.929175,33.991308,0.929175,5482,1
5483,0.00112767,33.990885,0.929176,33.991308,0.929176,5482,0
5484,0.00112644,33.990819,0.929179,33.991308,0.929179,5482,0
5485,0.00112356,33.991464,0.92918,33.991464,0.92918,5485,1
5486,0.00112644,33.991903,0.929182,33.991903,0.929182,5486,1
5487,0.00112722,33.991989,0.929184,33.991989,0.929184,5487,1
5488,0.00112648,33.991796,0.929184,33.991989,0.929184,5487,0
5489,0.00112634,33.991632,0.929186,33.991989,0.929186,5487,0
5490,0.00112491,33.992314,0.92919,33.992314,0.92919,5490,1
5491,0.00112742,33.9927,0.929191,33.9927,0.929191,5491,1
5492,0.00112581,33.992421,0.929193,33.9927,0.929193,5491,0
5493,0.00112635,33.992591,0.929195,33.9927,0.929195,5491,0
5494,0.00112525,33.993135,0.9292,33.993135,0.9292,5494,1
5495,0.0011274,33.992894,0.9292,33.993135,0.9292,5494,0
5496,0.00112556,33.992814,0.929201,33.993135,0.929201,5494,0
5497,0.0011269,33.993522,0.929208,33.993522,0.929208,5497,1
5498,0.00112618,33.993106,0.929208,33.993522,0.929208,5497,0
5499,0.00112653,33.993635,0.929213,33.993635,0.929213,5499,1
5500,0.00112537,33.993623,0.929216,33.993635,0.929216,5499,0
5501,0.00112487,33.994504,0.92922,33.994504,0.92922,5501,1
5502,0.00112688,33.994157,0.929218,33.994504,0.92922,5501,0
5503,0.00112519,33.994384,0.929222,33.994504,0.929222,5501,0
5504,0.00112522,33.994134,0.929225,33.994504,0.929225,5501,0
5505,0.00112588,33.995613,0.929229,33.995613,0.929229,5505,1
5506,0.00112627,33.995444,0.929228,33.995613,0.929229,5505,0
5507,0.00112509,33.995693,0.92923,33.995693,0.92923,5507,1
5508,0.00112576,33.995123,0.929226,33.995693,0.92923,5507,0
5509,0.00112595,33.995876,0.929234,33.995876,0.929234,5509,1
5510,0.0011264,33.995466,0.929234,33.995876,0.929234,5509,0
5511,0.00112544,33.995914,0.929237,33.995914,0.929237,5511,1
5512,0.00112485,33.995921,0.92924,33.995921,0.92924,5512,1
5513,0.00112437,33.996466,0.929243,33.996466,0.929243,5513,1
5514,0.00112415,33.996193,0.929243,33.996466,0.929243,5513,0
5515,0.00112529,33.99711,0.929248,33.99711,0.929248,5515,1
5516,0.00112634,33.997106,0.929248,33.99711,0.929248,5515,0
5517,0.00112502,33.996804,0.929251,33.99711,0.929251,5515,0
5518,0.00112598,33.997493,0.929253,33.997493,0.929253,5518,1
5519,0.00112597,33.997563,0.929254,33.997563,0.929254,5519,1
5520,0.00112513,33.997902,0.929258,33.997902,0.929258,5520,1
5521,0.00112443,33.997238,0.929258,33.997902,0.929258,5520,0
5522,0.00112524,33.997497,0.92926,33.997902,0.92926,5520,0
5523,0.00112443,33.998155,0.929263,33.998155,0.929263,5523,1
5524,0.00112509,33.998233,0.929266,33.998233,0.929266,5524,1
5525,0.00112413,33.998195,0.929266,33.998233,0.929266,5524,0
5526,0.00112568,33.998425,0.929271,33.998425,0.929271,5526,1
5527,0.00112509,33.999216,0.929275,33.999216,0.929275,5527,1
5528,0.00112433,33.998721,0.929277,33.999216,0.929277,5527,0
5529,0.00112338,33.998621,0.92928,33.999216,0.92928,5527,0
5530,0.0011249,33.999249,0.929283,33.999249,0.929283,5530,1
5531,0.0011255,33.999211,0.929285,33.999249,0.929285,5530,0
5532,0.00112319,33.999337,0.929287,33.999337,0.929287,5532,1
5533,0.00112483,33.9995,0.929288,33.9995,0.929288,5533,1
5534,0.00112381,33.999922,0.929288,33.999922,0.929288,5534,1
5535,0.00112336,34.000251,0.929291,34.000251,0.929291,5535,1
5536,0.00112482,33.999795,0.929295,34.000251,0.929295,5535,0
5537,0.0011245,33.999998,0.929296,34.000251,0.929296,5535,0
5538,0.00112434,34.000686,0.929299,34.000686,0.929299,5538,1
5539,0.00112498,34.000774,0.929299,34.000774,0.929299,5538,0
5540,0.00112299,34.000883,0.929303,34.000883,0.929303,5540,1
5541,0.00112431,34.001251,0.929306,34.001251,0.929306,5541,1
5542,0.00112518,34.001122,0.929306,34.001251,0.929306,5541,0
5543,0.00112393,34.001881,0.929309,34.001881,0.929309,5543,1
5544,0.00112358,34.001413,0.929309,34.001881,0.929309,5543,0
5545,0.00112376,34.002095,0.929312,34.002095,0.929312,5545,1
5546,0.00112341,34.002648,0.929317,34.002648,0.929317,5546,1
5547,0.00112394,34.001898,0.929318,34.002648,0.929318,5546,0
5548,0.00112351,34.002565,0.929321,34.002648,0.929321,5546,0
5549,0.00112379,34.002561,0.929321,34.002648,0.929321,5546,0
5550,0.00112259,34.002825,0.929323,34.002825,0.929323,5550,1
5551,0.00112322,34.00272,0.929324,34.002825,0.929324,5550,0
5552,0.00112334,34.003248,0.929329,34.003248,0.929329,5552,1
5553,0.00112317,34.003379,0.929329,34.003379,0.929329,5553,1
5554,0.00112173,34.0043,0.929338,34.0043,0.929338,5554,1
5555,0.0011219,34.003859,0.929338,34.0043,0.929338,5554,0
5556,0.00112269,34.004197,0.929339,34.0043,0.929339,5554,0
5557,0.00112357,34.004432,0.929341,34.004432,0.929341,5557,1
5558,0.00112279,34.004668,0.929345,34.004668,0.929345,5558,1
5559,0.00112193,34.004217,0.929345,34.004668,0.929345,5558,0
5560,0.00112351,34.004212,0.929347,34.004668,0.929347,5558,0
5561,0.00112266,34.004296,0.929349,34.004668,0.929349,5558,0
5562,0.0011215,34.004011,0.92935,34.004668,0.92935,5558,0
5563,0.00112139,34.004951,0.929353,34.004951,0.929353,5563,1
5564,0.00112339,34.004998,0.929355,34.004998,0.929355,5564,1
5565,0.00112258,34.005292,0.929359,34.005292,0.929359,5565,1
5566,0.00112374,34.005554,0.929358,34.005554,0.929359,5565,0
5567,0.00112167,34.005816,0.929361,34.005816,0.929361,5567,1
5568,0.00112208,34.005324,0.929362,34.005816,0.929362,5567,0
5569,0.00112343,34.004816,0.929368,34.005816,0.929368,5567,0
5570,0.00112067,34.005853,0.929367,34.005853,0.929368,5567,0
5571,0.00112191,34.005651,0.929371,34.005853,0.929371,5567,0
5572,0.00112289,34.005878,0.929372,34.005878,0.929372,5572,1
5573,0.00112223,34.006444,0.929373,34.006444,0.929373,5573,1
5574,0.00112122,34.006334,0.929377,34.006444,0.929377,5573,0
5575,0.00112154,34.006424,0.929377,34.006444,0.929377,5573,0
5576,0.00112197,34.006433,0.929378,34.006444,0.929378,5573,0
5577,0.0011208,34.006699,0.92938,34.006699,0.92938,5577,1
5578,0.00112272,34.006941,0.929384,34.006941,0.929384,5578,1
5579,0.00112263,34.007414,0.929388,34.007414,0.929388,5579,1
5580,0.00112237,34.007767,0.92939,34.007767,0.92939,5580,1
5581,0.00112067,34.008099,0.92939,34.008099,0.92939,5581,1
5582,0.00112239,34.007735,0.929391,34.008099,0.929391,5581,0
5583,0.00112229,34.008058,0.929394,34.008099,0.929394,5581,0
5584,0.00112179,34.008269,0.929397,34.008269,0.929397,5584,1
5585,0.00112117,34.008609,0.9294,34.008609,0.9294,5585,1
5586,0.00112181,34.008939,0.929402,34.008939,0.929402,5586,1
5587,0.00112093,34.00918,0.929404,34.00918,0.929404,5587,1
5588,0.00112161,34.009475,0.929408,34.009475,0.929408,5588,1
5589,0.00112056,34.009345,0.929409,34.009475,0.929409,5588,0
5590,0.00112037,34.009687,0.929411,34.009687,0.929411,5590,1
5591,0.00112153,34.010224,0.929413,34.010224,0.929413,5591,1
5592,0.00112128,34.009953,0.929415,34.010224,0.929415,5591,0
5593,0.0011206,34.010341,0.929414,34.010341,0.929415,5591,0
5594,0.00112128,34.011071,0.929421,34.011071,0.929421,5594,1
5595,0.00112221,34.010254,0.929424,34.011071,0.929424,5594,0
5596,0.00112212,34.011157,0.929424,34.011157,0.929424,5596,1
5597,0.00112144,34.011635,0.929427,34.011635,0.929427,5597,1
5598,0.00112032,34.010959,0.929429,34.011635,0.929429,5597,0
5599,0.00111988,34.011416,0.929431,34.011635,0.929431,5597,0
5600,0.00112194,34.011785,0.929432,34.011785,0.929432,5600,1
5601,0.00112155,34.0119,0.929436,34.0119,0.929436,5601,1
5602,0.00112038,34.011988,0.929436,34.011988,0.929436,5601,0
5603,0.00111955,34.012247,0.92944,34.012247,0.92944,5603,1
5604,0.00112185,34.012554,0.929442,34.012554,0.929442,5604,1
5605,0.0011202,34.012209,0.929445,34.012554,0.929445,5604,0
5606,0.00112163,34.01244,0.929447,34.012554,0.929447,5604,0
5607,0.00112213,34.012499,0.929448,34.012554,0.929448,5604,0
5608,0.00111973,34.013052,0.929449,34.013052,0.929449,5608,1
5609,0.00111991,34.013225,0.929453,34.013225,0.929453,5609,1
5610,0.00112191,34.013067,0.929458,34.013225,0.929458,5609,0
5611,0.00112097,34.013847,0.929457,34.013847,0.929458,5609,0
5612,0.00112121,34.013855,0.92946,34.013855,0.92946,5612,1
5613,0.00112101,34.013576,0.929461,34.013855,0.929461,5612,0
5614,0.00112208,34.014184,0.929464,34.014184,0.929464,5614,1
5615,0.00112058,34.014936,0.929469,34.014936,0.929469,5615,1
5616,0.00112018,34.015106,0.92947,34.015106,0.92947,5616,1
5617,0.00111995,34.014922,0.929469,34.015106,0.92947,5616,0
5618,0.00112023,34.015352,0.92947,34.015352,0.92947,5616,0
5619,0.0011198,34.015281,0.929472,34.015352,0.929472,5616,0
5620,0.00112041,34.01509,0.929474,34.015352,0.929474,5616,0
5621,0.00111972,34.015455,0.929477,34.015455,0.929477,5621,1
5622,0.00111985,34.015767,0.929482,34.015767,0.929482,5622,1
5623,0.00111892,34.016418,0.929483,34.016418,0.929483,5623,1
5624,0.0011206,34.016153,0.929486,34.016418,0.929486,5623,0
5625,0.00112005,34.016283,0.929493,34.016418,0.929493,5623,0
5626,0.00111888,34.015951,0.929492,34.016418,0.929493,5623,0
5627,0.00111999,34.016752,0.929493,34.016752,0.929493,5623,0
5628,0.00112134,34.017331,0.9295,34.017331,0.9295,5628,1
5629,0.00111815,34.017241,0.929499,34.017331,0.9295,5628,0
5630,0.00111973,34.017039,0.929502,34.017331,0.929502,5628,0
5631,0.00111962,34.017553,0.929503,34.017553,0.929503,5631,1
5632,0.00111888,34.017125,0.929506,34.017553,0.929506,5631,0
5633,0.00112059,34.01748,0.929507,34.017553,0.929507,5631,0
5634,0.00112022,34.01704,0.929507,34.017553,0.929507,5631,0
5635,0.00111996,34.018024,0.929511,34.018024,0.929511,5635,1
5636,0.00111968,34.017244,0.929511,34.018024,0.929511,5635,0
5637,0.00112009,34.018792,0.929514,34.018792,0.929514,5637,1
5638,0.00111961,34.018804,0.929517,34.018804,0.929517,5638,1
5639,0.00111921,34.018969,0.929521,34.018969,0.929521,5639,1
5640,0.00111976,34.018844,0.929522,34.018969,0.929522,5639,0
5641,0.00112098,34.019379,0.929526,34.019379,0.929526,5641,1
5642,0.00112008,34.01877,0.929525,34.019379,0.929526,5641,0
5643,0.00111948,34.01969,0.929529,34.01969,0.929529,5643,1
5644,0.0011191,34.019892,0.929532,34.019892,0.929532,5644,1
5645,0.00111947,34.019266,0.929532,34.019892,0.929532,5644,0
5646,0.00111854,34.019428,0.929537,34.019892,0.929537,5644,0
5647,0.00112034,34.01975,0.929536,34.019892,0.929537,5644,0
5648,0.0011196,34.019477,0.929537,34.019892,0.929537,5644,0
5649,0.00111864,34.02027,0.929541,34.02027,0.929541,5649,1
5650,0.00111809,34.020205,0.929541,34.02027,0.929541,5649,0
5651,0.00111911,34.020609,0.929545,34.020609,0.929545,5651,1
5652,0.00111848,34.020659,0.929542,34.020659,0.929545,5651,0
5653,0.00111909,34.021251,0.929549,34.021251,0.929549,5653,1
5654,0.0011177,34.021386,0.929551,34.021386,0.929551,5654,1
5655,0.00111793,34.021713,0.929553,34.021713,0.929553,5655,1
5656,0.0011195,34.021859,0.929555,34.021859,0.929555,5656,1
5657,0.00111992,34.021541,0.929557,34.021859,0.929557,5656,0
5658,0.00111823,34.021535,0.929559,34.021859,0.929559,5656,0
5659,0.00111726,34.022459,0.929563,34.022459,0.929563,5659,1
5660,0.00111878,34.02147,0.929562,34.022459,0.929563,5659,0
5661,0.00111998,34.022453,0.929567,34.022459,0.929567,5659,0
5662,0.00111739,34.022696,0.929571,34.022696,0.929571,5662,1
5663,0.00111783,34.023194,0.92957,34.023194,0.929571,5662,0
5664,0.00111818,34.022862,0.929572,34.023194,0.929572,5662,0
5665,0.00111659,34.023253,0.929576,34.023253,0.929576,5665,1
5666,0.00111844,34.023432,0.929579,34.023432,0.929579,5666,1
5667,0.00111928,34.02344,0.929578,34.02344,0.929579,5666,0
5668,0.00111626,34.023942,0.929583,34.023942,0.929583,5668,1
5669,0.00111944,34.024085,0.929585,34.024085,0.929585,5669,1
5670,0.00111875,34.024181,0.929587,34.024181,0.929587,5670,1
5671,0.00111855,34.024482,0.929592,34.024482,0.929592,5671,1
5672,0.00111865,34.024082,0.929589,34.024482,0.929592,5671,0
5673,0.00111754,34.023943,0.929591,34.024482,0.929592,5671,0
5674,0.00111707,34.024367,0.929592,34.024482,0.929592,5671,0
5675,0.0011155,34.024736,0.929595,34.024736,0.929595,5675,1
5676,0.00111712,34.024795,0.929598,34.024795,0.929598,5676,1
5677,0.00111772,34.025691,0.929602,34.025691,0.929602,5677,1
5678,0.00111861,34.025555,0.929602,34.025691,0.929602,5677,0
5679,0.00111745,34.025691,0.929605,34.025691,0.929605,5677,0
5680,0.00111838,34.025353,0.929605,34.025691,0.929605,5677,0
5681,0.00111727,34.025993,0.929604,34.025993,0.929605,5677,0
5682,0.00111741,34.025365,0.929603,34.025993,0.929605,5677,0
5683,0.00111739,34.025806,0.929602,34.025993,0.929605,5677,0
5684,0.00111645,34.0261,0.929607,34.0261,0.929607,5684,1
5685,0.00111784,34.026787,0.929607,34.026787,0.929607,5684,0
5686,0.00111801,34.027225,0.929612,34.027225,0.929612,5686,1
5687,0.00111771,34.026943,0.929613,34.027225,0.929613,5686,0
5688,0.0011175,34.026884,0.929617,34.027225,0.929617,5686,0
5689,0.00111691,34.027831,0.929621,34.027831,0.929621,5689,1
5690,0.001117,34.027144,0.929619,34.027831,0.929621,5689,0
5691,0.00111709,34.027506,0.929624,34.027831,0.929624,5689,0
5692,0.00111671,34.027979,0.929626,34.027979,0.929626,5692,1
5693,0.00111557,34.028491,0.92963,34.028491,0.92963,5693,1
5694,0.00111627,34.028093,0.929631,34.028491,0.929631,5693,0
5695,0.00111677,34.028023,0.929633,34.028491,0.929633,5693,0
5696,0.00111751,34.028304,0.929636,34.028491,0.929636,5693,0
5697,0.0011168,34.027972,0.929637,34.028491,0.929637,5693,0
5698,0.00111655,34.029192,0.929641,34.029192,0.929641,5698,1
5699,0.0011166,34.02903,0.929642,34.029192,0.929642,5698,0
5700,0.00111685,34.029205,0.929643,34.029205,0.929643,5700,1
5701,0.00111641,34.029146,0.929644,34.029205,0.929644,5700,0
5702,0.00111733,34.02955,0.929647,34.02955,0.929647,5702,1
5703,0.00111837,34.029336,0.929649,34.02955,0.929649,5702,0
5704,0.00111775,34.029531,0.929651,34.02955,0.929651,5702,0
5705,0.00111595,34.02963,0.929651,34.02963,0.929651,5702,0
5706,0.00111606,34.02991,0.929653,34.02991,0.929653,5706,1
5707,0.00111703,34.030391,0.929659,34.030391,0.929659,5707,1
5708,0.00111528,34.030192,0.929658,34.030391,0.929659,5707,0
5709,0.00111667,34.031037,0.929664,34.031037,0.929664,5709,1
5710,0.00111689,34.031136,0.929667,34.031136,0.929667,5710,1
5711,0.00111769,34.031043,0.929668,34.031136,0.929668,5710,0
5712,0.00111554,34.031595,0.929674,34.031595,0.929674,5712,1
5713,0.00111536,34.031026,0.929668,34.031595,0.929674,5712,0
5714,0.00111573,34.03216,0.929676,34.03216,0.929676,5714,1
5715,0.00111616,34.031854,0.929673,34.03216,0.929676,5714,0
5716,0.0011147,34.031769,0.929678,34.03216,0.929678,5714,0
5717,0.00111693,34.032499,0.92968,34.032499,0.92968,5717,1
5718,0.00111502,34.032621,0.929684,34.032621,0.929684,5718,1
5719,0.00111697,34.033116,0.929686,34.033116,0.929686,5719,1
5720,0.00111659,34.033228,0.929689,34.033228,0.929689,5720,1
5721,0.00111692,34.033544,0.929694,34.033544,0.929694,5721,1
5722,0.00111781,34.033547,0.929694,34.033547,0.929694,5722,1
5723,0.00111587,34.03359,0.929694,34.03359,0.929694,5722,0
5724,0.00111634,34.033886,0.929697,34.033886,0.929697,5724,1
5725,0.00111592,34.033736,0.929699,34.033886,0.929699,5724,0
5726,0.00111477,34.034508,0.929701,34.034508,0.929701,5726,1
5727,0.00111639,34.03431,0.929701,34.034508,0.929701,5726,0
5728,0.00111397,34.034555,0.929704,34.034555,0.929704,5728,1
5729,0.00111641,34.034619,0.929706,34.034619,0.929706,5729,1
5730,0.00111545,34.034638,0.929707,34.034638,0.929707,5730,1
5731,0.00111679,34.034733,0.92971,34.034733,0.92971,5731,1
5732,0.00111458,34.035485,0.929715,34.035485,0.929715,5732,1
5733,0.00111422,34.035075,0.929715,34.035485,0.929715,5732,0
5734,0.0011142,34.035883,0.929719,34.035883,0.929719,5734,1
5735,0.00111464,34.035897,0.929719,34.035897,0.929719,5735,1
5736,0.00111676,34.035496,0.929721,34.035897,0.929721,5735,0
5737,0.00111605,34.035939,0.929722,34.035939,0.929722,5737,1
5738,0.00111603,34.036628,0.929726,34.036628,0.929726,5738,1
5739,0.00111504,34.036463,0.929728,34.036628,0.929728,5738,0
5740,0.00111417,34.036595,0.929732,34.036628,0.929732,5738,0
5741,0.00111531,34.03643,0.92973,34.036628,0.929732,5738,0
5742,0.00111451,34.036384,0.929726,34.036628,0.929732,5738,0
5743,0.00111354,34.035763,0.929728,34.036628,0.929732,5738,0
5744,0.00111365,34.036347,0.929734,34.036628,0.929734,5738,0
5745,0.00111531,34.037074,0.929738,34.037074,0.929738,5745,1
5746,0.00111257,34.036881,0.92974,34.037074,0.92974,5745,0
5747,0.00111463,34.036765,0.929742,34.037074,0.929742,5745,0
5748,0.00111637,34.036967,0.929742,34.037074,0.929742,5745,0
5749,0.00111611,34.037188,0.929744,34.037188,0.929744,5749,1
5750,0.00111338,34.036931,0.929746,34.037188,0.929746,5749,0
5751,0.00111398,34.037403,0.929749,34.037403,0.929749,5751,1
5752,0.00111313,34.037702,0.929751,34.037702,0.929751,5752,1
5753,0.00111408,34.037799,0.929753,34.037799,0.929753,5753,1
5754,0.00111442,34.037919,0.929754,34.037919,0.929754,5754,1
5755,0.00111468,34.038703,0.92976,34.038703,0.92976,5755,1
5756,0.00111462,34.03856,0.929761,34.038703,0.929761,5755,0
5757,0.00111427,34.038543,0.929762,34.038703,0.929762,5755,0
5758,0.00111574,34.038821,0.929762,34.038821,0.929762,5758,1
5759,0.00111416,34.038916,0.929765,34.038916,0.929765,5759,1
5760,0.00111371,34.039079,0.929769,34.039079,0.929769,5760,1
5761,0.00111504,34.039431,0.929772,34.039431,0.929772,5761,1
5762,0.00111407,34.039704,0.929773,34.039704,0.929773,5762,1
5763,0.0011146,34.040064,0.929778,34.040064,0.929778,5763,1
5764,0.00111394,34.039913,0.929777,34.040064,0.929778,5763,0
5765,0.00111514,34.039652,0.929778,34.040064,0.929778,5763,0
5766,0.00111401,34.039592,0.929777,34.040064,0.929778,5763,0
5767,0.00111419,34.040031,0.929782,34.040064,0.929782,5763,0
5768,0.00111464,34.039925,0.929783,34.040064,0.929783,5763,0
5769,0.00111549,34.040478,0.929786,34.040478,0.929786,5769,1
5770,0.00111492,34.040146,0.929788,34.040478,0.929788,5769,0
5771,0.0011131,34.040245,0.92979,34.040478,0.92979,5769,0
5772,0.00111389,34.04102,0.929793,34.04102,0.929793,5772,1
5773,0.00111179,34.040941,0.929795,34.04102,0.929795,5772,0
5774,0.00111436,34.041291,0.929797,34.041291,0.929797,5774,1
5775,0.00111109,34.040979,0.929799,34.041291,0.929799,5774,0
5776,0.00111357,34.04184,0.929803,34.04184,0.929803,5776,1
5777,0.00111451,34.042195,0.929803,34.042195,0.929803,5777,1
5778,0.00111212,34.042043,0.929806,34.042195,0.929806,5777,0
5779,0.00111346,34.042087,0.929811,34.042195,0.929811,5777,0
5780,0.00111467,34.042162,0.929812,34.042195,0.929812,5777,0
5781,0.00111224,34.042363,0.929816,34.042363,0.929816,5781,1
5782,0.0011135,34.042817,0.92982,34.042817,0.92982,5782,1
5783,0.00111378,34.042661,0.929819,34.042817,0.92982,5782,0
5784,0.0011115,34.042702,0.929822,34.042817,0.929822,5782,0
5785,0.0011139,34.042647,0.929821,34.042817,0.929822,5782,0
5786,0.0011139,34.042879,0.929823,34.042879,0.929823,5786,1
5787,0.00111241,34.043522,0.929827,34.043522,0.929827,5787,1
5788,0.00111404,34.044204,0.929832,34.044204,0.929832,5788,1
5789,0.00111392,34.043726,0.929829,34.044204,0.929832,5788,0
5790,0.00111388,34.043429,0.929833,34.044204,0.929833,5788,0
5791,0.00111336,34.043948,0.929835,34.044204,0.929835,5788,0
5792,0.00111359,34.044388,0.929837,34.044388,0.929837,5792,1
5793,0.00110993,34.044702,0.929838,34.044702,0.929838,5793,1
5794,0.00111229,34.044873,0.929841,34.044873,0.929841,5794,1
5795,0.00111257,34.045117,0.929844,34.045117,0.929844,5795,1
5796,0.0011137,34.045437,0.929845,34.045437,0.929845,5796,1
5797,0.00111314,34.045417,0.929846,34.045437,0.929846,5796,0
5798,0.00111192,34.044927,0.929847,34.045437,0.929847,5796,0
5799,0.00111281,34.045699,0.929852,34.045699,0.929852,5799,1
5800,0.00111257,34.046142,0.929856,34.046142,0.929856,5800,1
5801,0.00111224,34.045356,0.929856,34.046142,0.929856,5800,0
5802,0.00111289,34.046211,0.929857,34.046211,0.929857,5802,1
5803,0.00111247,34.047021,0.929859,34.047021,0.929859,5803,1
5804,0.00111475,34.047035,0.929858,34.047035,0.929859,5803,0
5805,0.00111157,34.047071,0.929859,34.047071,0.929859,5803,0
5806,0.00111119,34.04701,0.929859,34.047071,0.929859,5803,0
5807,0.00111216,34.047372,0.929865,34.047372,0.929865,5807,1
5808,0.00111114,34.047984,0.92987,34.047984,0.92987,5808,1
5809,0.00111289,34.047297,0.929869,34.047984,0.92987,5808,0
5810,0.0011108,34.047876,0.929869,34.047984,0.92987,5808,0
5811,0.0011126,34.048063,0.929873,34.048063,0.929873,5811,1
5812,0.00111107,34.048467,0.929872,34.048467,0.929873,5811,0
5813,0.00111235,34.048991,0.929878,34.048991,0.929878,5813,1
5814,0.00111222,34.049346,0.929881,34.049346,0.929881,5814,1
5815,0.00111308,34.048933,0.92988,34.049346,0.929881,5814,0
5816,0.00111019,34.048936,0.929879,34.049346,0.929881,5814,0
5817,0.00111154,34.0496,0.929886,34.0496,0.929886,5817,1
5818,0.00111063,34.049216,0.929878,34.0496,0.929886,5817,0
5819,0.00111193,34.049648,0.929883,34.049648,0.929886,5817,0
5820,0.00111218,34.049835,0.929884,34.049835,0.929886,5817,0
5821,0.00111111,34.050103,0.929888,34.050103,0.929888,5821,1
5822,0.0011094,34.049964,0.92989,34.050103,0.92989,5821,0
5823,0.00111187,34.05026,0.929892,34.05026,0.929892,5823,1
5824,0.00111111,34.05053,0.929893,34.05053,0.929893,5824,1
5825,0.00111029,34.050402,0.929897,34.05053,0.929897,5824,0
5826,0.00111187,34.051316,0.929905,34.051316,0.929905,5826,1
5827,0.00111185,34.05114,0.929906,34.051316,0.929906,5826,0
5828,0.00111058,34.051448,0.929906,34.051448,0.929906,5828,1
5829,0.00110972,34.051008,0.929906,34.051448,0.929906,5828,0
5830,0.00110941,34.051469,0.929909,34.051469,0.929909,5830,1
5831,0.00111153,34.051791,0.929908,34.051791,0.929909,5830,0
5832,0.00111122,34.051924,0.929908,34.051924,0.929909,5830,0
5833,0.00110995,34.052471,0.929913,34.052471,0.929913,5833,1
5834,0.00111021,34.052711,0.929915,34.052711,0.929915,5834,1
5835,0.00111167,34.053254,0.92992,34.053254,0.92992,5835,1
5836,0.0011111,34.052519,0.929916,34.053254,0.92992,5835,0
5837,0.00111155,34.052421,0.929917,34.053254,0.92992,5835,0
5838,0.00110999,34.052543,0.929919,34.053254,0.92992,5835,0
5839,0.00111046,34.05337,0.929925,34.05337,0.929925,5839,1
5840,0.00110997,34.05363,0.929928,34.05363,0.929928,5840,1
5841,0.0011121,34.054074,0.929932,34.054074,0.929932,5841,1
5842,0.0011106,34.053974,0.929932,34.054074,0.929932,5841,0
5843,0.00110942,34.05417,0.929938,34.05417,0.929938,5843,1
5844,0.00110962,34.053955,0.929934,34.05417,0.929938,5843,0
5845,0.00111053,34.054579,0.92994,34.054579,0.92994,5845,1
5846,0.00111071,34.054589,0.929941,34.054589,0.929941,5846,1
5847,0.00111049,34.055016,0.929943,34.055016,0.929943,5847,1
5848,0.00110981,34.055003,0.929944,34.055016,0.929944,5847,0
5849,0.00111028,34.055,0.929946,34.055016,0.929946,5847,0
5850,0.00111003,34.055134,0.929949,34.055134,0.929949,5850,1
5851,0.00110991,34.055172,0.929949,34.055172,0.929949,5850,0
5852,0.00110921,34.055347,0.929954,34.055347,0.929954,5852,1
5853,0.00111024,34.055358,0.929954,34.055358,0.929954,5852,0
5854,0.00111148,34.056675,0.929981,34.056675,0.929981,5854,1
5855,0.00110913,34.056828,0.929984,34.056828,0.929984,5855,1
5856,0.00110959,34.057053,0.929984,34.057053,0.929984,5855,0
5857,0.00110903,34.057598,0.929986,34.057598,0.929986,5857,1
5858,0.00111056,34.058081,0.92999,34.058081,0.92999,5858,1
5859,0.00111,34.057992,0.929992,34.058081,0.929992,5858,0
5860,0.00111029,34.058591,0.929997,34.058591,0.929997,5860,1
5861,0.00110796,34.058547,0.929998,34.058591,0.929998,5860,0
5862,0.00110962,34.058754,0.93,34.058754,0.93,5862,1
5863,0.00110857,34.058644,0.93,34.058754,0.93,5862,0
5864,0.0011091,34.058566,0.93,34.058754,0.93,5862,0
5865,0.00110918,34.059099,0.930003,34.059099,0.930003,5865,1
5866,0.00110801,34.059318,0.930005,34.059318,0.930005,5866,1
5867,0.00110966,34.059477,0.930008,34.059477,0.930008,5867,1
5868,0.00110887,34.059704,0.93001,34.059704,0.93001,5868,1
5869,0.00110839,34.059694,0.930011,34.059704,0.930011,5868,0
5870,0.00110953,34.059853,0.930013,34.059853,0.930013,5870,1
5871,0.0011087,34.060106,0.930014,34.060106,0.930014,5871,1
5872,0.00111029,34.060168,0.930018,34.060168,0.930018,5872,1
5873,0.00110837,34.060377,0.930018,34.060377,0.930018,5872,0
5874,0.00110923,34.060739,0.930024,34.060739,0.930024,5874,1
5875,0.00110965,34.060786,0.930025,34.060786,0.930025,5875,1
5876,0.00110842,34.0609,0.930026,34.0609,0.930026,5876,1
5877,0.00110908,34.060783,0.930027,34.0609,0.930027,5876,0
5878,0.00110905,34.061042,0.930027,34.061042,0.930027,5876,0
5879,0.00110854,34.061654,0.930031,34.061654,0.930031,5879,1
5880,0.0011081,34.061621,0.930031,34.061654,0.930031,5879,0
5881,0.00110741,34.061888,0.930036,34.061888,0.930036,5881,1
5882,0.00110761,34.062147,0.930036,34.062147,0.930036,5882,1
5883,0.00110862,34.062433,0.93004,34.062433,0.93004,5883,1
5884,0.00110697,34.062563,0.930044,34.062563,0.930044,5884,1
5885,0.00110902,34.062968,0.930048,34.062968,0.930048,5885,1
5886,0.00110801,34.062611,0.930046,34.062968,0.930048,5885,0
5887,0.00110713,34.063335,0.930049,34.063335,0.930049,5887,1
5888,0.00110911,34.063546,0.930054,34.063546,0.930054,5888,1
5889,0.00110735,34.063565,0.930057,34.063565,0.930057,5889,1
5890,0.00110977,34.063648,0.930057,34.063648,0.930057,5890,1
5891,0.00110865,34.063898,0.930059,34.063898,0.930059,5891,1
5892,0.00110958,34.064165,0.930063,34.064165,0.930063,5892,1
5893,0.00110839,34.0643,0.930063,34.0643,0.930063,5893,1
5894,0.00110707,34.064733,0.930066,34.064733,0.930066,5894,1
5895,0.00110873,34.064698,0.930067,34.064733,0.930067,5894,0
5896,0.00110839,34.06451,0.930068,34.064733,0.930068,5894,0
5897,0.00110848,34.064953,0.930071,34.064953,0.930071,5897,1
5898,0.001109,34.0653,0.930073,34.0653,0.930073,5898,1
5899,0.00110833,34.065542,0.930077,34.065542,0.930077,5899,1
5900,0.00110695,34.065508,0.930078,34.065542,0.930078,5899,0
5901,0.00110737,34.064988,0.930071,34.065542,0.930078,5899,0
5902,0.00110775,34.06474,0.930075,34.065542,0.930078,5899,0
5903,0.00110935,34.065058,0.930082,34.065542,0.930082,5899,0
5904,0.00110825,34.065058,0.93008,34.065542,0.930082,5899,0
5905,0.0011087,34.065742,0.930082,34.065742,0.930082,5899,0
5906,0.00110718,34.065695,0.930087,34.065742,0.930087,5899,0
5907,0.00110658,34.066056,0.930088,34.066056,0.930088,5907,1
5908,0.00110709,34.065759,0.930091,34.066056,0.930091,5907,0
5909,0.00110714,34.066204,0.930094,34.066204,0.930094,5909,1
5910,0.0011085,34.066474,0.930096,34.066474,0.930096,5910,1
5911,0.00110779,34.066537,0.930099,34.066537,0.930099,5911,1
5912,0.00110846,34.066737,0.930099,34.066737,0.930099,5912,1
5913,0.00110568,34.067406,0.9301,34.067406,0.9301,5913,1
5914,0.00110749,34.066915,0.9301,34.067406,0.9301,5913,0
5915,0.00110709,34.067543,0.930101,34.067543,0.930101,5915,1
5916,0.00110612,34.067013,0.930106,34.067543,0.930106,5915,0
5917,0.00110909,34.067823,0.930109,34.067823,0.930109,5917,1
5918,0.0011083,34.068056,0.930111,34.068056,0.930111,5918,1
5919,0.0011078,34.067752,0.930112,34.068056,0.930112,5918,0
5920,0.00110665,34.06816,0.930114,34.06816,0.930114,5920,1
5921,0.00110757,34.068223,0.930118,34.068223,0.930118,5921,1
5922,0.001107,34.068648,0.930121,34.068648,0.930121,5922,1
5923,0.00110826,34.068708,0.930123,34.068708,0.930123,5923,1
5924,0.00110799,34.068784,0.930123,34.068784,0.930123,5924,1
5925,0.0011078,34.069031,0.930123,34.069031,0.930123,5924,0
5926,0.00110585,34.068935,0.930126,34.069031,0.930126,5924,0
5927,0.00110719,34.069104,0.930126,34.069104,0.930126,5924,0
5928,0.00110587,34.069238,0.930133,34.069238,0.930133,5928,1
5929,0.0011056,34.06989,0.930136,34.06989,0.930136,5929,1
5930,0.0011071,34.06944,0.930135,34.06989,0.930136,5929,0
5931,0.00110607,34.070041,0.930141,34.070041,0.930141,5931,1
5932,0.0011061,34.070167,0.93014,34.070167,0.930141,5931,0
5933,0.00110654,34.070176,0.930141,34.070176,0.930141,5933,1
5934,0.00110743,34.070652,0.930145,34.070652,0.930145,5934,1
5935,0.00110811,34.070898,0.930146,34.070898,0.930146,5935,1
5936,0.00110587,34.071009,0.930151,34.071009,0.930151,5936,1
5937,0.00110619,34.070866,0.930152,34.071009,0.930152,5936,0
5938,0.00110611,34.07104,0.930155,34.07104,0.930155,5938,1
5939,0.00110475,34.071215,0.930155,34.071215,0.930155,5939,1
5940,0.0011058,34.071646,0.930153,34.071646,0.930155,5939,0
5941,0.00110549,34.071715,0.930155,34.071715,0.930155,5939,0
5942,0.00110559,34.071409,0.930158,34.071715,0.930158,5939,0
5943,0.00110378,34.071694,0.93016,34.071715,0.93016,5939,0
5944,0.0011071,34.072218,0.930163,34.072218,0.930163,5944,1
5945,0.00110475,34.072179,0.930166,34.072218,0.930166,5944,0
5946,0.00110511,34.072214,0.930167,34.072218,0.930167,5944,0
5947,0.00110606,34.071973,0.930168,34.072218,0.930168,5944,0
5948,0.0011074,34.07223,0.930172,34.07223,0.930172,5948,1
5949,0.00110562,34.072608,0.930171,34.072608,0.930172,5948,0
5950,0.00110714,34.072669,0.930174,34.072669,0.930174,5950,1
5951,0.00110468,34.072996,0.930177,34.072996,0.930177,5951,1
5952,0.00110609,34.072708,0.930179,34.072996,0.930179,5951,0
5953,0.00110678,34.073896,0.93018,34.073896,0.93018,5953,1
5954,0.0011063,34.073676,0.930183,34.073896,0.930183,5953,0
5955,0.00110435,34.074013,0.930184,34.074013,0.930184,5955,1
5956,0.00110695,34.073852,0.930184,34.074013,0.930184,5955,0
5957,0.00110464,34.073786,0.930185,34.074013,0.930185,5955,0
5958,0.0011044,34.074143,0.930189,34.074143,0.930189,5958,1
5959,0.00110444,34.074175,0.930189,34.074175,0.930189,5959,1
5960,0.00110561,34.074317,0.930192,34.074317,0.930192,5960,1
5961,0.00110733,34.073844,0.930187,34.074317,0.930192,5960,0
5962,0.00110464,34.074224,0.930192,34.074317,0.930192,5960,0
5963,0.00110608,34.074343,0.930193,34.074343,0.930193,5963,1
5964,0.00110547,34.075097,0.930198,34.075097,0.930198,5964,1
5965,0.00110653,34.075111,0.9302,34.075111,0.9302,5965,1
5966,0.00110507,34.075385,0.930202,34.075385,0.930202,5966,1
5967,0.00110483,34.075966,0.930206,34.075966,0.930206,5967,1
5968,0.00110579,34.074786,0.930205,34.075966,0.930206,5967,0
5969,0.00110587,34.075492,0.930208,34.075966,0.930208,5967,0
5970,0.00110384,34.075723,0.930211,34.075966,0.930211,5967,0
5971,0.00110433,34.076011,0.930213,34.076011,0.930213,5971,1
5972,0.0011041,34.075823,0.930214,34.076011,0.930214,5971,0
5973,0.00110482,34.075932,0.93022,34.076011,0.93022,5971,0
5974,0.00110401,34.076445,0.930221,34.076445,0.930221,5974,1
5975,0.00110542,34.076775,0.930222,34.076775,0.930222,5975,1
5976,0.00110514,34.076711,0.930225,34.076775,0.930225,5975,0
5977,0.00110412,34.077276,0.930227,34.077276,0.930227,5977,1
5978,0.00110539,34.077522,0.930232,34.077522,0.930232,5978,1
5979,0.00110512,34.077344,0.93023,34.077522,0.930232,5978,0
5980,0.00110434,34.077976,0.930234,34.077976,0.930234,5980,1
5981,0.00110358,34.077903,0.930237,34.077976,0.930237,5980,0
5982,0.00110515,34.07776,0.930237,34.077976,0.930237,5980,0
5983,0.00110517,34.078198,0.930238,34.078198,0.930238,5983,1
5984,0.00110506,34.078686,0.930241,34.078686,0.930241,5984,1
5985,0.0011037,34.078504,0.930245,34.078686,0.930245,5984,0
5986,0.001104,34.078307,0.930246,34.078686,0.930246,5984,0
5987,0.00110553,34.07923,0.930249,34.07923,0.930249,5987,1
5988,0.00110265,34.078674,0.930251,34.07923,0.930251,5987,0
5989,0.00110339,34.079364,0.930254,34.079364,0.930254,5989,1
5990,0.00110383,34.079478,0.930255,34.079478,0.930255,5990,1
5991,0.00110481,34.079301,0.930254,34.079478,0.930255,5990,0
5992,0.00110426,34.079686,0.930256,34.079686,0.930256,5992,1
5993,0.00110198,34.079802,0.930261,34.079802,0.930261,5993,1
5994,0.00110442,34.079869,0.930263,34.079869,0.930263,5994,1
5995,0.00110528,34.07999,0.930266,34.07999,0.930266,5995,1
5996,0.00110519,34.080197,0.930269,34.080197,0.930269,5996,1
5997,0.00110321,34.079575,0.930269,34.080197,0.930269,5996,0
5998,0.00110399,34.080852,0.930274,34.080852,0.930274,5998,1
5999,0.00110454,34.080326,0.930275,34.080852,0.930275,5998,0
6000,0.00110415,34.079945,0.930272,34.080852,0.930275,5998,0
6001,0.00110407,34.080406,0.930276,34.080852,0.930276,5998,0
6002,0.0011039,34.080231,0.93028,34.080852,0.93028,5998,0
6003,0.00110314,34.08059,0.930281,34.080852,0.930281,5998,0
6004,0.00110308,34.08177,0.930284,34.08177,0.930284,6004,1
6005,0.00110495,34.081144,0.930284,34.08177,0.930284,6004,0
6006,0.00110333,34.082178,0.930288,34.082178,0.930288,6006,1
6007,0.00110475,34.082323,0.930295,34.082323,0.930295,6007,1
6008,0.0011026,34.08227,0.930294,34.082323,0.930295,6007,0
6009,0.00110299,34.082472,0.930298,34.082472,0.930298,6009,1
6010,0.00110197,34.082138,0.930297,34.082472,0.930298,6009,0
6011,0.00110307,34.082232,0.930297,34.082472,0.930298,6009,0
6012,0.00110299,34.082462,0.930299,34.082472,0.930299,6009,0
6013,0.00110374,34.082665,0.930305,34.082665,0.930305,6013,1
6014,0.00110409,34.082709,0.930306,34.082709,0.930306,6014,1
6015,0.001103,34.08274,0.93031,34.08274,0.93031,6015,1
6016,0.00110275,34.083085,0.930311,34.083085,0.930311,6016,1
6017,0.00110207,34.083134,0.930313,34.083134,0.930313,6017,1
6018,0.00110109,34.083451,0.930312,34.083451,0.930313,6017,0
6019,0.00110142,34.083696,0.930316,34.083696,0.930316,6019,1
6020,0.0011043,34.083547,0.930317,34.083696,0.930317,6019,0
6021,0.00110075,34.083588,0.93032,34.083696,0.93032,6019,0
6022,0.00110117,34.084384,0.93032,34.084384,0.93032,6022,1
6023,0.00110406,34.084134,0.93032,34.084384,0.93032,6022,0
6024,0.0011029,34.083631,0.930323,34.084384,0.930323,6022,0
6025,0.00110337,34.084283,0.930324,34.084384,0.930324,6022,0
6026,0.00110217,34.083964,0.930328,34.084384,0.930328,6022,0
6027,0.0011022,34.084087,0.930331,34.084384,0.930331,6022,0
6028,0.00110425,34.083653,0.93033,34.084384,0.930331,6022,0
6029,0.00110347,34.084948,0.930334,34.084948,0.930334,6029,1
6030,0.00110245,34.084593,0.930334,34.084948,0.930334,6029,0
6031,0.00110375,34.084915,0.930337,34.084948,0.930337,6029,0
6032,0.00110189,34.085108,0.930338,34.085108,0.930338,6032,1
6033,0.00110196,34.084667,0.930338,34.085108,0.930338,6032,0
6034,0.0011036,34.085628,0.930341,34.085628,0.930341,6034,1
6035,0.00110365,34.086379,0.930345,34.086379,0.930345,6035,1
6036,0.00110242,34.085807,0.930343,34.086379,0.930345,6035,0
6037,0.00110116,34.087068,0.93035,34.087068,0.93035,6037,1
6038,0.00110334,34.086009,0.930348,34.087068,0.93035,6037,0
6039,0.00110177,34.086711,0.930352,34.087068,0.930352,6037,0
6040,0.00110193,34.087017,0.930355,34.087068,0.930355,6037,0
6041,0.00110378,34.087187,0.930356,34.087187,0.930356,6041,1
6042,0.00110153,34.087308,0.93036,34.087308,0.93036,6042,1
6043,0.00110136,34.087526,0.930361,34.087526,0.930361,6043,1
6044,0.00110327,34.087608,0.93036,34.087608,0.930361,6043,0
6045,0.00110186,34.08746,0.930365,34.087608,0.930365,6043,0
6046,0.00110153,34.087811,0.930367,34.087811,0.930367,6046,1
6047,0.0011023,34.087983,0.93037,34.087983,0.93037,6047,1
6048,0.00110302,34.089268,0.930374,34.089268,0.930374,6048,1
6049,0.00110156,34.088686,0.930373,34.089268,0.930374,6048,0
6050,0.00110166,34.088633,0.930375,34.089268,0.930375,6048,0
6051,0.00110328,34.088857,0.93038,34.089268,0.93038,6048,0
6052,0.00110262,34.088697,0.93038,34.089268,0.93038,6048,0
6053,0.00110236,34.089705,0.930381,34.089705,0.930381,6053,1
6054,0.00110023,34.088998,0.930381,34.089705,0.930381,6053,0
6055,0.00110178,34.089372,0.930386,34.089705,0.930386,6053,0
6056,0.001101,34.089747,0.930388,34.089747,0.930388,6056,1
6057,0.00110154,34.089964,0.930392,34.089964,0.930392,6057,1
6058,0.00110007,34.089544,0.930389,34.089964,0.930392,6057,0
6059,0.00110112,34.089366,0.930393,34.089964,0.930393,6057,0
6060,0.00110261,34.090218,0.930398,34.090218,0.930398,6060,1
6061,0.00110161,34.090248,0.930401,34.090248,0.930401,6061,1
6062,0.00110145,34.090604,0.930401,34.090604,0.930401,6062,1
6063,0.00110218,34.090281,0.930402,34.090604,0.930402,6062,0
6064,0.00109966,34.090728,0.930405,34.090728,0.930405,6064,1
6065,0.00110148,34.090966,0.930405,34.090966,0.930405,6065,1
6066,0.00110189,34.091259,0.930407,34.091259,0.930407,6066,1
6067,0.0011008,34.091502,0.930411,34.091502,0.930411,6067,1
6068,0.00110068,34.091215,0.930413,34.091502,0.930413,6067,0
6069,0.00110133,34.091524,0.930416,34.091524,0.930416,6069,1
6070,0.00110082,34.091044,0.930417,34.091524,0.930417,6069,0
6071,0.00109968,34.091977,0.930419,34.091977,0.930419,6071,1
6072,0.00110049,34.092086,0.930424,34.092086,0.930424,6072,1
6073,0.00110058,34.0925,0.930425,34.0925,0.930425,6073,1
6074,0.00110013,34.092311,0.930428,34.0925,0.930428,6073,0
6075,0.00110101,34.092457,0.930429,34.0925,0.930429,6073,0
6076,0.00110089,34.092689,0.93043,34.092689,0.93043,6076,1
6077,0.00109999,34.092834,0.930433,34.092834,0.930433,6077,1
6078,0.00110027,34.093166,0.930434,34.093166,0.930434,6078,1
6079,0.00110049,34.093639,0.930436,34.093639,0.930436,6079,1
6080,0.00109974,34.094203,0.930438,34.094203,0.930438,6080,1
6081,0.00109959,34.094334,0.930442,34.094334,0.930442,6081,1
6082,0.00110022,34.094361,0.930445,34.094361,0.930445,6082,1
6083,0.0011006,34.093525,0.930441,34.094361,0.930445,6082,0
6084,0.0011012,34.09437,0.930445,34.09437,0.930445,6084,1
6085,0.00110167,34.095098,0.930449,34.095098,0.930449,6085,1
6086,0.00110024,34.095352,0.93045,34.095352,0.93045,6086,1
6087,0.00110004,34.094882,0.93045,34.095352,0.93045,6086,0
6088,0.00109998,34.095095,0.930453,34.095352,0.930453,6086,0
6089,0.00109923,34.095214,0.930456,34.095352,0.930456,6086,0
6090,0.00109907,34.095544,0.930459,34.095544,0.930459,6090,1
6091,0.00110009,34.096056,0.93046,34.096056,0.93046,6091,1
6092,0.00110074,34.096037,0.930462,34.096056,0.930462,6091,0
6093,0.00110135,34.096372,0.930464,34.096372,0.930464,6093,1
6094,0.00110002,34.09693,0.930467,34.09693,0.930467,6094,1
6095,0.0010992,34.096404,0.930468,34.09693,0.930468,6094,0
6096,0.00109806,34.096597,0.930469,34.09693,0.930469,6094,0
6097,0.00110086,34.096707,0.930472,34.09693,0.930472,6094,0
6098,0.00110007,34.096528,0.930473,34.09693,0.930473,6094,0
6099,0.00110086,34.096892,0.930477,34.09693,0.930477,6094,0
6100,0.00109859,34.09719,0.930479,34.09719,0.930479,6100,1
6101,0.00109955,34.096778,0.930482,34.09719,0.930482,6100,0
6102,0.00109941,34.097475,0.930483,34.097475,0.930483,6102,1
6103,0.00110014,34.097106,0.930483,34.097475,0.930483,6102,0
6104,0.0010995,34.098087,0.93049,34.098087,0.93049,6104,1
6105,0.00109898,34.097737,0.930486,34.098087,0.93049,6104,0
6106,0.00109965,34.098324,0.93049,34.098324,0.93049,6104,0
6107,0.00110018,34.09838,0.93049,34.09838,0.93049,6107,1
6108,0.00109937,34.097663,0.930491,34.09838,0.930491,6107,0
6109,0.00109889,34.098678,0.930495,34.098678,0.930495,6109,1
6110,0.00110011,34.09868,0.930497,34.09868,0.930497,6110,1
6111,0.00110059,34.098985,0.9305,34.098985,0.9305,6111,1
6112,0.00109893,34.099285,0.930502,34.099285,0.930502,6112,1
6113,0.00110028,34.099807,0.930504,34.099807,0.930504,6113,1
6114,0.00109799,34.099499,0.930504,34.099807,0.930504,6113,0
6115,0.00109772,34.099403,0.930508,34.099807,0.930508,6113,0
6116,0.00109969,34.100194,0.930513,34.100194,0.930513,6116,1
6117,0.00109883,34.099158,0.930509,34.100194,0.930513,6116,0
6118,0.0010989,34.099964,0.930517,34.100194,0.930517,6116,0
6119,0.00109796,34.099463,0.930516,34.100194,0.930517,6116,0
6120,0.00109844,34.100051,0.930519,34.100194,0.930519,6116,0
6121,0.00109917,34.100533,0.930523,34.100533,0.930523,6121,1
6122,0.00109834,34.10037,0.930523,34.100533,0.930523,6121,0
6123,0.00109872,34.100775,0.930526,34.100775,0.930526,6123,1
6124,0.00109785,34.100792,0.930527,34.100792,0.930527,6124,1
6125,0.00109992,34.101024,0.930529,34.101024,0.930529,6125,1
6126,0.00109783,34.100995,0.93053,34.101024,0.93053,6125,0
6127,0.00109864,34.101313,0.930531,34.101313,0.930531,6127,1
6128,0.00109864,34.101119,0.930534,34.101313,0.930534,6127,0
6129,0.00109855,34.10105,0.930533,34.101313,0.930534,6127,0
6130,0.00109858,34.101819,0.930535,34.101819,0.930535,6130,1
6131,0.00109922,34.101533,0.930537,34.101819,0.930537,6130,0
6132,0.00109875,34.102143,0.930542,34.102143,0.930542,6132,1
6133,0.00109799,34.101945,0.930541,34.102143,0.930542,6132,0
6134,0.00109909,34.101943,0.930542,34.102143,0.930542,6132,0
6135,0.00109835,34.102573,0.930548,34.102573,0.930548,6135,1
6136,0.00109896,34.102558,0.930547,34.102573,0.930548,6135,0
6137,0.00110022,34.102683,0.93055,34.102683,0.93055,6137,1
6138,0.00109819,34.101609,0.93054,34.102683,0.93055,6137,0
6139,0.00110023,34.102288,0.930545,34.102683,0.93055,6137,0
6140,0.00109773,34.102431,0.930546,34.102683,0.93055,6137,0
6141,0.00109807,34.102759,0.930551,34.102759,0.930551,6141,1
6142,0.00109748,34.102561,0.930552,34.102759,0.930552,6141,0
6143,0.00109829,34.103156,0.930554,34.103156,0.930554,6143,1
6144,0.00109687,34.103033,0.930555,34.103156,0.930555,6143,0
6145,0.00109805,34.103291,0.930558,34.103291,0.930558,6145,1
6146,0.00109797,34.104014,0.930562,34.104014,0.930562,6146,1
6147,0.00109807,34.10399,0.930565,34.104014,0.930565,6146,0
6148,0.00109811,34.10382,0.930565,34.104014,0.930565,6146,0
6149,0.00109774,34.103953,0.930567,34.104014,0.930567,6146,0
6150,0.00109959,34.104037,0.930567,34.104037,0.930567,6146,0
6151,0.00109938,34.104625,0.93057,34.104625,0.93057,6151,1
6152,0.00109842,34.103956,0.930571,34.104625,0.930571,6151,0
6153,0.00109703,34.104197,0.930571,34.104625,0.930571,6151,0
6154,0.00109911,34.104771,0.930573,34.104771,0.930573,6154,1
6155,0.00109814,34.105311,0.930579,34.105311,0.930579,6155,1
6156,0.00109871,34.104941,0.930578,34.105311,0.930579,6155,0
6157,0.00109775,34.105267,0.930579,34.105311,0.930579,6155,0
6158,0.00109939,34.104595,0.93058,34.105311,0.93058,6155,0
6159,0.00109914,34.105622,0.930585,34.105622,0.930585,6159,1
6160,0.00109534,34.105664,0.930587,34.105664,0.930587,6160,1
6161,0.00109728,34.106007,0.930589,34.106007,0.930589,6161,1
6162,0.00109733,34.106283,0.930594,34.106283,0.930594,6162,1
6163,0.00109758,34.10617,0.930594,34.106283,0.930594,6162,0
6164,0.00109687,34.106055,0.930596,34.106283,0.930596,6162,0
6165,0.00109783,34.105552,0.930597,34.106283,0.930597,6162,0
6166,0.00109684,34.106609,0.9306,34.106609,0.9306,6166,1
6167,0.00109611,34.10645,0.930601,34.106609,0.930601,6166,0
6168,0.00109678,34.106767,0.930603,34.106767,0.930603,6168,1
6169,0.00109716,34.10712,0.930605,34.10712,0.930605,6169,1
6170,0.00109772,34.107267,0.93061,34.107267,0.93061,6170,1
6171,0.00109542,34.106884,0.930609,34.107267,0.93061,6170,0
6172,0.0010983,34.107227,0.930613,34.107267,0.930613,6170,0
6173,0.00109661,34.107898,0.930615,34.107898,0.930615,6173,1
6174,0.00109808,34.107911,0.930617,34.107911,0.930617,6174,1
6175,0.00109601,34.107907,0.930619,34.107911,0.930619,6174,0
6176,0.00109646,34.108215,0.930621,34.108215,0.930621,6176,1
6177,0.00109653,34.108139,0.930621,34.108215,0.930621,6176,0
6178,0.00109665,34.109405,0.930626,34.109405,0.930626,6178,1
6179,0.00109804,34.108983,0.930627,34.109405,0.930627,6178,0
6180,0.00109662,34.109242,0.930631,34.109405,0.930631,6178,0
6181,0.00109626,34.109514,0.930632,34.109514,0.930632,6181,1
6182,0.00109788,34.109475,0.930633,34.109514,0.930633,6181,0
6183,0.00109739,34.108759,0.930631,34.109514,0.930633,6181,0
6184,0.00109538,34.11022,0.930641,34.11022,0.930641,6184,1
6185,0.00109647,34.110297,0.930641,34.110297,0.930641,6185,1
6186,0.00109616,34.109705,0.930643,34.110297,0.930643,6185,0
6187,0.00109619,34.110112,0.930643,34.110297,0.930643,6185,0
6188,0.00109597,34.110388,0.930645,34.110388,0.930645,6188,1
6189,0.00109642,34.110207,0.930646,34.110388,0.930646,6188,0
6190,0.00109826,34.110754,0.930649,34.110754,0.930649,6190,1
6191,0.00109572,34.110405,0.930651,34.110754,0.930651,6190,0
6192,0.00109699,34.111558,0.930653,34.111558,0.930653,6192,1
6193,0.00109605,34.111989,0.930657,34.111989,0.930657,6193,1
6194,0.00109609,34.111575,0.930658,34.111989,0.930658,6193,0
6195,0.0010954,34.111883,0.930659,34.111989,0.930659,6193,0
6196,0.00109579,34.112182,0.93066,34.112182,0.93066,6196,1
6197,0.00109752,34.111384,0.930658,34.112182,0.93066,6196,0
6198,0.00109546,34.111804,0.930659,34.112182,0.93066,6196,0
6199,0.00109612,34.11228,0.930661,34.11228,0.930661,6199,1
6200,0.0010961,34.112595,0.930665,34.112595,0.930665,6200,1
6201,0.00109486,34.112621,0.930668,34.112621,0.930668,6201,1
6202,0.00109668,34.11281,0.930668,34.11281,0.930668,6201,0
6203,0.0010964,34.113421,0.930671,34.113421,0.930671,6203,1
6204,0.00109712,34.113129,0.930675,34.113421,0.930675,6203,0
6205,0.00109686,34.112884,0.930675,34.113421,0.930675,6203,0
6206,0.00109609,34.114017,0.93068,34.114017,0.93068,6206,1
6207,0.00109497,34.113428,0.930682,34.114017,0.930682,6206,0
6208,0.00109535,34.113839,0.930685,34.114017,0.930685,6206,0
6209,0.0010952,34.113698,0.930686,34.114017,0.930686,6206,0
6210,0.00109628,34.114339,0.93069,34.114339,0.93069,6210,1
6211,0.00109586,34.114279,0.930693,34.114339,0.930693,6210,0
6212,0.00109545,34.113684,0.930689,34.114339,0.930693,6210,0
6213,0.00109585,34.114501,0.930695,34.114501,0.930695,6213,1
6214,0.00109511,34.114677,0.930697,34.114677,0.930697,6214,1
6215,0.00109559,34.115062,0.930699,34.115062,0.930699,6215,1
6216,0.00109371,34.114623,0.930699,34.115062,0.930699,6215,0
6217,0.00109598,34.114585,0.9307,34.115062,0.9307,6215,0
6218,0.0010956,34.115529,0.930705,34.115529,0.930705,6218,1
6219,0.00109586,34.115138,0.930707,34.115529,0.930707,6218,0
6220,0.0010952,34.115129,0.930708,34.115529,0.930708,6218,0
6221,0.00109504,34.115884,0.930712,34.115884,0.930712,6221,1
6222,0.00109588,34.116262,0.930714,34.116262,0.930714,6222,1
6223,0.00109336,34.116343,0.930717,34.116343,0.930717,6223,1
6224,0.00109437,34.116142,0.930716,34.116343,0.930717,6223,0
6225,0.00109361,34.116227,0.930718,34.116343,0.930718,6223,0
6226,0.00109339,34.11672,0.930721,34.11672,0.930721,6226,1
6227,0.00109566,34.116923,0.930725,34.116923,0.930725,6227,1
6228,0.0010931,34.117282,0.930727,34.117282,0.930727,6228,1
6229,0.00109555,34.116809,0.930726,34.117282,0.930727,6228,0
6230,0.00109503,34.116888,0.930725,34.117282,0.930727,6228,0
6231,0.00109558,34.117666,0.930731,34.117666,0.930731,6231,1
6232,0.00109557,34.118055,0.930731,34.118055,0.930731,6232,1
6233,0.0010953,34.11744,0.930731,34.118055,0.930731,6232,0
6234,0.00109484,34.118076,0.930735,34.118076,0.930735,6234,1
6235,0.0010935,34.118361,0.930737,34.118361,0.930737,6235,1
6236,0.00109628,34.118482,0.930739,34.118482,0.930739,6236,1
6237,0.00109477,34.118526,0.93074,34.118526,0.93074,6237,1
6238,0.00109381,34.118908,0.930743,34.118908,0.930743,6238,1
6239,0.0010938,34.118346,0.930739,34.118908,0.930743,6238,0
6240,0.00109335,34.118774,0.930744,34.118908,0.930744,6238,0
6241,0.00109516,34.118548,0.930744,34.118908,0.930744,6238,0
6242,0.00109246,34.118334,0.930747,34.118908,0.930747,6238,0
6243,0.00109579,34.118669,0.930748,34.118908,0.930748,6238,0
6244,0.00109446,34.11938,0.930752,34.11938,0.930752,6244,1
6245,0.00109422,34.119473,0.930755,34.119473,0.930755,6245,1
6246,0.00109421,34.119338,0.930754,34.119473,0.930755,6245,0
6247,0.00109247,34.119128,0.930753,34.119473,0.930755,6245,0
6248,0.00109382,34.119948,0.930758,34.119948,0.930758,6248,1
6249,0.00109399,34.119771,0.93076,34.119948,0.93076,6248,0
6250,0.00109318,34.11965,0.930758,34.119948,0.93076,6248,0
6251,0.00109433,34.119936,0.93076,34.119948,0.93076,6248,0
6252,0.00109448,34.120384,0.930763,34.120384,0.930763,6252,1
6253,0.00109465,34.12045,0.930767,34.12045,0.930767,6253,1
6254,0.00109409,34.121103,0.930761,34.121103,0.930767,6253,0
6255,0.00109302,34.121241,0.930765,34.121241,0.930767,6253,0
6256,0.00109403,34.121051,0.930764,34.121241,0.930767,6253,0
6257,0.00109436,34.1213,0.930764,34.1213,0.930767,6253,0
6258,0.00109417,34.121991,0.93077,34.121991,0.93077,6258,1
6259,0.00109469,34.121207,0.930767,34.121991,0.93077,6258,0
6260,0.00109367,34.121893,0.930774,34.121991,0.930774,6258,0
6261,0.00109289,34.122014,0.930771,34.122014,0.930774,6258,0
6262,0.00109276,34.122547,0.930777,34.122547,0.930777,6262,1
6263,0.00109351,34.122001,0.930777,34.122547,0.930777,6262,0
6264,0.0010933,34.122593,0.930782,34.122593,0.930782,6264,1
6265,0.00109352,34.122403,0.930781,34.122593,0.930782,6264,0
6266,0.00109359,34.122886,0.930783,34.122886,0.930783,6266,1
6267,0.00109219,34.122875,0.930786,34.122886,0.930786,6266,0
6268,0.00109384,34.123227,0.930789,34.123227,0.930789,6268,1
6269,0.00109265,34.122724,0.93079,34.123227,0.93079,6268,0
6270,0.0010936,34.123316,0.930791,34.123316,0.930791,6270,1
6271,0.0010941,34.123929,0.930792,34.123929,0.930792,6271,1
6272,0.00109385,34.123698,0.930794,34.123929,0.930794,6271,0
6273,0.00109292,34.124038,0.930798,34.124038,0.930798,6273,1
6274,0.00109203,34.124219,0.930801,34.124219,0.930801,6274,1
6275,0.00109205,34.123883,0.930798,34.124219,0.930801,6274,0
6276,0.00109414,34.124797,0.930804,34.124797,0.930804,6276,1
6277,0.00109181,34.125331,0.930807,34.125331,0.930807,6277,1
6278,0.00109381,34.125256,0.930804,34.125331,0.930807,6277,0
6279,0.00109049,34.125362,0.930807,34.125362,0.930807,6277,0
6280,0.00109262,34.125533,0.930807,34.125533,0.930807,6277,0
6281,0.00109432,34.125525,0.93081,34.125533,0.93081,6277,0
6282,0.00109401,34.125093,0.930814,34.125533,0.930814,6277,0
6283,0.00109475,34.125249,0.930813,34.125533,0.930814,6277,0
6284,0.0010928,34.125752,0.930815,34.125752,0.930815,6284,1
6285,0.00109379,34.12601,0.930817,34.12601,0.930817,6285,1
6286,0.00109235,34.125975,0.930819,34.12601,0.930819,6285,0
6287,0.00109366,34.126918,0.930824,34.126918,0.930824,6287,1
6288,0.00109358,34.126806,0.930826,34.126918,0.930826,6287,0
6289,0.00109236,34.126962,0.930828,34.126962,0.930828,6289,1
6290,0.0010918,34.127007,0.930834,34.127007,0.930834,6290,1
6291,0.00109141,34.12689,0.93083,34.127007,0.930834,6290,0
6292,0.00109366,34.12688,0.930831,34.127007,0.930834,6290,0
6293,0.00109448,34.127334,0.930834,34.127334,0.930834,6293,1
6294,0.00109189,34.127332,0.930834,34.127334,0.930834,6293,0
6295,0.00109054,34.128108,0.930839,34.128108,0.930839,6295,1
6296,0.00109212,34.127649,0.93084,34.128108,0.93084,6295,0
6297,0.00109317,34.127925,0.930843,34.128108,0.930843,6295,0
6298,0.00109221,34.128078,0.930844,34.128108,0.930844,6295,0
6299,0.00109285,34.128493,0.930845,34.128493,0.930845,6299,1
6300,0.00109305,34.12853,0.930849,34.12853,0.930849,6300,1
6301,0.00109268,34.128902,0.930852,34.128902,0.930852,6301,1
6302,0.00109215,34.128751,0.930852,34.128902,0.930852,6301,0
6303,0.00109146,34.129196,0.930855,34.129196,0.930855,6303,1
6304,0.00109148,34.1293,0.930855,34.1293,0.930855,6303,0
6305,0.00109177,34.129291,0.930857,34.1293,0.930857,6303,0
6306,0.00109184,34.129559,0.930861,34.129559,0.930861,6306,1
6307,0.00109132,34.129658,0.93086,34.129658,0.930861,6306,0
6308,0.0010921,34.129693,0.930865,34.129693,0.930865,6308,1
6309,0.00109073,34.130193,0.930864,34.130193,0.930865,6308,0
6310,0.00109309,34.13023,0.930865,34.13023,0.930865,6310,1
6311,0.00109238,34.131101,0.930893,34.131101,0.930893,6311,1
6312,0.00109244,34.131422,0.930893,34.131422,0.930893,6312,1
6313,0.00109101,34.131612,0.930894,34.131612,0.930894,6313,1
6314,0.00109065,34.131953,0.930897,34.131953,0.930897,6314,1
6315,0.00109204,34.132022,0.930899,34.132022,0.930899,6315,1
6316,0.00109086,34.132203,0.930901,34.132203,0.930901,6316,1
6317,0.0010918,34.132513,0.930904,34.132513,0.930904,6317,1
6318,0.00109196,34.132369,0.930906,34.132513,0.930906,6317,0
6319,0.00109145,34.132651,0.930907,34.132651,0.930907,6319,1
6320,0.00109092,34.132816,0.930908,34.132816,0.930908,6320,1
6321,0.00109312,34.13367,0.930911,34.13367,0.930911,6321,1
6322,0.00109166,34.133407,0.930912,34.13367,0.930912,6321,0
6323,0.0010918,34.134006,0.930915,34.134006,0.930915,6323,1
6324,0.00109132,34.133557,0.930913,34.134006,0.930915,6323,0
6325,0.00109082,34.134669,0.930922,34.134669,0.930922,6325,1
6326,0.00109092,34.134367,0.93092,34.134669,0.930922,6325,0
6327,0.00109081,34.134469,0.930921,34.134669,0.930922,6325,0
6328,0.00109128,34.133909,0.930921,34.134669,0.930922,6325,0
6329,0.00109136,34.134213,0.930921,34.134669,0.930922,6325,0
6330,0.00109055,34.135063,0.930928,34.135063,0.930928,6330,1
6331,0.00109139,34.134898,0.930929,34.135063,0.930929,6330,0
6332,0.00109107,34.135616,0.930933,34.135616,0.930933,6332,1
6333,0.00109135,34.135244,0.930934,34.135616,0.930934,6332,0
6334,0.00109008,34.135652,0.930938,34.135652,0.930938,6334,1
6335,0.00108999,34.136136,0.930941,34.136136,0.930941,6335,1
6336,0.00108948,34.136632,0.930944,34.136632,0.930944,6336,1
6337,0.00109154,34.135941,0.930941,34.136632,0.930944,6336,0
6338,0.00109196,34.136289,0.930945,34.136632,0.930945,6336,0
6339,0.00109172,34.13625,0.930943,34.136632,0.930945,6336,0
6340,0.0010909,34.136319,0.930947,34.136632,0.930947,6336,0
6341,0.00108992,34.137301,0.930953,34.137301,0.930953,6341,1
6342,0.00109044,34.13651,0.930947,34.137301,0.930953,6341,0
6343,0.00108944,34.136913,0.930953,34.137301,0.930953,6341,0
6344,0.00109088,34.137116,0.930953,34.137301,0.930953,6341,0
6345,0.00109111,34.137078,0.930954,34.137301,0.930954,6341,0
6346,0.00108874,34.137753,0.930958,34.137753,0.930958,6346,1
6347,0.00108967,34.137337,0.930958,34.137753,0.930958,6346,0
6348,0.00109047,34.137469,0.930958,34.137753,0.930958,6346,0
6349,0.00108941,34.137555,0.930959,34.137753,0.930959,6346,0
6350,0.00109152,34.13771,0.930963,34.137753,0.930963,6346,0
6351,0.00109008,34.138072,0.930965,34.138072,0.930965,6351,1
6352,0.00109006,34.138144,0.930965,34.138144,0.930965,6352,1
6353,0.0010899,34.138482,0.93097,34.138482,0.93097,6353,1
6354,0.00109094,34.138287,0.930972,34.138482,0.930972,6353,0
6355,0.0010903,34.138543,0.930974,34.138543,0.930974,6355,1
6356,0.0010904,34.138673,0.930977,34.138673,0.930977,6356,1
6357,0.00109016,34.138736,0.930979,34.138736,0.930979,6357,1
6358,0.00108989,34.138575,0.930978,34.138736,0.930979,6357,0
6359,0.00108966,34.138705,0.93098,34.138736,0.93098,6357,0
6360,0.00109205,34.138833,0.930984,34.138833,0.930984,6360,1
6361,0.00109134,34.139248,0.930985,34.139248,0.930985,6361,1
6362,0.00108928,34.139153,0.930988,34.139248,0.930988,6361,0
6363,0.00108977,34.13962,0.930989,34.13962,0.930989,6363,1
6364,0.00109053,34.139644,0.93099,34.139644,0.93099,6364,1
6365,0.00109088,34.139987,0.930995,34.139987,0.930995,6365,1
6366,0.00108878,34.139121,0.930987,34.139987,0.930995,6365,0
6367,0.00108843,34.139692,0.930991,34.139987,0.930995,6365,0
6368,0.00108976,34.139609,0.930992,34.139987,0.930995,6365,0
6369,0.00109065,34.139478,0.930994,34.139987,0.930995,6365,0
6370,0.00109042,34.139798,0.930995,34.139987,0.930995,6365,0
6371,0.00109007,34.140229,0.930997,34.140229,0.930997,6371,1
6372,0.00108982,34.140213,0.930999,34.140229,0.930999,6371,0
6373,0.0010899,34.141019,0.931002,34.141019,0.931002,6373,1
6374,0.0010884,34.1405,0.931002,34.141019,0.931002,6373,0
6375,0.00108857,34.140699,0.931005,34.141019,0.931005,6373,0
6376,0.00108961,34.14047,0.931007,34.141019,0.931007,6373,0
6377,0.00108904,34.140693,0.93101,34.141019,0.93101,6373,0
6378,0.00108963,34.141532,0.931012,34.141532,0.931012,6378,1
6379,0.0010905,34.141321,0.931013,34.141532,0.931013,6378,0
6380,0.00109018,34.141622,0.931016,34.141622,0.931016,6380,1
6381,0.00108924,34.141744,0.931017,34.141744,0.931017,6381,1
6382,0.00108943,34.1413,0.93102,34.141744,0.93102,6381,0
6383,0.00108841,34.142031,0.931024,34.142031,0.931024,6383,1
6384,0.00108978,34.142209,0.931023,34.142209,0.931024,6383,0
6385,0.00108821,34.142235,0.931027,34.142235,0.931027,6385,1
6386,0.00108854,34.142664,0.931029,34.142664,0.931029,6386,1
6387,0.00108671,34.14253,0.93103,34.142664,0.93103,6386,0
6388,0.00108883,34.143051,0.931033,34.143051,0.931033,6388,1
6389,0.00108793,34.142836,0.931033,34.143051,0.931033,6388,0
6390,0.00108952,34.142947,0.931035,34.143051,0.931035,6388,0
6391,0.00108932,34.142944,0.931034,34.143051,0.931035,6388,0
6392,0.00108903,34.142976,0.931038,34.143051,0.931038,6388,0
6393,0.00108919,34.143611,0.931039,34.143611,0.931039,6393,1
6394,0.00108871,34.14419,0.931043,34.14419,0.931043,6394,1
6395,0.00108768,34.143932,0.931046,34.14419,0.931046,6394,0
6396,0.00108774,34.144329,0.931049,34.144329,0.931049,6396,1
6397,0.00108845,34.144469,0.931049,34.144469,0.931049,6397,1
6398,0.0010882,34.144304,0.931049,34.144469,0.931049,6397,0
6399,0.00108912,34.145086,0.931056,34.145086,0.931056,6399,1
6400,0.00108782,34.145474,0.931056,34.145474,0.931056,6400,1
6401,0.00108861,34.145709,0.93106,34.145709,0.93106,6401,1
6402,0.00108661,34.145748,0.931062,34.145748,0.931062,6402,1
6403,0.00108884,34.145866,0.931063,34.145866,0.931063,6403,1
6404,0.00108963,34.145805,0.931061,34.145866,0.931063,6403,0
6405,0.0010871,34.145764,0.931065,34.145866,0.931065,6403,0
6406,0.00108731,34.146057,0.931069,34.146057,0.931069,6406,1
6407,0.00108871,34.146168,0.93107,34.146168,0.93107,6407,1
6408,0.00108792,34.144846,0.931069,34.146168,0.93107,6407,0
6409,0.00108711,34.146297,0.931072,34.146297,0.931072,6409,1
6410,0.00108843,34.146132,0.931075,34.146297,0.931075,6409,0
6411,0.00108687,34.146735,0.931078,34.146735,0.931078,6411,1
6412,0.00108843,34.146252,0.931079,34.146735,0.931079,6411,0
6413,0.00108829,34.146955,0.93108,34.146955,0.93108,6413,1
6414,0.00108845,34.146978,0.931083,34.146978,0.931083,6414,1
6415,0.00108722,34.146996,0.931085,34.146996,0.931085,6415,1
6416,0.00108752,34.147762,0.931089,34.147762,0.931089,6416,1
6417,0.00108607,34.147246,0.931087,34.147762,0.931089,6416,0
6418,0.00108884,34.146976,0.93109,34.147762,0.93109,6416,0
6419,0.00108846,34.14764,0.931094,34.147762,0.931094,6416,0
6420,0.00108725,34.147521,0.931093,34.147762,0.931094,6416,0
6421,0.00108728,34.147746,0.931095,34.147762,0.931095,6416,0
6422,0.00108818,34.148042,0.931093,34.148042,0.931095,6416,0
6423,0.00108731,34.148157,0.931096,34.148157,0.931096,6423,1
6424,0.00108724,34.148306,0.931099,34.148306,0.931099,6424,1
6425,0.00108765,34.148144,0.931103,34.148306,0.931103,6424,0
6426,0.00108753,34.147987,0.931103,34.148306,0.931103,6424,0
6427,0.00108742,34.148877,0.931108,34.148877,0.931108,6427,1
6428,0.00108726,34.149056,0.931111,34.149056,0.931111,6428,1
6429,0.00108747,34.149256,0.93111,34.149256,0.931111,6428,0
6430,0.00108679,34.148631,0.931113,34.149256,0.931113,6428,0
6431,0.00108754,34.148831,0.931114,34.149256,0.931114,6428,0
6432,0.0010877,34.149148,0.931116,34.149256,0.931116,6428,0
6433,0.00108739,34.149143,0.931117,34.149256,0.931117,6428,0
6434,0.00108682,34.149114,0.931119,34.149256,0.931119,6428,0
6435,0.00108677,34.150093,0.931126,34.150093,0.931126,6435,1
6436,0.00108676,34.149435,0.931121,34.150093,0.931126,6435,0
6437,0.00108751,34.149805,0.931122,34.150093,0.931126,6435,0
6438,0.00108659,34.150279,0.931129,34.150279,0.931129,6438,1
6439,0.0010878,34.150375,0.931128,34.150375,0.931129,6438,0
6440,0.00108723,34.150239,0.93113,34.150375,0.93113,6438,0
6441,0.00108808,34.150165,0.93113,34.150375,0.93113,6438,0
6442,0.00108758,34.150941,0.931136,34.150941,0.931136,6442,1
6443,0.00108805,34.150906,0.931136,34.150941,0.931136,6442,0
6444,0.00108734,34.15059,0.931137,34.150941,0.931137,6442,0
6445,0.00108678,34.151143,0.93114,34.151143,0.93114,6445,1
6446,0.00108576,34.151592,0.931144,34.151592,0.931144,6446,1
6447,0.00108758,34.151329,0.931144,34.151592,0.931144,6446,0
6448,0.00108556,34.151957,0.931146,34.151957,0.931146,6448,1
6449,0.00108562,34.152172,0.931148,34.152172,0.931148,6449,1
6450,0.00108612,34.152406,0.931149,34.152406,0.931149,6450,1
6451,0.00108469,34.151846,0.93115,34.152406,0.93115,6450,0
6452,0.00108611,34.152734,0.931155,34.152734,0.931155,6452,1
6453,0.00108543,34.152426,0.931157,34.152734,0.931157,6452,0
6454,0.0010861,34.153044,0.93116,34.153044,0.93116,6454,1
6455,0.00108531,34.152647,0.931159,34.153044,0.93116,6454,0
6456,0.00108628,34.152571,0.93116,34.153044,0.93116,6454,0
6457,0.00108745,34.153538,0.931164,34.153538,0.931164,6457,1
6458,0.00108587,34.152667,0.931163,34.153538,0.931164,6457,0
6459,0.00108671,34.152618,0.931166,34.153538,0.931166,6457,0
6460,0.00108676,34.152902,0.931169,34.153538,0.931169,6457,0
6461,0.00108676,34.153745,0.931173,34.153745,0.931173,6461,1
6462,0.00108659,34.153295,0.931172,34.153745,0.931173,6461,0
6463,0.00108516,34.153561,0.931172,34.153745,0.931173,6461,0
6464,0.00108543,34.153893,0.931173,34.153893,0.931173,6464,1
6465,0.00108592,34.154603,0.931178,34.154603,0.931178,6465,1
6466,0.00108488,34.154364,0.931177,34.154603,0.931178,6465,0
6467,0.00108513,34.154874,0.931181,34.154874,0.931181,6467,1
6468,0.00108567,34.154878,0.931182,34.154878,0.931182,6468,1
6469,0.0010859,34.15471,0.931183,34.154878,0.931183,6468,0
6470,0.00108419,34.154672,0.931184,34.154878,0.931184,6468,0
6471,0.00108549,34.154974,0.931185,34.154974,0.931185,6471,1
6472,0.00108582,34.155353,0.931187,34.155353,0.931187,6472,1
6473,0.00108624,34.154386,0.931187,34.155353,0.931187,6472,0
6474,0.00108609,34.155498,0.931193,34.155498,0.931193,6474,1
6475,0.00108567,34.155313,0.931195,34.155498,0.931195,6474,0
6476,0.00108625,34.155802,0.931197,34.155802,0.931197,6476,1
6477,0.00108638,34.155847,0.931199,34.155847,0.931199,6477,1
6478,0.00108413,34.155652,0.931197,34.155847,0.931199,6477,0
6479,0.00108457,34.155705,0.931198,34.155847,0.931199,6477,0
6480,0.00108458,34.155827,0.931201,34.155847,0.931201,6477,0
6481,0.0010844,34.156183,0.931199,34.156183,0.931201,6477,0
6482,0.00108509,34.156171,0.9312,34.156183,0.931201,6477,0
6483,0.00108466,34.156573,0.931203,34.156573,0.931203,6483,1
6484,0.00108473,34.156664,0.931206,34.156664,0.931206,6484,1
6485,0.00108533,34.156745,0.931205,34.156745,0.931206,6484,0
6486,0.00108551,34.156996,0.931207,34.156996,0.931207,6486,1
6487,0.00108478,34.15697,0.931211,34.156996,0.931211,6486,0
6488,0.00108674,34.157174,0.931213,34.157174,0.931213,6488,1
6489,0.00108481,34.156488,0.931213,34.157174,0.931213,6488,0
6490,0.00108489,34.157421,0.931216,34.157421,0.931216,6490,1
6491,0.00108334,34.158105,0.93122,34.158105,0.93122,6491,1
6492,0.00108633,34.158183,0.931222,34.158183,0.931222,6492,1
6493,0.00108595,34.158392,0.931224,34.158392,0.931224,6493,1
6494,0.00108394,34.158166,0.931224,34.158392,0.931224,6493,0
6495,0.00108494,34.158409,0.931224,34.158409,0.931224,6493,0
6496,0.00108577,34.159008,0.931228,34.159008,0.931228,6496,1
6497,0.00108492,34.158466,0.93123,34.159008,0.93123,6496,0
6498,0.0010836,34.158763,0.931232,34.159008,0.931232,6496,0
6499,0.00108543,34.15849,0.93123,34.159008,0.931232,6496,0
6500,0.00108478,34.159082,0.931233,34.159082,0.931233,6500,1
6501,0.00108471,34.158861,0.931234,34.159082,0.931234,6500,0
6502,0.00108464,34.158864,0.931238,34.159082,0.931238,6500,0
6503,0.00108481,34.159182,0.931242,34.159182,0.931242,6503,1
6504,0.00108361,34.159319,0.931241,34.159319,0.931242,6503,0
6505,0.00108269,34.158956,0.931242,34.159319,0.931242,6503,0
6506,0.0010863,34.159954,0.931246,34.159954,0.931246,6506,1
6507,0.00108426,34.159723,0.931246,34.159954,0.931246,6506,0
6508,0.00108603,34.15987,0.931249,34.159954,0.931249,6506,0
6509,0.0010848,34.159934,0.93125,34.159954,0.93125,6506,0
6510,0.00108485,34.159986,0.931252,34.159986,0.931252,6510,1
6511,0.00108508,34.160683,0.931256,34.160683,0.931256,6511,1
6512,0.00108504,34.160996,0.931256,34.160996,0.931256,6511,0
6513,0.00108435,34.160972,0.93126,34.160996,0.93126,6511,0
6514,0.00108508,34.161149,0.931261,34.161149,0.931261,6514,1
6515,0.00108289,34.160986,0.931265,34.161149,0.931265,6514,0
6516,0.00108512,34.160867,0.931263,34.161149,0.931265,6514,0
6517,0.00108499,34.161346,0.931267,34.161346,0.931267,6517,1
6518,0.00108417,34.161278,0.931268,34.161346,0.931268,6517,0
6519,0.00108458,34.161602,0.931272,34.161602,0.931272,6519,1
6520,0.00108487,34.16213,0.931274,34.16213,0.931274,6520,1
6521,0.00108412,34.161766,0.931274,34.16213,0.931274,6520,0
6522,0.00108311,34.162303,0.931278,34.162303,0.931278,6522,1
6523,0.00108428,34.162368,0.931279,34.162368,0.931279,6523,1
6524,0.00108416,34.162261,0.931281,34.162368,0.931281,6523,0
6525,0.00108311,34.162414,0.931282,34.162414,0.931282,6525,1
6526,0.00108214,34.162669,0.931284,34.162669,0.931284,6526,1
6527,0.00108343,34.163071,0.931287,34.163071,0.931287,6527,1
6528,0.00108418,34.162989,0.931288,34.163071,0.931288,6527,0
6529,0.00108409,34.163198,0.93129,34.163198,0.93129,6529,1
6530,0.00108431,34.163647,0.931293,34.163647,0.931293,6530,1
6531,0.00108433,34.163377,0.931295,34.163647,0.931295,6530,0
6532,0.00108333,34.163665,0.931295,34.163665,0.931295,6530,0
6533,0.00108443,34.164511,0.9313,34.164511,0.9313,6533,1
6534,0.00108258,34.163514,0.931298,34.164511,0.9313,6533,0
6535,0.0010842,34.164037,0.931298,34.164511,0.9313,6533,0
6536,0.00108244,34.164084,0.931303,34.164511,0.931303,6533,0
6537,0.00108388,34.164268,0.931305,34.164511,0.931305,6533,0
6538,0.00108196,34.164796,0.931307,34.164796,0.931307,6538,1
6539,0.00108252,34.164379,0.931307,34.164796,0.931307,6538,0
6540,0.0010841,34.164871,0.931312,34.164871,0.931312,6540,1
6541,0.00108273,34.165224,0.931317,34.165224,0.931317,6541,1
6542,0.00108338,34.165095,0.931318,34.165224,0.931318,6541,0
6543,0.00108243,34.165137,0.931318,34.165224,0.931318,6541,0
6544,0.00108333,34.164713,0.931317,34.165224,0.931318,6541,0
6545,0.00108378,34.165113,0.93132,34.165224,0.93132,6541,0
6546,0.00108364,34.165555,0.931323,34.165555,0.931323,6546,1
6547,0.00108266,34.165572,0.931328,34.165572,0.931328,6547,1
6548,0.00108261,34.165222,0.931328,34.165572,0.931328,6547,0
6549,0.0010834,34.165883,0.93133,34.165883,0.93133,6549,1
6550,0.00108345,34.166441,0.931334,34.166441,0.931334,6550,1
6551,0.00108382,34.166115,0.931333,34.166441,0.931334,6550,0
6552,0.00108257,34.166906,0.931337,34.166906,0.931337,6552,1
6553,0.00108306,34.166709,0.931339,34.166906,0.931339,6552,0
6554,0.00108309,34.166534,0.931342,34.166906,0.931342,6552,0
6555,0.00108244,34.167045,0.931343,34.167045,0.931343,6555,1
6556,0.00108251,34.167619,0.931345,34.167619,0.931345,6556,1
6557,0.00108295,34.16759,0.931348,34.167619,0.931348,6556,0
6558,0.00108377,34.167321,0.931348,34.167619,0.931348,6556,0
6559,0.00108262,34.168022,0.931349,34.168022,0.931349,6559,1
6560,0.00108081,34.168228,0.931351,34.168228,0.931351,6560,1
6561,0.00108186,34.168723,0.931355,34.168723,0.931355,6561,1
6562,0.0010822,34.168968,0.931356,34.168968,0.931356,6562,1
6563,0.0010815,34.168466,0.931356,34.168968,0.931356,6562,0
6564,0.00108131,34.168876,0.931359,34.168968,0.931359,6562,0
6565,0.00108229,34.168831,0.931363,34.168968,0.931363,6562,0
6566,0.00108267,34.168911,0.931363,34.168968,0.931363,6562,0
6567,0.00108175,34.169166,0.931367,34.169166,0.931367,6567,1
6568,0.00108039,34.169192,0.931368,34.169192,0.931368,6568,1
6569,0.00108164,34.169485,0.931367,34.169485,0.931368,6568,0
6570,0.00108279,34.169644,0.93137,34.169644,0.93137,6570,1
6571,0.0010814,34.170213,0.931373,34.170213,0.931373,6571,1
6572,0.00108299,34.170034,0.931375,34.170213,0.931375,6571,0
6573,0.00108249,34.169753,0.931375,34.170213,0.931375,6571,0
6574,0.0010815,34.170591,0.931378,34.170591,0.931378,6574,1
6575,0.00108261,34.170301,0.93138,34.170591,0.93138,6574,0
6576,0.00108138,34.170217,0.93138,34.170591,0.93138,6574,0
6577,0.00108207,34.170473,0.93138,34.170591,0.93138,6574,0
6578,0.00108079,34.170619,0.931384,34.170619,0.931384,6578,1
6579,0.00108129,34.170672,0.931388,34.170672,0.931388,6579,1
6580,0.001082,34.170944,0.931389,34.170944,0.931389,6580,1
6581,0.00108166,34.171285,0.93139,34.171285,0.93139,6581,1
6582,0.00108245,34.171586,0.931393,34.171586,0.931393,6582,1
6583,0.0010817,34.171149,0.931393,34.171586,0.931393,6582,0
6584,0.00108135,34.171611,0.931397,34.171611,0.931397,6584,1
6585,0.00108283,34.171815,0.931396,34.171815,0.931397,6584,0
6586,0.00108208,34.172096,0.9314,34.172096,0.9314,6586,1
6587,0.0010826,34.17219,0.931399,34.17219,0.9314,6586,0
6588,0.00108139,34.172523,0.931404,34.172523,0.931404,6588,1
6589,0.00108186,34.172777,0.931405,34.172777,0.931405,6589,1
6590,0.00108279,34.172809,0.931406,34.172809,0.931406,6590,1
6591,0.00108008,34.17306,0.931405,34.17306,0.931406,6590,0
6592,0.00108137,34.172998,0.93141,34.17306,0.93141,6590,0
6593,0.00108267,34.173427,0.931412,34.173427,0.931412,6593,1
6594,0.00108173,34.173602,0.931413,34.173602,0.931413,6594,1
6595,0.00108008,34.172797,0.931412,34.173602,0.931413,6594,0
6596,0.00108122,34.174299,0.931417,34.174299,0.931417,6596,1
6597,0.00108142,34.173917,0.931413,34.174299,0.931417,6596,0
6598,0.00108144,34.173021,0.931412,34.174299,0.931417,6596,0
6599,0.00108113,34.17366,0.931415,34.174299,0.931417,6596,0
6600,0.00108183,34.172588,0.931416,34.174299,0.931417,6596,0
6601,0.00108099,34.173219,0.931419,34.174299,0.931419,6596,0
6602,0.0010822,34.173136,0.931422,34.174299,0.931422,6596,0
6603,0.00108125,34.173352,0.931423,34.174299,0.931423,6596,0
6604,0.00108084,34.173068,0.931424,34.174299,0.931424,6596,0
6605,0.00108116,34.173918,0.931429,34.174299,0.931429,6596,0
6606,0.00108051,34.174583,0.931428,34.174583,0.931429,6596,0
6607,0.00108027,34.174298,0.931431,34.174583,0.931431,6596,0
6608,0.00108213,34.174784,0.931435,34.174784,0.931435,6608,1
6609,0.00108121,34.174407,0.931437,34.174784,0.931437,6608,0
6610,0.00108124,34.174861,0.931441,34.174861,0.931441,6610,1
6611,0.00108127,34.174767,0.93144,34.174861,0.931441,6610,0
6612,0.00108082,34.174663,0.931444,34.174861,0.931444,6610,0
6613,0.00107983,34.175285,0.931445,34.175285,0.931445,6613,1
6614,0.00108131,34.17536,0.931447,34.17536,0.931447,6614,1
6615,0.00108018,34.175501,0.931449,34.175501,0.931449,6615,1
6616,0.00108174,34.175593,0.931449,34.175593,0.931449,6615,0
6617,0.00108044,34.175289,0.93145,34.175593,0.93145,6615,0
6618,0.0010799,34.175244,0.931453,34.175593,0.931453,6615,0
6619,0.00107972,34.175869,0.931453,34.175869,0.931453,6619,1
6620,0.00108063,34.176033,0.931455,34.176033,0.931455,6620,1
6621,0.00108053,34.176528,0.931458,34.176528,0.931458,6621,1
6622,0.00108142,34.176276,0.931458,34.176528,0.931458,6621,0
6623,0.00108028,34.177122,0.931464,34.177122,0.931464,6623,1
6624,0.0010809,34.176244,0.931463,34.177122,0.931464,6623,0
6625,0.00108118,34.176524,0.931463,34.177122,0.931464,6623,0
6626,0.00107993,34.17685,0.931464,34.177122,0.931464,6623,0
6627,0.00108073,34.177257,0.931465,34.177257,0.931465,6627,1
6628,0.0010795,34.176908,0.931466,34.177257,0.931466,6627,0
6629,0.00108049,34.177651,0.931468,34.177651,0.931468,6629,1
6630,0.00108165,34.178186,0.93147,34.178186,0.93147,6630,1
6631,0.00107896,34.177533,0.931471,34.178186,0.931471,6630,0
6632,0.00108123,34.178094,0.931472,34.178186,0.931472,6630,0
6633,0.00107908,34.178143,0.931476,34.178186,0.931476,6630,0
6634,0.00108142,34.17853,0.93148,34.17853,0.93148,6634,1
6635,0.0010791,34.178631,0.93148,34.178631,0.93148,6634,0
6636,0.00107901,34.179309,0.931487,34.179309,0.931487,6636,1
6637,0.00108104,34.178879,0.931486,34.179309,0.931487,6636,0
6638,0.00108173,34.178597,0.931486,34.179309,0.931487,6636,0
6639,0.00107881,34.179383,0.931489,34.179383,0.931489,6639,1
6640,0.00107915,34.178875,0.931488,34.179383,0.931489,6639,0
6641,0.00108017,34.179034,0.931491,34.179383,0.931491,6639,0
6642,0.00107866,34.179452,0.931494,34.179452,0.931494,6642,1
6643,0.00108065,34.179538,0.931496,34.179538,0.931496,6643,1
6644,0.00108029,34.179499,0.931497,34.179538,0.931497,6643,0
6645,0.00107779,34.180036,0.931503,34.180036,0.931503,6645,1
6646,0.00107985,34.180094,0.931502,34.180094,0.931503,6645,0
6647,0.00107905,34.180792,0.931507,34.180792,0.931507,6647,1
6648,0.00107776,34.180776,0.931509,34.180792,0.931509,6647,0
6649,0.00107878,34.180729,0.931509,34.180792,0.931509,6647,0
6650,0.00107996,34.180731,0.931508,34.180792,0.931509,6647,0
6651,0.00107901,34.181518,0.931513,34.181518,0.931513,6651,1
6652,0.00107904,34.180446,0.931512,34.181518,0.931513,6651,0
6653,0.00107832,34.18126,0.931513,34.181518,0.931513,6651,0
6654,0.00107744,34.18118,0.931517,34.181518,0.931517,6651,0
6655,0.0010803,34.181674,0.93152,34.181674,0.93152,6655,1
6656,0.00107832,34.181756,0.931524,34.181756,0.931524,6656,1
6657,0.0010802,34.18117,0.931517,34.181756,0.931524,6656,0
6658,0.00107987,34.181253,0.931519,34.181756,0.931524,6656,0
6659,0.00107911,34.181431,0.931521,34.181756,0.931524,6656,0
6660,0.00108023,34.181675,0.931523,34.181756,0.931524,6656,0
6661,0.00107874,34.181675,0.931524,34.181756,0.931524,6656,0
6662,0.00107944,34.181272,0.931526,34.181756,0.931526,6656,0
6663,0.0010805,34.181916,0.93153,34.181916,0.93153,6663,1
6664,0.00107926,34.182042,0.931529,34.182042,0.93153,6663,0
6665,0.00107917,34.182106,0.931532,34.182106,0.931532,6665,1
6666,0.00107949,34.183064,0.931535,34.183064,0.931535,6666,1
6667,0.00107868,34.182288,0.931535,34.183064,0.931535,6666,0
6668,0.00107922,34.182353,0.931537,34.183064,0.931537,6666,0
6669,0.00107888,34.181988,0.931538,34.183064,0.931538,6666,0
6670,0.00107901,34.182705,0.93154,34.183064,0.93154,6666,0
6671,0.00108008,34.18258,0.931541,34.183064,0.931541,6666,0
6672,0.00107839,34.183775,0.931547,34.183775,0.931547,6672,1
6673,0.00107713,34.18356,0.931546,34.183775,0.931547,6672,0
6674,0.00107851,34.183379,0.931546,34.183775,0.931547,6672,0
6675,0.00107983,34.183564,0.931547,34.183775,0.931547,6672,0
6676,0.00107831,34.183408,0.931549,34.183775,0.931549,6672,0
6677,0.00107859,34.183726,0.931549,34.183775,0.931549,6672,0
6678,0.00107697,34.183549,0.931552,34.183775,0.931552,6672,0
6679,0.00107946,34.183846,0.931554,34.183846,0.931554,6679,1
6680,0.00107949,34.184151,0.931558,34.184151,0.931558,6680,1
6681,0.00107955,34.18501,0.931562,34.18501,0.931562,6681,1
6682,0.001078,34.184369,0.931559,34.18501,0.931562,6681,0
6683,0.00107897,34.184195,0.931561,34.18501,0.931562,6681,0
6684,0.00107894,34.184963,0.931564,34.18501,0.931564,6681,0
6685,0.00107938,34.184827,0.931564,34.18501,0.931564,6681,0
6686,0.00107788,34.185147,0.931569,34.185147,0.931569,6686,1
6687,0.00107929,34.185612,0.931572,34.185612,0.931572,6687,1
6688,0.00107671,34.185198,0.931571,34.185612,0.931572,6687,0
6689,0.00107761,34.185477,0.931574,34.185612,0.931574,6687,0
6690,0.00107808,34.185498,0.931575,34.185612,0.931575,6687,0
6691,0.00107987,34.185576,0.931576,34.185612,0.931576,6687,0
6692,0.00107758,34.185839,0.931581,34.185839,0.931581,6692,1
6693,0.00107668,34.186194,0.93158,34.186194,0.931581,6692,0
6694,0.00107708,34.186437,0.931582,34.186437,0.931582,6694,1
6695,0.0010782,34.186781,0.931584,34.186781,0.931584,6695,1
6696,0.00107896,34.185855,0.931582,34.186781,0.931584,6695,0
6697,0.00107733,34.186981,0.931587,34.186981,0.931587,6697,1
6698,0.00107835,34.186248,0.931588,34.186981,0.931588,6697,0
6699,0.00107776,34.187272,0.931592,34.187272,0.931592,6699,1
6700,0.00107854,34.187428,0.931593,34.187428,0.931593,6700,1
6701,0.00107852,34.187086,0.931595,34.187428,0.931595,6700,0
6702,0.0010791,34.187521,0.931598,34.187521,0.931598,6702,1
6703,0.00107731,34.187676,0.931599,34.187676,0.931599,6703,1
6704,0.00107795,34.187411,0.931603,34.187676,0.931603,6703,0
6705,0.0010775,34.187521,0.9316,34.187676,0.931603,6703,0
6706,0.00107807,34.188204,0.931604,34.188204,0.931604,6706,1
6707,0.00107624,34.187622,0.931604,34.188204,0.931604,6706,0
6708,0.00107816,34.188581,0.931608,34.188581,0.931608,6708,1
6709,0.00107816,34.188069,0.931609,34.188581,0.931609,6708,0
6710,0.00107687,34.188523,0.931612,34.188581,0.931612,6708,0
6711,0.00107762,34.188537,0.93161,34.188581,0.931612,6708,0
6712,0.00107911,34.188949,0.931612,34.188949,0.931612,6708,0
6713,0.00107574,34.188777,0.931613,34.188949,0.931613,6708,0
6714,0.00107692,34.188135,0.931613,34.188949,0.931613,6708,0
6715,0.00107772,34.189204,0.931616,34.189204,0.931616,6715,1
6716,0.00107656,34.188952,0.931617,34.189204,0.931617,6715,0
6717,0.00107668,34.189676,0.931623,34.189676,0.931623,6717,1
6718,0.00107827,34.189641,0.931623,34.189676,0.931623,6717,0
6719,0.00107778,34.189875,0.931624,34.189875,0.931624,6719,1
6720,0.00107661,34.18975,0.931625,34.189875,0.931625,6719,0
6721,0.00107655,34.19116,0.931627,34.19116,0.931627,6721,1
6722,0.00107745,34.190483,0.931627,34.19116,0.931627,6721,0
6723,0.00107603,34.190895,0.931627,34.19116,0.931627,6721,0
6724,0.00107662,34.191299,0.931628,34.191299,0.931628,6724,1
6725,0.00107551,34.191455,0.931632,34.191455,0.931632,6725,1
6726,0.00107675,34.191764,0.931632,34.191764,0.931632,6725,0
6727,0.00107794,34.191381,0.931632,34.191764,0.931632,6725,0
6728,0.00107639,34.191222,0.931634,34.191764,0.931634,6725,0
6729,0.00107589,34.191417,0.931636,34.191764,0.931636,6725,0
6730,0.00107594,34.19172,0.931635,34.191764,0.931636,6725,0
6731,0.00107758,34.191825,0.931641,34.191825,0.931641,6731,1
6732,0.00107696,34.192543,0.931642,34.192543,0.931642,6732,1
6733,0.00107574,34.192245,0.931649,34.192543,0.931649,6732,0
6734,0.00107671,34.192453,0.931646,34.192543,0.931649,6732,0
6735,0.00107759,34.192528,0.931653,34.192543,0.931653,6732,0
6736,0.00107595,34.193452,0.931652,34.193452,0.931653,6732,0
6737,0.0010776,34.192896,0.931654,34.193452,0.931654,6732,0
6738,0.00107836,34.193151,0.93165,34.193452,0.931654,6732,0
6739,0.00107625,34.193751,0.931655,34.193751,0.931655,6739,1
6740,0.00107595,34.193208,0.931656,34.193751,0.931656,6739,0
6741,0.00107708,34.193822,0.931659,34.193822,0.931659,6741,1
6742,0.00107763,34.194053,0.931662,34.194053,0.931662,6742,1
6743,0.00107674,34.194554,0.931664,34.194554,0.931664,6743,1
6744,0.00107599,34.194239,0.931664,34.194554,0.931664,6743,0
6745,0.00107505,34.194196,0.931664,34.194554,0.931664,6743,0
6746,0.00107563,34.194218,0.931667,34.194554,0.931667,6743,0
6747,0.00107499,34.194452,0.931669,34.194554,0.931669,6743,0
6748,0.00107589,34.193936,0.931668,34.194554,0.931669,6743,0
6749,0.00107603,34.194927,0.931673,34.194927,0.931673,6749,1
6750,0.00107678,34.195027,0.931675,34.195027,0.931675,6750,1
6751,0.00107605,34.195076,0.931678,34.195076,0.931678,6751,1
6752,0.00107678,34.195532,0.931681,34.195532,0.931681,6752,1
6753,0.001076,34.195018,0.931683,34.195532,0.931683,6752,0
6754,0.00107568,34.195797,0.931687,34.195797,0.931687,6754,1
6755,0.00107588,34.196103,0.931688,34.196103,0.931688,6755,1
6756,0.00107599,34.19589,0.931688,34.196103,0.931688,6755,0
6757,0.00107548,34.196399,0.931693,34.196399,0.931693,6757,1
6758,0.00107479,34.195792,0.931693,34.196399,0.931693,6757,0
6759,0.0010758,34.196344,0.931696,34.196399,0.931696,6757,0
6760,0.00107546,34.19634,0.931698,34.196399,0.931698,6757,0
6761,0.00107621,34.197291,0.931698,34.197291,0.931698,6757,0
6762,0.00107498,34.197338,0.9317,34.197338,0.9317,6762,1
6763,0.00107616,34.197388,0.931702,34.197388,0.931702,6763,1
6764,0.00107601,34.197786,0.931707,34.197786,0.931707,6764,1
6765,0.00107585,34.197702,0.931708,34.197786,0.931708,6764,0
6766,0.00107652,34.197984,0.931709,34.197984,0.931709,6766,1
6767,0.00107428,34.197897,0.931707,34.197984,0.931709,6766,0
6768,0.00107631,34.197882,0.931712,34.197984,0.931712,6766,0
6769,0.00107603,34.197702,0.931713,34.197984,0.931713,6766,0
6770,0.00107571,34.19839,0.931713,34.19839,0.931713,6770,1
6771,0.00107514,34.198404,0.931715,34.198404,0.931715,6771,1
6772,0.00107697,34.198515,0.931717,34.198515,0.931717,6772,1
6773,0.00107679,34.199775,0.931742,34.199775,0.931742,6773,1
6774,0.00107489,34.200037,0.931745,34.200037,0.931745,6774,1
6775,0.00107418,34.199963,0.931743,34.200037,0.931745,6774,0
6776,0.00107514,34.200329,0.931748,34.200329,0.931748,6776,1
6777,0.00107412,34.200815,0.931751,34.200815,0.931751,6777,1
6778,0.00107589,34.201039,0.931753,34.201039,0.931753,6778,1
6779,0.00107427,34.201082,0.931754,34.201082,0.931754,6779,1
6780,0.00107579,34.200399,0.931752,34.201082,0.931754,6779,0
6781,0.00107545,34.200961,0.931758,34.201082,0.931758,6779,0
6782,0.00107487,34.200974,0.931755,34.201082,0.931758,6779,0
6783,0.00107445,34.201474,0.93176,34.201474,0.93176,6783,1
6784,0.001075,34.201717,0.931762,34.201717,0.931762,6784,1
6785,0.00107575,34.201868,0.931764,34.201868,0.931764,6785,1
6786,0.00107493,34.201827,0.931762,34.201868,0.931764,6785,0
6787,0.00107502,34.202265,0.931766,34.202265,0.931766,6787,1
6788,0.00107528,34.202568,0.931769,34.202568,0.931769,6788,1
6789,0.00107549,34.202012,0.931767,34.202568,0.931769,6788,0
6790,0.00107373,34.202497,0.93177,34.202568,0.93177,6788,0
6791,0.00107431,34.202547,0.931771,34.202568,0.931771,6788,0
6792,0.00107536,34.202601,0.931771,34.202601,0.931771,6792,1
6793,0.00107397,34.203434,0.931778,34.203434,0.931778,6793,1
6794,0.00107375,34.202905,0.931778,34.203434,0.931778,6793,0
6795,0.00107372,34.203044,0.931781,34.203434,0.931781,6793,0
6796,0.00107471,34.203029,0.931784,34.203434,0.931784,6793,0
6797,0.00107532,34.202985,0.931784,34.203434,0.931784,6793,0
6798,0.0010747,34.20342,0.931784,34.203434,0.931784,6793,0
6799,0.0010749,34.203299,0.931784,34.203434,0.931784,6793,0
6800,0.00107441,34.204485,0.93179,34.204485,0.93179,6800,1
6801,0.0010748,34.203639,0.931788,34.204485,0.93179,6800,0
6802,0.00107439,34.204614,0.931795,34.204614,0.931795,6802,1
6803,0.00107446,34.20363,0.931792,34.204614,0.931795,6802,0
6804,0.00107397,34.204132,0.931798,34.204614,0.931798,6802,0
6805,0.00107405,34.205194,0.931801,34.205194,0.931801,6805,1
6806,0.00107414,34.204887,0.931803,34.205194,0.931803,6805,0
6807,0.00107313,34.204318,0.931803,34.205194,0.931803,6805,0
6808,0.00107527,34.204401,0.931802,34.205194,0.931803,6805,0
6809,0.00107378,34.204593,0.931803,34.205194,0.931803,6805,0
6810,0.00107424,34.205169,0.931808,34.205194,0.931808,6805,0
6811,0.00107301,34.205206,0.931809,34.205206,0.931809,6811,1
6812,0.00107293,34.20584,0.93181,34.20584,0.93181,6812,1
6813,0.00107552,34.205011,0.931811,34.20584,0.931811,6812,0
6814,0.00107247,34.205576,0.931813,34.20584,0.931813,6812,0
6815,0.00107432,34.205679,0.931815,34.20584,0.931815,6812,0
6816,0.00107275,34.206034,0.931819,34.206034,0.931819,6816,1
6817,0.00107271,34.206461,0.931819,34.206461,0.931819,6817,1
6818,0.00107298,34.206003,0.931821,34.206461,0.931821,6817,0
6819,0.00107292,34.20548,0.931818,34.206461,0.931821,6817,0
6820,0.001074,34.206113,0.931821,34.206461,0.931821,6817,0
6821,0.00107355,34.206527,0.931824,34.206527,0.931824,6821,1
6822,0.00107314,34.206618,0.931826,34.206618,0.931826,6822,1
6823,0.0010722,34.207035,0.931828,34.207035,0.931828,6823,1
6824,0.00107304,34.206274,0.931824,34.207035,0.931828,6823,0
6825,0.00107144,34.206597,0.931827,34.207035,0.931828,6823,0
6826,0.00107383,34.206332,0.931823,34.207035,0.931828,6823,0
6827,0.00107161,34.205942,0.931825,34.207035,0.931828,6823,0
6828,0.00107318,34.205657,0.931827,34.207035,0.931828,6823,0
6829,0.00107334,34.206468,0.931831,34.207035,0.931831,6823,0
6830,0.00107393,34.207243,0.931832,34.207243,0.931832,6830,1
6831,0.0010725,34.20677,0.931832,34.207243,0.931832,6830,0
6832,0.00107271,34.20709,0.931837,34.207243,0.931837,6830,0
6833,0.00107373,34.207298,0.931837,34.207298,0.931837,6833,1
6834,0.00107355,34.207785,0.931841,34.207785,0.931841,6834,1
6835,0.00107086,34.207819,0.931844,34.207819,0.931844,6835,1
6836,0.00107189,34.207356,0.931843,34.207819,0.931844,6835,0
6837,0.00107376,34.207557,0.931843,34.207819,0.931844,6835,0
6838,0.00107177,34.20761,0.931847,34.207819,0.931847,6835,0
6839,0.00107224,34.207944,0.931849,34.207944,0.931849,6839,1
6840,0.00107216,34.207504,0.931851,34.207944,0.931851,6839,0
6841,0.00107256,34.208546,0.931855,34.208546,0.931855,6841,1
6842,0.00107334,34.208739,0.931857,34.208739,0.931857,6842,1
6843,0.00107418,34.208113,0.931858,34.208739,0.931858,6842,0
6844,0.00107309,34.209101,0.931859,34.209101,0.931859,6844,1
6845,0.00107389,34.209025,0.931861,34.209101,0.931861,6844,0
6846,0.00107316,34.208474,0.93186,34.209101,0.931861,6844,0
6847,0.00107272,34.208838,0.931864,34.209101,0.931864,6844,0
6848,0.00107302,34.209384,0.931871,34.209384,0.931871,6848,1
6849,0.00107259,34.209356,0.93187,34.209384,0.931871,6848,0
6850,0.00107203,34.209521,0.931871,34.209521,0.931871,6850,1
6851,0.00107267,34.209732,0.931874,34.209732,0.931874,6851,1
6852,0.00107258,34.209939,0.931876,34.209939,0.931876,6852,1
6853,0.00107187,34.20993,0.931875,34.209939,0.931876,6852,0
6854,0.0010729,34.210247,0.931878,34.210247,0.931878,6854,1
6855,0.00107194,34.210239,0.931882,34.210247,0.931882,6854,0
6856,0.00107243,34.210718,0.931884,34.210718,0.931884,6856,1
6857,0.00107432,34.210234,0.931885,34.210718,0.931885,6856,0
6858,0.00107352,34.211359,0.931887,34.211359,0.931887,6858,1
6859,0.00107129,34.210985,0.931888,34.211359,0.931888,6858,0
6860,0.0010728,34.211422,0.93189,34.211422,0.93189,6860,1
6861,0.00107141,34.210816,0.93189,34.211422,0.93189,6860,0
6862,0.00107271,34.211171,0.931893,34.211422,0.931893,6860,0
6863,0.00107348,34.211368,0.931894,34.211422,0.931894,6860,0
6864,0.00107184,34.211922,0.931898,34.211922,0.931898,6864,1
6865,0.00107172,34.211852,0.931897,34.211922,0.931898,6864,0
6866,0.00107232,34.212013,0.931896,34.212013,0.931898,6864,0
6867,0.001072,34.212248,0.931901,34.212248,0.931901,6867,1
6868,0.00107147,34.212403,0.931902,34.212403,0.931902,6868,1
6869,0.00107078,34.21247,0.931901,34.21247,0.931902,6868,0
6870,0.00107323,34.212574,0.931905,34.212574,0.931905,6870,1
6871,0.00107289,34.21328,0.931906,34.21328,0.931906,6871,1
6872,0.00107194,34.213333,0.931908,34.213333,0.931908,6872,1
6873,0.00107202,34.213,0.931908,34.213333,0.931908,6872,0
6874,0.00107149,34.213201,0.931909,34.213333,0.931909,6872,0
6875,0.00106925,34.213122,0.931912,34.213333,0.931912,6872,0
6876,0.00107199,34.213811,0.931916,34.213811,0.931916,6876,1
6877,0.00107093,34.21414,0.931917,34.21414,0.931917,6877,1
6878,0.00107199,34.213613,0.931918,34.21414,0.931918,6877,0
6879,0.00107104,34.213832,0.931917,34.21414,0.931918,6877,0
6880,0.00107205,34.213964,0.931919,34.21414,0.931919,6877,0
6881,0.00107142,34.213997,0.931923,34.21414,0.931923,6877,0
6882,0.00106992,34.213988,0.931926,34.21414,0.931926,6877,0
6883,0.00107187,34.214252,0.931926,34.214252,0.931926,6883,1
6884,0.00107111,34.214438,0.931927,34.214438,0.931927,6884,1
6885,0.00107101,34.215258,0.931936,34.215258,0.931936,6885,1
6886,0.00107129,34.215533,0.931936,34.215533,0.931936,6886,1
6887,0.00107244,34.215331,0.931929,34.215533,0.931936,6886,0
6888,0.00107232,34.215215,0.931929,34.215533,0.931936,6886,0
6889,0.00107143,34.215731,0.93193,34.215731,0.931936,6886,0
6890,0.0010711,34.215669,0.931932,34.215731,0.931936,6886,0
6891,0.0010698,34.215412,0.931934,34.215731,0.931936,6886,0
6892,0.00107085,34.216066,0.931937,34.216066,0.931937,6892,1
6893,0.00107304,34.215745,0.931938,34.216066,0.931938,6892,0
6894,0.00107326,34.216323,0.931941,34.216323,0.931941,6894,1
6895,0.001072,34.216029,0.931941,34.216323,0.931941,6894,0
6896,0.00107163,34.216775,0.931946,34.216775,0.931946,6896,1
6897,0.00107158,34.216111,0.931947,34.216775,0.931947,6896,0
6898,0.00107093,34.216475,0.93195,34.216775,0.93195,6896,0
6899,0.00107184,34.215798,0.93195,34.216775,0.93195,6896,0
6900,0.00107,34.216767,0.931954,34.216775,0.931954,6896,0
6901,0.00107274,34.216993,0.931957,34.216993,0.931957,6901,1
6902,0.00107148,34.216688,0.931955,34.216993,0.931957,6901,0
6903,0.0010699,34.216913,0.931956,34.216993,0.931957,6901,0
6904,0.00107048,34.217571,0.931962,34.217571,0.931962,6904,1
6905,0.00106998,34.217082,0.931963,34.217571,0.931963,6904,0
6906,0.0010711,34.21761,0.931964,34.21761,0.931964,6906,1
6907,0.00106996,34.21722,0.931963,34.21761,0.931964,6906,0
6908,0.00107034,34.217795,0.931965,34.217795,0.931965,6908,1
6909,0.00107114,34.217591,0.931966,34.217795,0.931966,6908,0
6910,0.00107038,34.217859,0.931971,34.217859,0.931971,6910,1
6911,0.00107031,34.217773,0.93197,34.217859,0.931971,6910,0
6912,0.00107108,34.217947,0.931968,34.217947,0.931971,6910,0
6913,0.00107164,34.218683,0.931974,34.218683,0.931974,6913,1
6914,0.0010706,34.218803,0.931975,34.218803,0.931975,6914,1
6915,0.00107112,34.218905,0.931977,34.218905,0.931977,6915,1
6916,0.00107139,34.219122,0.931981,34.219122,0.931981,6916,1
6917,0.00107049,34.219028,0.93198,34.219122,0.931981,6916,0
6918,0.00107049,34.219415,0.931983,34.219415,0.931983,6918,1
6919,0.00107135,34.218707,0.931984,34.219415,0.931984,6918,0
6920,0.00107077,34.219208,0.931987,34.219415,0.931987,6918,0
6921,0.00106984,34.219005,0.931986,34.219415,0.931987,6918,0
6922,0.00106934,34.219529,0.931988,34.219529,0.931988,6922,1
6923,0.00107047,34.219776,0.931991,34.219776,0.931991,6923,1
6924,0.00107046,34.219455,0.931989,34.219776,0.931991,6923,0
6925,0.00106989,34.219931,0.931992,34.219931,0.931992,6925,1
6926,0.00107141,34.220143,0.931998,34.220143,0.931998,6926,1
6927,0.00107051,34.220489,0.932,34.220489,0.932,6927,1
6928,0.00106986,34.220546,0.932,34.220546,0.932,6927,0
6929,0.00106889,34.220066,0.931999,34.220546,0.932,6927,0
6930,0.00106953,34.220372,0.932,34.220546,0.932,6927,0
6931,0.00106967,34.220125,0.932002,34.220546,0.932002,6927,0
6932,0.00106995,34.220955,0.932008,34.220955,0.932008,6932,1
6933,0.00106814,34.221111,0.932008,34.221111,0.932008,6933,1
6934,0.00106946,34.221009,0.93201,34.221111,0.93201,6933,0
6935,0.00106974,34.221473,0.932012,34.221473,0.932012,6935,1
6936,0.0010713,34.22149,0.932013,34.22149,0.932013,6936,1
6937,0.00106842,34.221431,0.932014,34.22149,0.932014,6936,0
6938,0.00107039,34.221358,0.932014,34.22149,0.932014,6936,0
6939,0.00107083,34.22187,0.932016,34.22187,0.932016,6939,1
6940,0.00106949,34.221505,0.932015,34.22187,0.932016,6939,0
6941,0.00107091,34.22182,0.932017,34.22187,0.932017,6939,0
6942,0.00106869,34.222138,0.932023,34.222138,0.932023,6942,1
6943,0.0010696,34.221916,0.932021,34.222138,0.932023,6942,0
6944,0.00107006,34.222021,0.932024,34.222138,0.932024,6942,0
6945,0.00106981,34.222105,0.932025,34.222138,0.932025,6942,0
6946,0.00106957,34.222542,0.932027,34.222542,0.932027,6946,1
6947,0.00106792,34.223093,0.932032,34.223093,0.932032,6947,1
6948,0.00106831,34.222682,0.932029,34.223093,0.932032,6947,0
6949,0.00106875,34.222744,0.932033,34.223093,0.932033,6947,0
6950,0.0010702,34.222607,0.932033,34.223093,0.932033,6947,0
6951,0.00106949,34.222824,0.932034,34.223093,0.932034,6947,0
6952,0.00106953,34.223364,0.932039,34.223364,0.932039,6952,1
6953,0.0010678,34.223277,0.932036,34.223364,0.932039,6952,0
6954,0.00107022,34.223501,0.932038,34.223501,0.932039,6952,0
6955,0.00106942,34.223773,0.932039,34.223773,0.932039,6955,1
6956,0.00106853,34.223627,0.932044,34.223773,0.932044,6955,0
6957,0.00107091,34.223653,0.932044,34.223773,0.932044,6955,0
6958,0.0010699,34.223454,0.932046,34.223773,0.932046,6955,0
6959,0.00106885,34.223615,0.932048,34.223773,0.932048,6955,0
6960,0.00106759,34.224038,0.932049,34.224038,0.932049,6960,1
6961,0.00106835,34.224437,0.932053,34.224437,0.932053,6961,1
6962,0.00106861,34.224048,0.932051,34.224437,0.932053,6961,0
6963,0.00106787,34.224419,0.932054,34.224437,0.932054,6961,0
6964,0.00106846,34.224272,0.932055,34.224437,0.932055,6961,0
6965,0.00107045,34.224356,0.932057,34.224437,0.932057,6961,0
6966,0.00106803,34.224472,0.932058,34.224472,0.932058,6966,1
6967,0.00106834,34.224379,0.932061,34.224472,0.932061,6966,0
6968,0.00106804,34.224807,0.932063,34.224807,0.932063,6968,1
6969,0.00106893,34.225501,0.932064,34.225501,0.932064,6969,1
6970,0.00106857,34.225343,0.932066,34.225501,0.932066,6969,0
6971,0.00106826,34.225354,0.932069,34.225501,0.932069,6969,0
6972,0.0010679,34.225807,0.932069,34.225807,0.932069,6969,0
6973,0.00106749,34.225869,0.932075,34.225869,0.932075,6973,1
6974,0.00106842,34.22583,0.932076,34.225869,0.932076,6973,0
6975,0.00106919,34.225975,0.932077,34.225975,0.932077,6975,1
6976,0.00106857,34.226349,0.932078,34.226349,0.932078,6976,1
6977,0.00106942,34.226423,0.932079,34.226423,0.932079,6977,1
6978,0.00106883,34.226671,0.932084,34.226671,0.932084,6978,1
6979,0.00106962,34.226583,0.932083,34.226671,0.932084,6978,0
6980,0.00106821,34.2266,0.932083,34.226671,0.932084,6978,0
6981,0.00106881,34.226979,0.932087,34.226979,0.932087,6981,1
6982,0.00106819,34.227494,0.932093,34.227494,0.932093,6982,1
6983,0.00107034,34.227058,0.932092,34.227494,0.932093,6982,0
6984,0.00106799,34.227843,0.932097,34.227843,0.932097,6984,1
6985,0.00106911,34.227203,0.932094,34.227843,0.932097,6984,0
6986,0.00106807,34.227573,0.932099,34.227843,0.932099,6984,0
6987,0.00106741,34.227877,0.9321,34.227877,0.9321,6987,1
6988,0.00106879,34.227887,0.9321,34.227887,0.9321,6988,1
6989,0.00106761,34.22766,0.932102,34.227887,0.932102,6988,0
6990,0.00106761,34.22851,0.932105,34.22851,0.932105,6990,1
6991,0.00106766,34.228701,0.932106,34.228701,0.932106,6991,1
6992,0.00106676,34.229125,0.932109,34.229125,0.932109,6992,1
6993,0.00106773,34.22945,0.932111,34.22945,0.932111,6993,1
6994,0.00106694,34.229245,0.93211,34.22945,0.932111,6993,0
6995,0.00106692,34.229669,0.932113,34.229669,0.932113,6995,1
6996,0.00106816,34.229735,0.932115,34.229735,0.932115,6996,1
6997,0.00106917,34.229166,0.932116,34.229735,0.932116,6996,0
6998,0.00106833,34.229484,0.93212,34.229735,0.93212,6996,0
6999,0.00106779,34.229602,0.932121,34.229735,0.932121,6996,0
7000,0.00106751,34.230826,0.932122,34.230826,0.932122,7000,1
7001,0.00106917,34.230857,0.932124,34.230857,0.932124,7001,1
7002,0.00106809,34.230093,0.932124,34.230857,0.932124,7001,0
7003,0.00106779,34.230707,0.932127,34.230857,0.932127,7001,0
7004,0.00106614,34.230534,0.932127,34.230857,0.932127,7001,0
7005,0.00106746,34.230372,0.93213,34.230857,0.93213,7001,0
7006,0.00106759,34.230501,0.932131,34.230857,0.932131,7001,0
7007,0.00106632,34.230888,0.932132,34.230888,0.932132,7007,1
7008,0.00106851,34.231188,0.932134,34.231188,0.932134,7008,1
7009,0.00106784,34.231824,0.932139,34.231824,0.932139,7009,1
7010,0.00106683,34.231103,0.932137,34.231824,0.932139,7009,0
7011,0.00106767,34.23214,0.932141,34.23214,0.932141,7011,1
7012,0.00106689,34.231634,0.932142,34.23214,0.932142,7011,0
7013,0.00106835,34.231938,0.932142,34.23214,0.932142,7011,0
7014,0.0010683,34.231916,0.932143,34.23214,0.932143,7011,0
7015,0.00106833,34.232583,0.932148,34.232583,0.932148,7015,1
7016,0.00106887,34.232578,0.932148,34.232583,0.932148,7015,0
7017,0.00106691,34.232847,0.932153,34.232847,0.932153,7017,1
7018,0.00106719,34.232753,0.932153,34.232847,0.932153,7017,0
7019,0.00106733,34.232912,0.932156,34.232912,0.932156,7019,1
7020,0.00106754,34.233235,0.932158,34.233235,0.932158,7020,1
7021,0.00106827,34.232895,0.932157,34.233235,0.932158,7020,0
7022,0.00106623,34.233314,0.932161,34.233314,0.932161,7022,1
7023,0.00106783,34.233584,0.932162,34.233584,0.932162,7023,1
7024,0.00106645,34.233598,0.932163,34.233598,0.932163,7024,1
7025,0.00106692,34.233461,0.932162,34.233598,0.932163,7024,0
7026,0.0010672,34.23417,0.932165,34.23417,0.932165,7026,1
7027,0.0010672,34.233934,0.932166,34.23417,0.932166,7026,0
7028,0.00106696,34.234138,0.93217,34.23417,0.93217,7026,0
7029,0.00106662,34.23405,0.93217,34.23417,0.93217,7026,0
7030,0.00106723,34.234591,0.932173,34.234591,0.932173,7030,1
7031,0.00106669,34.234509,0.932172,34.234591,0.932173,7030,0
7032,0.00106766,34.234286,0.932172,34.234591,0.932173,7030,0
7033,0.00106696,34.234853,0.932175,34.234853,0.932175,7033,1
7034,0.00106606,34.234859,0.932178,34.234859,0.932178,7034,1
7035,0.00106656,34.235167,0.932181,34.235167,0.932181,7035,1
7036,0.00106605,34.23491,0.932181,34.235167,0.932181,7035,0
7037,0.00106534,34.235077,0.932184,34.235167,0.932184,7035,0
7038,0.00106772,34.235417,0.932184,34.235417,0.932184,7038,1
7039,0.00106701,34.235502,0.932187,34.235502,0.932187,7039,1
7040,0.00106807,34.234764,0.932189,34.235502,0.932189,7039,0
7041,0.00106661,34.235261,0.932189,34.235502,0.932189,7039,0
7042,0.00106636,34.235306,0.932191,34.235502,0.932191,7039,0
7043,0.00106605,34.235464,0.932194,34.235502,0.932194,7039,0
7044,0.00106539,34.236033,0.932196,34.236033,0.932196,7044,1
7045,0.00106746,34.236285,0.932196,34.236285,0.932196,7045,1
7046,0.0010669,34.236166,0.9322,34.236285,0.9322,7045,0
7047,0.00106546,34.236343,0.9322,34.236343,0.9322,7047,1
7048,0.00106552,34.236102,0.9322,34.236343,0.9322,7047,0
7049,0.00106592,34.236615,0.932202,34.236615,0.932202,7049,1
7050,0.00106668,34.236931,0.932204,34.236931,0.932204,7050,1
7051,0.00106437,34.236922,0.932206,34.236931,0.932206,7050,0
7052,0.00106658,34.237018,0.932207,34.237018,0.932207,7052,1
7053,0.00106582,34.236741,0.932209,34.237018,0.932209,7052,0
7054,0.00106584,34.237172,0.93221,34.237172,0.93221,7054,1
7055,0.0010664,34.237577,0.932212,34.237577,0.932212,7055,1
7056,0.00106496,34.236992,0.932212,34.237577,0.932212,7055,0
7057,0.00106514,34.237381,0.932213,34.237577,0.932213,7055,0
7058,0.00106571,34.237234,0.932213,34.237577,0.932213,7055,0
7059,0.00106429,34.237421,0.932215,34.237577,0.932215,7055,0
7060,0.00106493,34.237477,0.932219,34.237577,0.932219,7055,0
7061,0.00106793,34.237884,0.93222,34.237884,0.93222,7061,1
7062,0.00106692,34.237929,0.932222,34.237929,0.932222,7062,1
7063,0.00106491,34.238136,0.932223,34.238136,0.932223,7063,1
7064,0.00106588,34.238177,0.932226,34.238177,0.932226,7064,1
7065,0.0010652,34.23828,0.932223,34.23828,0.932226,7064,0
7066,0.00106567,34.237789,0.932223,34.23828,0.932226,7064,0
7067,0.00106584,34.237821,0.932226,34.23828,0.932226,7064,0
7068,0.00106493,34.238195,0.932227,34.23828,0.932227,7064,0
7069,0.00106452,34.23821,0.932228,34.23828,0.932228,7064,0
7070,0.00106554,34.238844,0.932231,34.238844,0.932231,7070,1
7071,0.00106599,34.238377,0.932231,34.238844,0.932231,7070,0
7072,0.00106532,34.238212,0.932232,34.238844,0.932232,7070,0
7073,0.00106594,34.23861,0.932238,34.238844,0.932238,7070,0
7074,0.00106549,34.238795,0.932239,34.238844,0.932239,7070,0
7075,0.00106697,34.238863,0.932236,34.238863,0.932239,7070,0
7076,0.00106625,34.239061,0.932241,34.239061,0.932241,7076,1
7077,0.00106561,34.239013,0.932243,34.239061,0.932243,7076,0
7078,0.00106518,34.239125,0.932246,34.239125,0.932246,7078,1
7079,0.0010656,34.239406,0.932248,34.239406,0.932248,7079,1
7080,0.00106488,34.239248,0.932248,34.239406,0.932248,7079,0
7081,0.0010644,34.240402,0.93225,34.240402,0.93225,7081,1
7082,0.00106457,34.239911,0.932252,34.240402,0.932252,7081,0
7083,0.00106432,34.239871,0.932253,34.240402,0.932253,7081,0
7084,0.00106572,34.239204,0.932253,34.240402,0.932253,7081,0
7085,0.00106441,34.239926,0.932254,34.240402,0.932254,7081,0
7086,0.0010656,34.239694,0.932255,34.240402,0.932255,7081,0
7087,0.00106491,34.240448,0.932261,34.240448,0.932261,7087,1
7088,0.0010644,34.240468,0.932261,34.240468,0.932261,7088,1
7089,0.0010655,34.240993,0.932262,34.240993,0.932262,7089,1
7090,0.00106627,34.240389,0.932262,34.240993,0.932262,7089,0
7091,0.00106433,34.241006,0.932264,34.241006,0.932264,7091,1
7092,0.00106326,34.240837,0.932267,34.241006,0.932267,7091,0
7093,0.00106627,34.241298,0.932269,34.241298,0.932269,7093,1
7094,0.00106476,34.241127,0.932271,34.241298,0.932271,7093,0
7095,0.00106583,34.241445,0.932276,34.241445,0.932276,7095,1
7096,0.00106509,34.242047,0.932277,34.242047,0.932277,7096,1
7097,0.00106483,34.241067,0.932275,34.242047,0.932277,7096,0
7098,0.00106336,34.241473,0.932278,34.242047,0.932278,7096,0
7099,0.00106591,34.242109,0.932281,34.242109,0.932281,7099,1
7100,0.00106275,34.241538,0.93228,34.242109,0.932281,7099,0
7101,0.00106451,34.241843,0.932283,34.242109,0.932283,7099,0
7102,0.00106315,34.242226,0.932286,34.242226,0.932286,7102,1
7103,0.00106379,34.242368,0.932288,34.242368,0.932288,7103,1
7104,0.00106519,34.242536,0.932289,34.242536,0.932289,7104,1
7105,0.00106388,34.24222,0.93229,34.242536,0.93229,7104,0
7106,0.00106395,34.242553,0.932292,34.242553,0.932292,7106,1
7107,0.00106405,34.242506,0.932294,34.242553,0.932294,7106,0
7108,0.0010654,34.242854,0.932294,34.242854,0.932294,7106,0
7109,0.00106574,34.243127,0.932294,34.243127,0.932294,7106,0
7110,0.00106506,34.243773,0.932301,34.243773,0.932301,7110,1
7111,0.00106372,34.243172,0.932299,34.243773,0.932301,7110,0
7112,0.00106449,34.243114,0.932302,34.243773,0.932302,7110,0
7113,0.00106403,34.244032,0.932307,34.244032,0.932307,7113,1
7114,0.0010643,34.243866,0.932306,34.244032,0.932307,7113,0
7115,0.00106486,34.244647,0.93231,34.244647,0.93231,7115,1
7116,0.00106537,34.244465,0.932312,34.244647,0.932312,7115,0
7117,0.00106455,34.244529,0.932315,34.244647,0.932315,7115,0
7118,0.00106354,34.244622,0.932317,34.244647,0.932317,7115,0
7119,0.00106246,34.244364,0.932317,34.244647,0.932317,7115,0
7120,0.00106446,34.244786,0.932316,34.244786,0.932317,7115,0
7121,0.00106307,34.245213,0.932316,34.245213,0.932317,7115,0
7122,0.00106521,34.245068,0.932321,34.245213,0.932321,7115,0
7123,0.00106343,34.245254,0.932322,34.245254,0.932322,7123,1
7124,0.00106437,34.245097,0.932325,34.245254,0.932325,7123,0
7125,0.00106426,34.245687,0.932326,34.245687,0.932326,7125,1
7126,0.00106513,34.245825,0.932328,34.245825,0.932328,7126,1
7127,0.0010643,34.245566,0.93232,34.245825,0.932328,7126,0
7128,0.00106449,34.24489,0.932321,34.245825,0.932328,7126,0
7129,0.00106454,34.245589,0.932322,34.245825,0.932328,7126,0
7130,0.00106261,34.245349,0.932325,34.245825,0.932328,7126,0
7131,0.00106406,34.245868,0.932329,34.245868,0.932329,7131,1
7132,0.00106381,34.245814,0.932332,34.245868,0.932332,7131,0
7133,0.00106277,34.246251,0.932332,34.246251,0.932332,7133,1
7134,0.00106382,34.24652,0.932336,34.24652,0.932336,7134,1
7135,0.00106396,34.24639,0.932335,34.24652,0.932336,7134,0
7136,0.00106373,34.24664,0.932335,34.24664,0.932336,7134,0
7137,0.00106282,34.246581,0.932336,34.24664,0.932336,7134,0
7138,0.00106281,34.246656,0.932341,34.246656,0.932341,7138,1
7139,0.00106478,34.246547,0.93234,34.246656,0.932341,7138,0
7140,0.00106625,34.247052,0.932342,34.247052,0.932342,7140,1
7141,0.00106216,34.246771,0.932344,34.247052,0.932344,7140,0
7142,0.00106337,34.247669,0.932348,34.247669,0.932348,7142,1
7143,0.00106238,34.247689,0.932353,34.247689,0.932353,7143,1
7144,0.00106328,34.247435,0.93235,34.247689,0.932353,7143,0
7145,0.00106256,34.247456,0.932353,34.247689,0.932353,7143,0
7146,0.00106318,34.247956,0.932357,34.247956,0.932357,7146,1
7147,0.00106347,34.247669,0.932356,34.247956,0.932357,7146,0
7148,0.00106451,34.247981,0.932361,34.247981,0.932361,7148,1
7149,0.00106254,34.248018,0.93236,34.248018,0.932361,7148,0
7150,0.00106339,34.248287,0.932361,34.248287,0.932361,7150,1
7151,0.00106307,34.248032,0.932364,34.248287,0.932364,7150,0
7152,0.00106197,34.248094,0.932365,34.248287,0.932365,7150,0
7153,0.00106246,34.247477,0.932365,34.248287,0.932365,7150,0
7154,0.00106375,34.247888,0.932365,34.248287,0.932365,7150,0
7155,0.00106257,34.248175,0.932369,34.248287,0.932369,7150,0
7156,0.0010618,34.247942,0.932369,34.248287,0.932369,7150,0
7157,0.00106398,34.248542,0.932373,34.248542,0.932373,7157,1
7158,0.00106276,34.248783,0.932375,34.248783,0.932375,7158,1
7159,0.00106203,34.248553,0.932377,34.248783,0.932377,7158,0
7160,0.00106296,34.248859,0.932378,34.248859,0.932378,7160,1
7161,0.00106241,34.249035,0.932379,34.249035,0.932379,7161,1
7162,0.00106168,34.249028,0.932382,34.249035,0.932382,7161,0
7163,0.00106316,34.249215,0.932382,34.249215,0.932382,7161,0
7164,0.00106366,34.249414,0.932384,34.249414,0.932384,7164,1
7165,0.00106239,34.249395,0.932387,34.249414,0.932387,7164,0
7166,0.00106205,34.249026,0.932388,34.249414,0.932388,7164,0
7167,0.00106269,34.25002,0.932389,34.25002,0.932389,7167,1
7168,0.00106275,34.249527,0.932387,34.25002,0.932389,7167,0
7169,0.0010615,34.248992,0.932392,34.25002,0.932392,7167,0
7170,0.00106139,34.250077,0.932393,34.250077,0.932393,7170,1
7171,0.00106313,34.249655,0.932394,34.250077,0.932394,7170,0
7172,0.00106196,34.249463,0.932397,34.250077,0.932397,7170,0
7173,0.00106291,34.250194,0.932399,34.250194,0.932399,7173,1
7174,0.00106231,34.250307,0.932401,34.250307,0.932401,7174,1
7175,0.00106128,34.250101,0.932401,34.250307,0.932401,7174,0
7176,0.00106317,34.25136,0.932403,34.25136,0.932403,7176,1
7177,0.00106354,34.251212,0.932406,34.25136,0.932406,7176,0
7178,0.00106055,34.251315,0.93241,34.25136,0.93241,7176,0
7179,0.00106098,34.251083,0.932409,34.25136,0.93241,7176,0
7180,0.00106372,34.251695,0.932411,34.251695,0.932411,7180,1
7181,0.00106085,34.251178,0.93241,34.251695,0.932411,7180,0
7182,0.00106191,34.252306,0.932413,34.252306,0.932413,7182,1
7183,0.00106147,34.251347,0.932414,34.252306,0.932414,7182,0
7184,0.00106213,34.251977,0.932414,34.252306,0.932414,7182,0
7185,0.00106135,34.252066,0.93242,34.252306,0.93242,7182,0
7186,0.00106216,34.251869,0.93242,34.252306,0.93242,7182,0
7187,0.00106198,34.252607,0.932423,34.252607,0.932423,7187,1
7188,0.00106034,34.252623,0.932422,34.252623,0.932423,7187,0
7189,0.00106128,34.252219,0.932423,34.252623,0.932423,7187,0
7190,0.00106314,34.252539,0.932426,34.252623,0.932426,7187,0
7191,0.00106178,34.252572,0.932428,34.252623,0.932428,7187,0
7192,0.00106205,34.253339,0.932429,34.253339,0.932429,7192,1
7193,0.00106201,34.25305,0.932432,34.253339,0.932432,7192,0
7194,0.00106281,34.252784,0.932432,34.253339,0.932432,7192,0
7195,0.0010603,34.253036,0.932433,34.253339,0.932433,7192,0
7196,0.00106206,34.25385,0.932437,34.25385,0.932437,7196,1
7197,0.00106135,34.253719,0.932439,34.25385,0.932439,7196,0
7198,0.00106229,34.25343,0.932437,34.25385,0.932439,7196,0
7199,0.00106124,34.254622,0.93244,34.254622,0.93244,7199,1
7200,0.00106179,34.254707,0.932439,34.254707,0.93244,7199,0
7201,0.00106185,34.254884,0.932442,34.254884,0.932442,7201,1
7202,0.00106109,34.255101,0.932444,34.255101,0.932444,7202,1
7203,0.00106267,34.255124,0.932446,34.255124,0.932446,7203,1
7204,0.00106091,34.255491,0.932449,34.255491,0.932449,7204,1
7205,0.00106105,34.255353,0.932446,34.255491,0.932449,7204,0
7206,0.00106131,34.255839,0.932451,34.255839,0.932451,7206,1
7207,0.00106082,34.255166,0.932448,34.255839,0.932451,7206,0
7208,0.0010623,34.255519,0.932451,34.255839,0.932451,7206,0
7209,0.00106184,34.255644,0.932451,34.255839,0.932451,7206,0
7210,0.00106121,34.256931,0.932457,34.256931,0.932457,7210,1
7211,0.00106022,34.256139,0.932456,34.256931,0.932457,7210,0
7212,0.00106036,34.256833,0.93246,34.256931,0.93246,7210,0
7213,0.00105965,34.257302,0.932465,34.257302,0.932465,7213,1
7214,0.00105907,34.256784,0.932464,34.257302,0.932465,7213,0
7215,0.0010604,34.257008,0.932463,34.257302,0.932465,7213,0
7216,0.00105997,34.257073,0.932467,34.257302,0.932467,7213,0
7217,0.00106023,34.256991,0.932467,34.257302,0.932467,7213,0
7218,0.00106042,34.257962,0.932471,34.257962,0.932471,7218,1
7219,0.00106182,34.258082,0.932473,34.258082,0.932473,7219,1
7220,0.00106144,34.25774,0.932474,34.258082,0.932474,7219,0
7221,0.0010615,34.257992,0.932472,34.258082,0.932474,7219,0
7222,0.00106144,34.257605,0.932475,34.258082,0.932475,7219,0
7223,0.00106008,34.258053,0.932477,34.258082,0.932477,7219,0
7224,0.00106044,34.25857,0.932478,34.25857,0.932478,7224,1
7225,0.00106067,34.258263,0.932478,34.25857,0.932478,7224,0
7226,0.0010606,34.25891,0.932483,34.25891,0.932483,7226,1
7227,0.00105919,34.257991,0.932481,34.25891,0.932483,7226,0
7228,0.00106126,34.258967,0.932485,34.258967,0.932485,7228,1
7229,0.00106163,34.259052,0.932485,34.259052,0.932485,7228,0
7230,0.00106089,34.259418,0.932489,34.259418,0.932489,7230,1
7231,0.00106083,34.259826,0.932492,34.259826,0.932492,7231,1
7232,0.00105922,34.25951,0.932493,34.259826,0.932493,7231,0
7233,0.00106067,34.260114,0.932497,34.260114,0.932497,7233,1
7234,0.00106092,34.259861,0.932495,34.260114,0.932497,7233,0
7235,0.00106032,34.260192,0.932498,34.260192,0.932498,7235,1
7236,0.00106101,34.260113,0.932499,34.260192,0.932499,7235,0
7237,0.00106028,34.260561,0.932501,34.260561,0.932501,7237,1
7238,0.00106037,34.260309,0.932504,34.260561,0.932504,7237,0
7239,0.00106057,34.260611,0.932505,34.260611,0.932505,7239,1
7240,0.00105951,34.260877,0.932507,34.260877,0.932507,7240,1
7241,0.00105981,34.261559,0.93251,34.261559,0.93251,7241,1
7242,0.00106084,34.261569,0.932512,34.261569,0.932512,7242,1
7243,0.00105986,34.260954,0.932511,34.261569,0.932512,7242,0
7244,0.00105988,34.261058,0.932514,34.261569,0.932514,7242,0
7245,0.00106024,34.262159,0.932518,34.262159,0.932518,7245,1
7246,0.00105997,34.262286,0.932519,34.262286,0.932519,7246,1
7247,0.00106038,34.262049,0.932519,34.262286,0.932519,7246,0
7248,0.00106048,34.261525,0.932518,34.262286,0.932519,7246,0
7249,0.00106004,34.26194,0.93252,34.262286,0.93252,7246,0
7250,0.00105868,34.262941,0.932525,34.262941,0.932525,7250,1
7251,0.00106009,34.263448,0.932541,34.263448,0.932541,7251,1
7252,0.00105821,34.263812,0.932543,34.263812,0.932543,7252,1
7253,0.00105872,34.26417,0.932546,34.26417,0.932546,7253,1
7254,0.0010589,34.263845,0.932545,34.26417,0.932546,7253,0
7255,0.00105782,34.26395,0.932547,34.26417,0.932547,7253,0
7256,0.00105897,34.264539,0.93255,34.264539,0.93255,7256,1
7257,0.00105909,34.265158,0.932551,34.265158,0.932551,7257,1
7258,0.00105984,34.265172,0.932551,34.265172,0.932551,7258,1
7259,0.00105896,34.265117,0.932555,34.265172,0.932555,7258,0
7260,0.00105864,34.265437,0.932556,34.265437,0.932556,7260,1
7261,0.00106091,34.266137,0.932556,34.266137,0.932556,7261,1
7262,0.00105865,34.266073,0.932558,34.266137,0.932558,7261,0
7263,0.00105828,34.265604,0.932558,34.266137,0.932558,7261,0
7264,0.00106104,34.266368,0.932564,34.266368,0.932564,7264,1
7265,0.00105868,34.266365,0.932564,34.266368,0.932564,7264,0
7266,0.00105901,34.266351,0.932566,34.266368,0.932566,7264,0
7267,0.00106061,34.266854,0.932567,34.266854,0.932567,7267,1
7268,0.00105747,34.266607,0.932572,34.266854,0.932572,7267,0
7269,0.00106043,34.266538,0.932572,34.266854,0.932572,7267,0
7270,0.00105845,34.266428,0.932575,34.266854,0.932575,7267,0
7271,0.00105901,34.267007,0.932574,34.267007,0.932575,7267,0
7272,0.0010592,34.267273,0.932576,34.267273,0.932576,7272,1
7273,0.00105799,34.266853,0.932576,34.267273,0.932576,7272,0
7274,0.00105964,34.267385,0.932579,34.267385,0.932579,7274,1
7275,0.00106018,34.267034,0.932579,34.267385,0.932579,7274,0
7276,0.00105975,34.267463,0.932581,34.267463,0.932581,7276,1
7277,0.00105898,34.267427,0.932582,34.267463,0.932582,7276,0
7278,0.00105879,34.267594,0.932584,34.267594,0.932584,7278,1
7279,0.00105831,34.268451,0.932587,34.268451,0.932587,7279,1
7280,0.00105907,34.267384,0.932586,34.268451,0.932587,7279,0
7281,0.00105757,34.268664,0.93259,34.268664,0.93259,7281,1
7282,0.00105833,34.267962,0.932589,34.268664,0.93259,7281,0
7283,0.00105828,34.268365,0.932593,34.268664,0.932593,7281,0
7284,0.00105812,34.267953,0.932592,34.268664,0.932593,7281,0
7285,0.00105776,34.268567,0.932595,34.268664,0.932595,7281,0
7286,0.00105844,34.268816,0.932598,34.268816,0.932598,7286,1
7287,0.00105765,34.268979,0.932601,34.268979,0.932601,7287,1
7288,0.00105722,34.269101,0.932601,34.269101,0.932601,7288,1
7289,0.00105887,34.269224,0.932604,34.269224,0.932604,7289,1
7290,0.001059,34.269574,0.932608,34.269574,0.932608,7290,1
7291,0.00105804,34.269038,0.932605,34.269574,0.932608,7290,0
7292,0.00105801,34.269369,0.932609,34.269574,0.932609,7290,0
7293,0.00105779,34.269503,0.932609,34.269574,0.932609,7290,0
7294,0.00105751,34.2704,0.932613,34.2704,0.932613,7294,1
7295,0.0010592,34.27034,0.932613,34.2704,0.932613,7294,0
7296,0.00105845,34.270403,0.932617,34.270403,0.932617,7296,1
7297,0.00105935,34.270739,0.932617,34.270739,0.932617,7296,0
7298,0.0010591,34.270337,0.932621,34.270739,0.932621,7296,0
7299,0.0010571,34.27045,0.932618,34.270739,0.932621,7296,0
7300,0.00105893,34.270912,0.932619,34.270912,0.932621,7296,0
7301,0.00105875,34.271396,0.932623,34.271396,0.932623,7301,1
7302,0.00105911,34.270285,0.932613,34.271396,0.932623,7301,0
7303,0.00105727,34.270803,0.932616,34.271396,0.932623,7301,0
7304,0.00105869,34.27086,0.932618,34.271396,0.932623,7301,0
7305,0.0010584,34.270821,0.932619,34.271396,0.932623,7301,0
7306,0.00105727,34.270874,0.932622,34.271396,0.932623,7301,0
7307,0.00105806,34.271259,0.932624,34.271396,0.932624,7301,0
7308,0.00105897,34.270857,0.932625,34.271396,0.932625,7301,0
7309,0.00105825,34.270961,0.932627,34.271396,0.932627,7301,0
7310,0.00105798,34.271422,0.932627,34.271422,0.932627,7301,0
7311,0.00105657,34.271321,0.932627,34.271422,0.932627,7301,0
7312,0.00105764,34.271643,0.932631,34.271643,0.932631,7312,1
7313,0.00105746,34.272038,0.932632,34.272038,0.932632,7313,1
7314,0.00105752,34.271653,0.932632,34.272038,0.932632,7313,0
7315,0.00105677,34.271986,0.932635,34.272038,0.932635,7313,0
7316,0.00105825,34.27227,0.93264,34.27227,0.93264,7316,1
7317,0.00105833,34.272595,0.932642,34.272595,0.932642,7317,1
7318,0.00105583,34.272097,0.93264,34.272595,0.932642,7317,0
7319,0.00105751,34.272186,0.932642,34.272595,0.932642,7317,0
7320,0.00105786,34.272667,0.932643,34.272667,0.932643,7320,1
7321,0.00105772,34.272421,0.932644,34.272667,0.932644,7320,0
7322,0.00105678,34.272204,0.932644,34.272667,0.932644,7320,0
7323,0.00105656,34.272411,0.932649,34.272667,0.932649,7320,0
7324,0.00105773,34.272892,0.932651,34.272892,0.932651,7324,1
7325,0.00105794,34.272758,0.932652,34.272892,0.932652,7324,0
7326,0.00105851,34.273392,0.932655,34.273392,0.932655,7326,1
7327,0.0010566,34.273455,0.932655,34.273455,0.932655,7326,0
7328,0.00105653,34.273359,0.932658,34.273455,0.932658,7326,0
7329,0.00105786,34.273492,0.932658,34.273492,0.932658,7329,1
7330,0.00105731,34.27377,0.932662,34.27377,0.932662,7330,1
7331,0.00105762,34.273811,0.932661,34.273811,0.932662,7330,0
7332,0.00105692,34.273877,0.932663,34.273877,0.932663,7332,1
7333,0.00105833,34.274209,0.932665,34.274209,0.932665,7333,1
7334,0.00105568,34.274146,0.932666,34.274209,0.932666,7333,0
7335,0.00105717,34.27483,0.932669,34.27483,0.932669,7335,1
7336,0.00105899,34.274373,0.932669,34.27483,0.932669,7335,0
7337,0.00105731,34.274289,0.932672,34.27483,0.932672,7335,0
7338,0.00105734,34.274752,0.932675,34.27483,0.932675,7335,0
7339,0.00105663,34.274383,0.932676,34.27483,0.932676,7335,0
7340,0.00105656,34.27495,0.932679,34.27495,0.932679,7340,1
7341,0.00105756,34.275219,0.932677,34.275219,0.932679,7340,0
7342,0.0010569,34.275419,0.93268,34.275419,0.93268,7342,1
7343,0.00105716,34.275318,0.932682,34.275419,0.932682,7342,0
7344,0.00105818,34.275543,0.932683,34.275543,0.932683,7344,1
7345,0.00105608,34.275356,0.932681,34.275543,0.932683,7344,0
7346,0.00105342,34.275519,0.932684,34.275543,0.932684,7344,0
7347,0.00105698,34.276474,0.932686,34.276474,0.932686,7347,1
7348,0.00105626,34.276413,0.932689,34.276474,0.932689,7347,0
7349,0.00105764,34.276416,0.932689,34.276474,0.932689,7347,0
7350,0.00105709,34.276605,0.93269,34.276605,0.93269,7350,1
7351,0.00105667,34.276376,0.932693,34.276605,0.932693,7350,0
7352,0.00105698,34.276237,0.932697,34.276605,0.932697,7350,0
7353,0.00105633,34.276835,0.932698,34.276835,0.932698,7353,1
7354,0.00105678,34.277002,0.932699,34.277002,0.932699,7354,1
7355,0.00105756,34.277217,0.932701,34.277217,0.932701,7355,1
7356,0.00105601,34.277625,0.9327,34.277625,0.932701,7355,0
7357,0.00105703,34.277529,0.932705,34.277625,0.932705,7355,0
7358,0.00105726,34.277153,0.932706,34.277625,0.932706,7355,0
7359,0.00105607,34.277893,0.932709,34.277893,0.932709,7359,1
7360,0.00105631,34.276692,0.932708,34.277893,0.932709,7359,0
7361,0.00105535,34.277427,0.932707,34.277893,0.932709,7359,0
7362,0.00105631,34.276839,0.932706,34.277893,0.932709,7359,0
7363,0.00105607,34.277324,0.932708,34.277893,0.932709,7359,0
7364,0.00105511,34.277484,0.932713,34.277893,0.932713,7359,0
7365,0.00105677,34.277413,0.932713,34.277893,0.932713,7359,0
7366,0.00105639,34.277446,0.932715,34.277893,0.932715,7359,0
7367,0.00105683,34.277482,0.932716,34.277893,0.932716,7359,0
7368,0.00105678,34.277589,0.932716,34.277893,0.932716,7359,0
7369,0.00105552,34.278067,0.932718,34.278067,0.932718,7369,1
7370,0.00105525,34.277534,0.932717,34.278067,0.932718,7369,0
7371,0.00105494,34.277981,0.932718,34.278067,0.932718,7369,0
7372,0.00105542,34.278719,0.932721,34.278719,0.932721,7372,1
7373,0.00105635,34.278437,0.932723,34.278719,0.932723,7372,0
7374,0.00105656,34.278324,0.932724,34.278719,0.932724,7372,0
7375,0.00105604,34.279438,0.932729,34.279438,0.932729,7375,1
7376,0.0010557,34.279446,0.932731,34.279446,0.932731,7376,1
7377,0.00105716,34.279365,0.932733,34.279446,0.932733,7376,0
7378,0.00105566,34.280078,0.932737,34.280078,0.932737,7378,1
7379,0.00105702,34.279687,0.932736,34.280078,0.932737,7378,0
7380,0.00105687,34.278961,0.932736,34.280078,0.932737,7378,0
7381,0.00105484,34.279805,0.93274,34.280078,0.93274,7378,0
7382,0.00105582,34.279697,0.93274,34.280078,0.93274,7378,0
7383,0.00105308,34.280315,0.932748,34.280315,0.932748,7383,1
7384,0.0010551,34.280146,0.932748,34.280315,0.932748,7383,0
7385,0.00105602,34.2801,0.932748,34.280315,0.932748,7383,0
7386,0.00105599,34.279692,0.932748,34.280315,0.932748,7383,0
7387,0.00105477,34.280297,0.932751,34.280315,0.932751,7383,0
7388,0.00105575,34.280937,0.932757,34.280937,0.932757,7388,1
7389,0.00105661,34.281036,0.932758,34.281036,0.932758,7389,1
7390,0.00105492,34.281266,0.93276,34.281266,0.93276,7390,1
7391,0.00105536,34.281557,0.932762,34.281557,0.932762,7391,1
7392,0.00105573,34.281072,0.932763,34.281557,0.932763,7391,0
7393,0.00105532,34.281677,0.932763,34.281677,0.932763,7393,1
7394,0.00105563,34.28104,0.932763,34.281677,0.932763,7393,0
7395,0.0010568,34.281493,0.932763,34.281677,0.932763,7393,0
7396,0.0010542,34.281486,0.932765,34.281677,0.932765,7393,0
7397,0.00105539,34.281719,0.932768,34.281719,0.932768,7397,1
7398,0.00105418,34.282529,0.932771,34.282529,0.932771,7398,1
7399,0.00105413,34.282075,0.932771,34.282529,0.932771,7398,0
7400,0.00105535,34.282264,0.932773,34.282529,0.932773,7398,0
7401,0.00105434,34.282167,0.932772,34.282529,0.932773,7398,0
7402,0.00105561,34.282553,0.932776,34.282553,0.932776,7402,1
7403,0.00105438,34.282398,0.932776,34.282553,0.932776,7402,0
7404,0.00105494,34.283156,0.93278,34.283156,0.93278,7404,1
7405,0.00105459,34.28311,0.93278,34.283156,0.93278,7404,0
7406,0.00105543,34.282925,0.93278,34.283156,0.93278,7404,0
7407,0.00105586,34.283222,0.932782,34.283222,0.932782,7407,1
7408,0.00105529,34.283403,0.932783,34.283403,0.932783,7408,1
7409,0.00105485,34.283583,0.932786,34.283583,0.932786,7409,1
7410,0.00105546,34.283553,0.932785,34.283583,0.932786,7409,0
7411,0.00105516,34.283652,0.93279,34.283652,0.93279,7411,1
7412,0.00105638,34.28371,0.932792,34.28371,0.932792,7412,1
7413,0.00105516,34.283887,0.932796,34.283887,0.932796,7413,1
7414,0.00105323,34.283102,0.932792,34.283887,0.932796,7413,0
7415,0.0010547,34.284478,0.932796,34.284478,0.932796,7415,1
7416,0.00105399,34.284527,0.932799,34.284527,0.932799,7416,1
7417,0.00105349,34.284785,0.932802,34.284785,0.932802,7417,1
7418,0.00105421,34.284184,0.932802,34.284785,0.932802,7417,0
7419,0.00105493,34.284876,0.932802,34.284876,0.932802,7417,0
7420,0.00105484,34.284777,0.932802,34.284876,0.932802,7417,0
7421,0.00105565,34.284944,0.932807,34.284944,0.932807,7421,1
7422,0.00105445,34.285048,0.93281,34.285048,0.93281,7422,1
7423,0.00105438,34.285224,0.932811,34.285224,0.932811,7423,1
7424,0.00105467,34.285725,0.932811,34.285725,0.932811,7423,0
7425,0.00105284,34.285268,0.932811,34.285725,0.932811,7423,0
7426,0.00105215,34.285306,0.932813,34.285725,0.932813,7423,0
7427,0.00105406,34.285773,0.932817,34.285773,0.932817,7427,1
7428,0.00105627,34.28617,0.932818,34.28617,0.932818,7428,1
7429,0.00105487,34.285984,0.932819,34.28617,0.932819,7428,0
7430,0.00105403,34.286252,0.932822,34.286252,0.932822,7430,1
7431,0.00105357,34.285926,0.932821,34.286252,0.932822,7430,0
7432,0.00105486,34.285623,0.932821,34.286252,0.932822,7430,0
7433,0.00105465,34.28565,0.932827,34.286252,0.932827,7430,0
7434,0.00105383,34.286064,0.932827,34.286252,0.932827,7430,0
7435,0.00105456,34.286588,0.932828,34.286588,0.932828,7435,1
7436,0.00105338,34.286579,0.93283,34.286588,0.93283,7435,0
7437,0.00105389,34.285944,0.93283,34.286588,0.93283,7435,0
7438,0.00105357,34.286198,0.932834,34.286588,0.932834,7435,0
7439,0.00105339,34.286991,0.932833,34.286991,0.932834,7435,0
7440,0.001053,34.286318,0.932834,34.286991,0.932834,7435,0
7441,0.00105339,34.286926,0.932835,34.286991,0.932835,7435,0
7442,0.00105391,34.287062,0.932838,34.287062,0.932838,7442,1
7443,0.00105432,34.287155,0.93284,34.287155,0.93284,7443,1
7444,0.0010535,34.287533,0.932843,34.287533,0.932843,7444,1
7445,0.00105334,34.287668,0.932843,34.287668,0.932843,7445,1
7446,0.0010538,34.287833,0.932846,34.287833,0.932846,7446,1
7447,0.00105477,34.287383,0.932848,34.287833,0.932848,7446,0
7448,0.00105382,34.28708,0.932847,34.287833,0.932848,7446,0
7449,0.00105395,34.289184,0.932852,34.289184,0.932852,7449,1
7450,0.00105384,34.288088,0.932849,34.289184,0.932852,7449,0
7451,0.00105186,34.288876,0.932851,34.289184,0.932852,7449,0
7452,0.00105327,34.288215,0.932849,34.289184,0.932852,7449,0
7453,0.001054,34.288143,0.932846,34.289184,0.932852,7449,0
7454,0.00105367,34.287958,0.932849,34.289184,0.932852,7449,0
7455,0.0010543,34.287425,0.932848,34.289184,0.932852,7449,0
7456,0.00105532,34.288108,0.932851,34.289184,0.932852,7449,0
7457,0.00105241,34.288289,0.932852,34.289184,0.932852,7449,0
7458,0.00105335,34.287871,0.932854,34.289184,0.932854,7449,0
7459,0.0010547,34.288033,0.932854,34.289184,0.932854,7449,0
7460,0.00105438,34.288285,0.932856,34.289184,0.932856,7449,0
7461,0.00105358,34.288312,0.932858,34.289184,0.932858,7449,0
7462,0.00105365,34.287843,0.93286,34.289184,0.93286,7449,0
7463,0.00105312,34.288627,0.932866,34.289184,0.932866,7449,0
7464,0.00105454,34.288794,0.932867,34.289184,0.932867,7449,0
7465,0.0010537,34.288873,0.932868,34.289184,0.932868,7449,0
7466,0.00105372,34.288554,0.93287,34.289184,0.93287,7449,0
7467,0.00105354,34.28913,0.932874,34.289184,0.932874,7449,0
7468,0.00105354,34.288527,0.932872,34.289184,0.932874,7449,0
7469,0.00105273,34.289185,0.932875,34.289185,0.932875,7469,1
7470,0.00105281,34.289411,0.932877,34.289411,0.932877,7470,1
7471,0.00105249,34.289677,0.932878,34.289677,0.932878,7471,1
7472,0.00105287,34.28949,0.932879,34.289677,0.932879,7471,0
7473,0.00105248,34.289747,0.93288,34.289747,0.93288,7473,1
7474,0.00105272,34.289712,0.932882,34.289747,0.932882,7473,0
7475,0.00105181,34.290161,0.932886,34.290161,0.932886,7475,1
7476,0.00105417,34.28954,0.932886,34.290161,0.932886,7475,0
7477,0.00105318,34.28987,0.932889,34.290161,0.932889,7475,0
7478,0.00105455,34.290205,0.93289,34.290205,0.93289,7478,1
7479,0.00105146,34.290015,0.932891,34.290205,0.932891,7478,0
7480,0.00105464,34.290921,0.932896,34.290921,0.932896,7480,1
7481,0.00105335,34.290915,0.932894,34.290921,0.932896,7480,0
7482,0.00105351,34.290616,0.932894,34.290921,0.932896,7480,0
7483,0.00105302,34.290901,0.932898,34.290921,0.932898,7480,0
7484,0.00105303,34.291093,0.932902,34.291093,0.932902,7484,1
7485,0.00105217,34.291019,0.9329,34.291093,0.932902,7484,0
7486,0.00105268,34.291476,0.932902,34.291476,0.932902,7486,1
7487,0.00105315,34.291155,0.932901,34.291476,0.932902,7486,0
7488,0.00105245,34.291807,0.932907,34.291807,0.932907,7488,1
7489,0.00105214,34.291915,0.932909,34.291915,0.932909,7489,1
7490,0.00105231,34.29187,0.932909,34.291915,0.932909,7489,0
7491,0.00105139,34.291974,0.932912,34.291974,0.932912,7491,1
7492,0.00105179,34.291877,0.932915,34.291974,0.932915,7491,0
7493,0.00105217,34.291962,0.932913,34.291974,0.932915,7491,0
7494,0.00105301,34.293125,0.932915,34.293125,0.932915,7494,1
7495,0.00105303,34.292388,0.932915,34.293125,0.932915,7494,0
7496,0.00105231,34.292999,0.932915,34.293125,0.932915,7494,0
7497,0.00104972,34.293181,0.932918,34.293181,0.932918,7497,1
7498,0.00105239,34.293093,0.932918,34.293181,0.932918,7497,0
7499,0.00105151,34.293404,0.932921,34.293404,0.932921,7499,1
7500,0.00105386,34.293244,0.932924,34.293404,0.932924,7499,0
7501,0.00105319,34.293253,0.932924,34.293404,0.932924,7499,0
7502,0.00105204,34.294142,0.932925,34.294142,0.932925,7502,1
7503,0.00105263,34.29367,0.932928,34.294142,0.932928,7502,0
7504,0.00105209,34.293888,0.932929,34.294142,0.932929,7502,0
7505,0.00105185,34.293575,0.932931,34.294142,0.932931,7502,0
7506,0.00105057,34.294258,0.932933,34.294258,0.932933,7506,1
7507,0.00105284,34.293965,0.932933,34.294258,0.932933,7506,0
7508,0.00105247,34.294929,0.932937,34.294929,0.932937,7508,1
7509,0.00105224,34.294376,0.932938,34.294929,0.932938,7508,0
7510,0.00105136,34.295303,0.932942,34.295303,0.932942,7510,1
7511,0.00104964,34.295239,0.932943,34.295303,0.932943,7510,0
7512,0.00105049,34.295292,0.932944,34.295303,0.932944,7510,0
7513,0.00105122,34.294939,0.932943,34.295303,0.932944,7510,0
7514,0.00105141,34.295543,0.932947,34.295543,0.932947,7514,1
7515,0.00105178,34.295015,0.932945,34.295543,0.932947,7514,0
7516,0.00105198,34.295689,0.932948,34.295689,0.932948,7516,1
7517,0.0010511,34.295623,0.932948,34.295689,0.932948,7516,0
7518,0.0010517,34.295986,0.932955,34.295986,0.932955,7518,1
7519,0.00105154,34.296115,0.932954,34.296115,0.932955,7518,0
7520,0.00105177,34.296286,0.932955,34.296286,0.932955,7520,1
7521,0.00105062,34.296087,0.932955,34.296286,0.932955,7520,0
7522,0.00104998,34.296783,0.932955,34.296783,0.932955,7522,1
7523,0.00105364,34.296696,0.932959,34.296783,0.932959,7522,0
7524,0.00105219,34.296913,0.932961,34.296913,0.932961,7524,1
7525,0.00105199,34.296677,0.932964,34.296913,0.932964,7524,0
7526,0.00105277,34.296485,0.932965,34.296913,0.932965,7524,0
7527,0.0010511,34.297537,0.932966,34.297537,0.932966,7527,1
7528,0.00105231,34.296938,0.932966,34.297537,0.932966,7527,0
7529,0.00105009,34.29664,0.932965,34.297537,0.932966,7527,0
7530,0.00105158,34.297154,0.93297,34.297537,0.93297,7527,0
7531,0.00105093,34.29722,0.93297,34.297537,0.93297,7527,0
7532,0.00105049,34.297442,0.932974,34.297537,0.932974,7527,0
7533,0.0010513,34.296861,0.932975,34.297537,0.932975,7527,0
7534,0.00105293,34.297625,0.932974,34.297625,0.932975,7527,0
7535,0.00105166,34.297965,0.932976,34.297965,0.932976,7535,1
7536,0.00105203,34.29808,0.932979,34.29808,0.932979,7536,1
7537,0.00105171,34.29793,0.932981,34.29808,0.932981,7536,0
7538,0.00105161,34.298295,0.932982,34.298295,0.932982,7538,1
7539,0.00105114,34.298229,0.932983,34.298295,0.932983,7538,0
7540,0.00105227,34.298197,0.932984,34.298295,0.932984,7538,0
7541,0.0010506,34.297634,0.932984,34.298295,0.932984,7538,0
7542,0.00105145,34.298489,0.932989,34.298489,0.932989,7542,1
7543,0.00105102,34.298502,0.93299,34.298502,0.93299,7543,1
7544,0.00105102,34.297878,0.93299,34.298502,0.93299,7543,0
7545,0.00105052,34.299001,0.932993,34.299001,0.932993,7545,1
7546,0.00104995,34.298454,0.932994,34.299001,0.932994,7545,0
7547,0.0010502,34.299903,0.932998,34.299903,0.932998,7547,1
7548,0.00105175,34.298815,0.932997,34.299903,0.932998,7547,0
7549,0.00105137,34.299405,0.933,34.299903,0.933,7547,0
7550,0.00105044,34.29961,0.933003,34.299903,0.933003,7547,0
7551,0.00105007,34.299271,0.933003,34.299903,0.933003,7547,0
7552,0.00105055,34.299683,0.933006,34.299903,0.933006,7547,0
7553,0.00105145,34.299681,0.933006,34.299903,0.933006,7547,0
7554,0.00105114,34.300439,0.93301,34.300439,0.93301,7554,1
7555,0.00105163,34.30026,0.93301,34.300439,0.93301,7554,0
7556,0.00104942,34.299716,0.933007,34.300439,0.93301,7554,0
7557,0.00105156,34.299653,0.933007,34.300439,0.93301,7554,0
7558,0.00105127,34.299303,0.933004,34.300439,0.93301,7554,0
7559,0.00104992,34.299869,0.933006,34.300439,0.93301,7554,0
7560,0.00105225,34.299617,0.933008,34.300439,0.93301,7554,0
7561,0.00105024,34.300497,0.93301,34.300497,0.93301,7561,1
7562,0.00104979,34.299857,0.933009,34.300497,0.93301,7561,0
7563,0.00104988,34.299944,0.933012,34.300497,0.933012,7561,0
7564,0.00105103,34.300098,0.933014,34.300497,0.933014,7561,0
7565,0.00105036,34.300694,0.933016,34.300694,0.933016,7565,1
7566,0.00105019,34.300718,0.933018,34.300718,0.933018,7566,1
7567,0.00105064,34.300418,0.933018,34.300718,0.933018,7566,0
7568,0.00105094,34.301006,0.933018,34.301006,0.933018,7566,0
7569,0.00105038,34.301223,0.933021,34.301223,0.933021,7569,1
7570,0.00104872,34.301501,0.933023,34.301501,0.933023,7570,1
7571,0.00104765,34.301736,0.933028,34.301736,0.933028,7571,1
7572,0.00105125,34.30149,0.933026,34.301736,0.933028,7571,0
7573,0.00104987,34.30188,0.933027,34.30188,0.933028,7571,0
7574,0.00105028,34.301225,0.93303,34.30188,0.93303,7571,0
7575,0.00105053,34.301829,0.933031,34.30188,0.933031,7571,0
7576,0.00105079,34.301096,0.93303,34.30188,0.933031,7571,0
7577,0.0010499,34.302481,0.933034,34.302481,0.933034,7577,1
7578,0.00105079,34.30173,0.933033,34.302481,0.933034,7577,0
7579,0.00105054,34.301949,0.933037,34.302481,0.933037,7577,0
7580,0.00104891,34.301681,0.933037,34.302481,0.933037,7577,0
7581,0.00104965,34.301928,0.933039,34.302481,0.933039,7577,0
7582,0.00105108,34.302359,0.933041,34.302481,0.933041,7577,0
7583,0.00105215,34.302832,0.933043,34.302832,0.933043,7583,1
7584,0.00104844,34.302863,0.933043,34.302863,0.933043,7584,1
7585,0.00105099,34.303163,0.933049,34.303163,0.933049,7585,1
7586,0.00104981,34.3034,0.933049,34.3034,0.933049,7586,1
7587,0.00104897,34.302895,0.933046,34.3034,0.933049,7586,0
7588,0.00105077,34.303624,0.93305,34.303624,0.93305,7588,1
7589,0.00104925,34.303462,0.933052,34.303624,0.933052,7588,0
7590,0.00105111,34.303767,0.933054,34.303767,0.933054,7590,1
7591,0.00104996,34.303888,0.933054,34.303888,0.933054,7591,1
7592,0.00104994,34.303623,0.933057,34.303888,0.933057,7591,0
7593,0.00105023,34.304083,0.933057,34.304083,0.933057,7591,0
7594,0.00104968,34.304075,0.933059,34.304083,0.933059,7591,0
7595,0.00104885,34.303644,0.93306,34.304083,0.93306,7591,0
7596,0.00104786,34.304475,0.933064,34.304475,0.933064,7596,1
7597,0.0010495,34.30428,0.933065,34.304475,0.933065,7596,0
7598,0.00104981,34.304615,0.933066,34.304615,0.933066,7598,1
7599,0.00105009,34.304778,0.933067,34.304778,0.933067,7599,1
7600,0.00104845,34.304832,0.933067,34.304832,0.933067,7599,0
7601,0.00104957,34.304413,0.933068,34.304832,0.933068,7599,0
7602,0.00104984,34.305047,0.933071,34.305047,0.933071,7602,1
7603,0.00105062,34.305491,0.933074,34.305491,0.933074,7603,1
7604,0.00104818,34.304839,0.933074,34.305491,0.933074,7603,0
7605,0.00104863,34.305423,0.933078,34.305491,0.933078,7603,0
7606,0.00105034,34.305406,0.933079,34.305491,0.933079,7603,0
7607,0.00104882,34.305265,0.933077,34.305491,0.933079,7603,0
7608,0.00105034,34.305888,0.933082,34.305888,0.933082,7608,1
7609,0.00104917,34.305812,0.93308,34.305888,0.933082,7608,0
7610,0.00104985,34.306049,0.933082,34.306049,0.933082,7610,1
7611,0.00105018,34.306156,0.933084,34.306156,0.933084,7611,1
7612,0.0010492,34.306635,0.933086,34.306635,0.933086,7612,1
7613,0.00104959,34.30666,0.933087,34.30666,0.933087,7613,1
7614,0.00104811,34.307561,0.933089,34.307561,0.933089,7614,1
7615,0.00104868,34.307459,0.933092,34.307561,0.933092,7614,0
7616,0.00104925,34.306737,0.933085,34.307561,0.933092,7614,0
7617,0.00104954,34.306853,0.933088,34.307561,0.933092,7614,0
7618,0.00104964,34.306748,0.933089,34.307561,0.933092,7614,0
7619,0.00104869,34.306821,0.933091,34.307561,0.933092,7614,0
7620,0.00104873,34.306986,0.933092,34.307561,0.933092,7614,0
7621,0.00104888,34.307269,0.933091,34.307561,0.933092,7614,0
7622,0.00104744,34.306858,0.933095,34.307561,0.933095,7614,0
7623,0.00104991,34.306561,0.933094,34.307561,0.933095,7614,0
7624,0.00104982,34.307525,0.933099,34.307561,0.933099,7614,0
7625,0.00104939,34.308013,0.933102,34.308013,0.933102,7625,1
7626,0.00104774,34.307681,0.933104,34.308013,0.933104,7625,0
7627,0.0010493,34.308149,0.933106,34.308149,0.933106,7627,1
7628,0.00104874,34.307994,0.933106,34.308149,0.933106,7627,0
7629,0.00104869,34.308305,0.933108,34.308305,0.933108,7629,1
7630,0.00104863,34.3084,0.933109,34.3084,0.933109,7630,1
7631,0.00104799,34.308229,0.93311,34.3084,0.93311,7630,0
7632,0.00104814,34.308847,0.933112,34.308847,0.933112,7632,1
7633,0.00104996,34.307827,0.933113,34.308847,0.933113,7632,0
7634,0.0010473,34.307991,0.933114,34.308847,0.933114,7632,0
7635,0.00104978,34.308739,0.933118,34.308847,0.933118,7632,0
7636,0.00104833,34.308842,0.933119,34.308847,0.933119,7632,0
7637,0.00104829,34.309442,0.933122,34.309442,0.933122,7637,1
7638,0.00104912,34.308966,0.933122,34.309442,0.933122,7637,0
7639,0.00104752,34.309612,0.933123,34.309612,0.933123,7639,1
7640,0.00105042,34.309762,0.933125,34.309762,0.933125,7640,1
7641,0.00104842,34.309651,0.933127,34.309762,0.933127,7640,0
7642,0.00105031,34.310168,0.933128,34.310168,0.933128,7642,1
7643,0.00104774,34.31002,0.933131,34.310168,0.933131,7642,0
7644,0.00104783,34.310362,0.933132,34.310362,0.933132,7644,1
7645,0.00104848,34.310226,0.933132,34.310362,0.933132,7644,0
7646,0.00104717,34.310407,0.933137,34.310407,0.933137,7646,1
7647,0.00104916,34.310747,0.933137,34.310747,0.933137,7647,1
7648,0.00104886,34.310729,0.933137,34.310747,0.933137,7647,0
7649,0.00104871,34.310745,0.93314,34.310747,0.93314,7647,0
7650,0.0010487,34.310617,0.933144,34.310747,0.933144,7647,0
7651,0.00104764,34.310837,0.933144,34.310837,0.933144,7647,0
7652,0.00104853,34.310845,0.933145,34.310845,0.933145,7652,1
7653,0.0010487,34.310603,0.933146,34.310845,0.933146,7652,0
7654,0.00104785,34.311288,0.933148,34.311288,0.933148,7654,1
7655,0.00104791,34.311548,0.933152,34.311548,0.933152,7655,1
7656,0.00104715,34.311612,0.933151,34.311612,0.933152,7655,0
7657,0.00104759,34.311607,0.93315,34.311612,0.933152,7655,0
7658,0.00104945,34.311549,0.933152,34.311612,0.933152,7655,0
7659,0.00104747,34.311969,0.933155,34.311969,0.933155,7659,1
7660,0.00104719,34.312272,0.933158,34.312272,0.933158,7660,1
7661,0.00104894,34.311786,0.933156,34.312272,0.933158,7660,0
7662,0.00104661,34.312323,0.933156,34.312323,0.933158,7660,0
7663,0.00104887,34.312064,0.933159,34.312323,0.933159,7660,0
7664,0.0010478,34.311979,0.933158,34.312323,0.933159,7660,0
7665,0.0010481,34.312672,0.933163,34.312672,0.933163,7665,1
7666,0.00104703,34.312777,0.933165,34.312777,0.933165,7666,1
7667,0.00104889,34.312535,0.933165,34.312777,0.933165,7666,0
7668,0.00104598,34.31248,0.933168,34.312777,0.933168,7666,0
7669,0.00104861,34.31299,0.93317,34.31299,0.93317,7669,1
7670,0.00104734,34.312276,0.933167,34.31299,0.93317,7669,0
7671,0.00104815,34.31254,0.933171,34.31299,0.933171,7669,0
7672,0.00104731,34.312773,0.933174,34.31299,0.933174,7669,0
7673,0.00104839,34.312825,0.933174,34.31299,0.933174,7669,0
7674,0.00104598,34.31375,0.933179,34.31375,0.933179,7674,1
7675,0.00104707,34.313431,0.933175,34.31375,0.933179,7674,0
7676,0.00104937,34.312923,0.933179,34.31375,0.933179,7674,0
7677,0.00104949,34.31328,0.933181,34.31375,0.933181,7674,0
7678,0.00104728,34.313201,0.933182,34.31375,0.933182,7674,0
7679,0.00104707,34.314074,0.933184,34.314074,0.933184,7679,1
7680,0.00104917,34.31407,0.933185,34.314074,0.933185,7679,0
7681,0.00104775,34.314693,0.93319,34.314693,0.93319,7681,1
7682,0.00104702,34.314205,0.933187,34.314693,0.93319,7681,0
7683,0.00104675,34.314441,0.933186,34.314693,0.93319,7681,0
7684,0.00104712,34.315066,0.933187,34.315066,0.93319,7681,0
7685,0.00104798,34.314874,0.933188,34.315066,0.93319,7681,0
7686,0.00104769,34.31521,0.933189,34.31521,0.93319,7681,0
7687,0.00104806,34.315171,0.93319,34.31521,0.93319,7681,0
7688,0.00104685,34.315435,0.933192,34.315435,0.933192,7688,1
7689,0.00104585,34.315434,0.933192,34.315435,0.933192,7688,0
7690,0.00104494,34.315264,0.933195,34.315435,0.933195,7688,0
7691,0.00104697,34.315589,0.933193,34.315589,0.933195,7688,0
7692,0.00104759,34.315386,0.933199,34.315589,0.933199,7688,0
7693,0.00104667,34.316489,0.933198,34.316489,0.933199,7688,0
7694,0.00104788,34.316304,0.933202,34.316489,0.933202,7688,0
7695,0.00104765,34.316267,0.933204,34.316489,0.933204,7688,0
7696,0.00104485,34.316414,0.933202,34.316489,0.933204,7688,0
7697,0.00104792,34.316501,0.933205,34.316501,0.933205,7697,1
7698,0.00104797,34.316293,0.933205,34.316501,0.933205,7697,0
7699,0.00104565,34.316308,0.933207,34.316501,0.933207,7697,0
7700,0.00104641,34.316728,0.933211,34.316728,0.933211,7700,1
7701,0.00104653,34.316629,0.933209,34.316728,0.933211,7700,0
7702,0.00104778,34.317006,0.933213,34.317006,0.933213,7702,1
7703,0.00104675,34.316927,0.933213,34.317006,0.933213,7702,0
7704,0.00104585,34.316925,0.933213,34.317006,0.933213,7702,0
7705,0.0010468,34.317688,0.933213,34.317688,0.933213,7705,1
7706,0.001047,34.317689,0.933213,34.317689,0.933213,7705,0
7707,0.00104648,34.317723,0.933218,34.317723,0.933218,7707,1
7708,0.00104603,34.318134,0.933219,34.318134,0.933219,7708,1
7709,0.00104664,34.318328,0.933221,34.318328,0.933221,7709,1
7710,0.00104627,34.317703,0.933219,34.318328,0.933221,7709,0
7711,0.0010455,34.317959,0.93322,34.318328,0.933221,7709,0
7712,0.00104642,34.317849,0.933225,34.318328,0.933225,7709,0
7713,0.00104831,34.318109,0.933225,34.318328,0.933225,7709,0
7714,0.00104663,34.318382,0.933228,34.318382,0.933228,7714,1
7715,0.00104663,34.318609,0.933228,34.318609,0.933228,7715,1
7716,0.00104458,34.318137,0.933231,34.318609,0.933231,7715,0
7717,0.00104737,34.318983,0.933233,34.318983,0.933233,7717,1
7718,0.00104648,34.319168,0.933234,34.319168,0.933234,7718,1
7719,0.00104653,34.318617,0.93323,34.319168,0.933234,7718,0
7720,0.0010462,34.319318,0.933236,34.319318,0.933236,7720,1
7721,0.00104543,34.318957,0.933235,34.319318,0.933236,7720,0
7722,0.00104601,34.319421,0.933239,34.319421,0.933239,7722,1
7723,0.00104633,34.319615,0.933242,34.319615,0.933242,7723,1
7724,0.00104715,34.319792,0.933242,34.319792,0.933242,7724,1
7725,0.00104548,34.319698,0.933243,34.319792,0.933243,7724,0
7726,0.00104603,34.320522,0.933247,34.320522,0.933247,7726,1
7727,0.00104659,34.320375,0.933249,34.320522,0.933249,7726,0
7728,0.00104668,34.320016,0.933244,34.320522,0.933249,7726,0
7729,0.00104623,34.320442,0.933248,34.320522,0.933249,7726,0
7730,0.0010458,34.320165,0.933252,34.320522,0.933252,7726,0
7731,0.0010453,34.32049,0.933252,34.320522,0.933252,7726,0
7732,0.00104493,34.320489,0.933253,34.320522,0.933253,7726,0
7733,0.00104548,34.32053,0.933256,34.32053,0.933256,7733,1
7734,0.00104541,34.320433,0.933257,34.32053,0.933257,7733,0
7735,0.00104716,34.320991,0.933257,34.320991,0.933257,7733,0
7736,0.00104453,34.321047,0.933261,34.321047,0.933261,7736,1
7737,0.00104335,34.320689,0.933264,34.321047,0.933264,7736,0
7738,0.00104565,34.321705,0.933263,34.321705,0.933264,7736,0
7739,0.00104617,34.321667,0.933266,34.321705,0.933266,7736,0
7740,0.00104621,34.321433,0.933265,34.321705,0.933266,7736,0
7741,0.00104455,34.321607,0.933271,34.321705,0.933271,7736,0
7742,0.00104554,34.323286,0.933288,34.323286,0.933288,7742,1
7743,0.00104617,34.322892,0.933288,34.323286,0.933288,7742,0
7744,0.00104563,34.323301,0.933293,34.323301,0.933293,7744,1
7745,0.00104549,34.323141,0.933294,34.323301,0.933294,7744,0
7746,0.00104579,34.323861,0.933295,34.323861,0.933295,7746,1
7747,0.00104417,34.323519,0.933296,34.323861,0.933296,7746,0
7748,0.00104603,34.324011,0.933298,34.324011,0.933298,7748,1
7749,0.00104611,34.324398,0.933298,34.324398,0.933298,7748,0
7750,0.00104429,34.323908,0.933301,34.324398,0.933301,7748,0
7751,0.00104455,34.324492,0.9333,34.324492,0.933301,7748,0
7752,0.00104625,34.324643,0.933304,34.324643,0.933304,7752,1
7753,0.00104374,34.324343,0.933305,34.324643,0.933305,7752,0
7754,0.00104502,34.32487,0.933306,34.32487,0.933306,7754,1
7755,0.00104515,34.325209,0.933309,34.325209,0.933309,7755,1
7756,0.00104436,34.325562,0.93331,34.325562,0.93331,7756,1
7757,0.00104471,34.325183,0.933311,34.325562,0.933311,7756,0
7758,0.00104504,34.325787,0.933313,34.325787,0.933313,7758,1
7759,0.00104581,34.325859,0.933312,34.325859,0.933313,7758,0
7760,0.00104498,34.325983,0.933314,34.325983,0.933314,7760,1
7761,0.00104436,34.326226,0.933317,34.326226,0.933317,7761,1
7762,0.00104452,34.326109,0.933319,34.326226,0.933319,7761,0
7763,0.0010437,34.325932,0.933321,34.326226,0.933321,7761,0
7764,0.00104534,34.326062,0.933321,34.326226,0.933321,7761,0
7765,0.00104506,34.326139,0.933323,34.326226,0.933323,7761,0
7766,0.00104425,34.326615,0.933326,34.326615,0.933326,7766,1
7767,0.00104443,34.326431,0.933327,34.326615,0.933327,7766,0
7768,0.00104579,34.326799,0.933328,34.326799,0.933328,7768,1
7769,0.00104517,34.327104,0.933329,34.327104,0.933329,7769,1
7770,0.00104493,34.326869,0.933329,34.327104,0.933329,7769,0
7771,0.00104413,34.326973,0.933333,34.327104,0.933333,7769,0
7772,0.00104512,34.326983,0.933333,34.327104,0.933333,7769,0
7773,0.00104503,34.327583,0.933334,34.327583,0.933334,7773,1
7774,0.00104464,34.327276,0.933336,34.327583,0.933336,7773,0
7775,0.00104452,34.327394,0.933338,34.327583,0.933338,7773,0
7776,0.00104482,34.328171,0.933339,34.328171,0.933339,7776,1
7777,0.00104429,34.327518,0.933341,34.328171,0.933341,7776,0
7778,0.00104459,34.327399,0.93334,34.328171,0.933341,7776,0
7779,0.00104454,34.327423,0.933341,34.328171,0.933341,7776,0
7780,0.00104444,34.328404,0.933344,34.328404,0.933344,7780,1
7781,0.00104497,34.328157,0.933345,34.328404,0.933345,7780,0
7782,0.00104534,34.32831,0.933349,34.328404,0.933349,7780,0
7783,0.00104448,34.327578,0.933348,34.328404,0.933349,7780,0
7784,0.0010446,34.328303,0.93335,34.328404,0.93335,7780,0
7785,0.00104477,34.328024,0.933351,34.328404,0.933351,7780,0
7786,0.0010457,34.328356,0.933353,34.328404,0.933353,7780,0
7787,0.00104412,34.328276,0.933355,34.328404,0.933355,7780,0
7788,0.00104377,34.328758,0.933355,34.328758,0.933355,7788,1
7789,0.00104362,34.328941,0.933357,34.328941,0.933357,7789,1
7790,0.0010437,34.329013,0.93336,34.329013,0.93336,7790,1
7791,0.00104498,34.328615,0.933363,34.329013,0.933363,7790,0
7792,0.00104424,34.328473,0.933365,34.329013,0.933365,7790,0
7793,0.00104446,34.328927,0.933365,34.329013,0.933365,7790,0
7794,0.00104412,34.329559,0.933366,34.329559,0.933366,7794,1
7795,0.00104355,34.32977,0.933368,34.32977,0.933368,7795,1
7796,0.00104366,34.329881,0.93337,34.329881,0.93337,7796,1
7797,0.00104365,34.328843,0.933371,34.329881,0.933371,7796,0
7798,0.00104435,34.329385,0.933368,34.329881,0.933371,7796,0
7799,0.00104384,34.328979,0.933367,34.329881,0.933371,7796,0
7800,0.00104477,34.329595,0.933368,34.329881,0.933371,7796,0
7801,0.00104419,34.329565,0.933374,34.329881,0.933374,7796,0
7802,0.00104463,34.329454,0.933372,34.329881,0.933374,7796,0
7803,0.00104321,34.330069,0.933373,34.330069,0.933374,7796,0
7804,0.0010419,34.329874,0.933376,34.330069,0.933376,7796,0
7805,0.00104236,34.329958,0.933375,34.330069,0.933376,7796,0
7806,0.00104329,34.330035,0.933377,34.330069,0.933377,7796,0
7807,0.00104325,34.330261,0.93338,34.330261,0.93338,7807,1
7808,0.00104358,34.330283,0.93338,34.330283,0.93338,7807,0
7809,0.00104329,34.330556,0.933382,34.330556,0.933382,7809,1
7810,0.00104486,34.33105,0.933385,34.33105,0.933385,7810,1
7811,0.00104341,34.33069,0.933386,34.33105,0.933386,7810,0
7812,0.00104396,34.330866,0.933387,34.33105,0.933387,7810,0
7813,0.00104305,34.330912,0.933387,34.33105,0.933387,7810,0
7814,0.00104252,34.331113,0.933388,34.331113,0.933388,7814,1
7815,0.00104357,34.330956,0.933394,34.331113,0.933394,7814,0
7816,0.00104343,34.331112,0.933395,34.331113,0.933395,7814,0
7817,0.00104207,34.331461,0.933397,34.331461,0.933397,7817,1
7818,0.00104186,34.331354,0.933397,34.331461,0.933397,7817,0
7819,0.00104253,34.331921,0.933401,34.331921,0.933401,7819,1
7820,0.0010438,34.331656,0.9334,34.331921,0.933401,7819,0
7821,0.00104273,34.332291,0.933403,34.332291,0.933403,7821,1
7822,0.00104352,34.33135,0.933402,34.332291,0.933403,7821,0
7823,0.001043,34.332094,0.933403,34.332291,0.933403,7821,0
7824,0.00104311,34.332791,0.933405,34.332791,0.933405,7824,1
7825,0.0010423,34.332003,0.933405,34.332791,0.933405,7824,0
7826,0.00104427,34.332223,0.933406,34.332791,0.933406,7824,0
7827,0.00104406,34.332723,0.933409,34.332791,0.933409,7824,0
7828,0.0010427,34.332687,0.933411,34.332791,0.933411,7824,0
7829,0.00104285,34.33315,0.933414,34.33315,0.933414,7829,1
7830,0.00104279,34.332792,0.933411,34.33315,0.933414,7829,0
7831,0.00104379,34.333525,0.933416,34.333525,0.933416,7831,1
7832,0.00104334,34.33349,0.933417,34.333525,0.933417,7831,0
7833,0.00104336,34.33328,0.93342,34.333525,0.93342,7831,0
7834,0.00104367,34.333253,0.933421,34.333525,0.933421,7831,0
7835,0.0010429,34.333173,0.933421,34.333525,0.933421,7831,0
7836,0.00104284,34.333262,0.933421,34.333525,0.933421,7831,0
7837,0.00104462,34.33357,0.933425,34.33357,0.933425,7837,1
7838,0.00104225,34.333483,0.933423,34.33357,0.933425,7837,0
7839,0.00104387,34.333869,0.933425,34.333869,0.933425,7837,0
7840,0.00104315,34.334107,0.933428,34.334107,0.933428,7840,1
7841,0.00104177,34.333701,0.93343,34.334107,0.93343,7840,0
7842,0.00104289,34.334167,0.933432,34.334167,0.933432,7842,1
7843,0.00104157,34.334215,0.933432,34.334215,0.933432,7842,0
7844,0.00104369,34.334094,0.933435,34.334215,0.933435,7842,0
7845,0.00104411,34.333792,0.933435,34.334215,0.933435,7842,0
7846,0.0010429,34.334402,0.933434,34.334402,0.933435,7842,0
7847,0.0010427,34.33446,0.933438,34.33446,0.933438,7847,1
7848,0.00104235,34.334662,0.933439,34.334662,0.933439,7848,1
7849,0.00104386,34.334958,0.933442,34.334958,0.933442,7849,1
7850,0.00104319,34.335184,0.933445,34.335184,0.933445,7850,1
7851,0.0010417,34.335251,0.933445,34.335251,0.933445,7850,0
7852,0.00104461,34.335164,0.933443,34.335251,0.933445,7850,0
7853,0.00104251,34.335502,0.933444,34.335502,0.933445,7850,0
7854,0.00104186,34.335836,0.933445,34.335836,0.933445,7850,0
7855,0.00104239,34.335598,0.933446,34.335836,0.933446,7850,0
7856,0.00104188,34.335535,0.933446,34.335836,0.933446,7850,0
7857,0.00104302,34.33655,0.933447,34.33655,0.933447,7857,1
7858,0.00104174,34.335472,0.933447,34.33655,0.933447,7857,0
7859,0.00104199,34.335395,0.933447,34.33655,0.933447,7857,0
7860,0.00104239,34.336027,0.933452,34.33655,0.933452,7857,0
7861,0.00104327,34.335443,0.933451,34.33655,0.933452,7857,0
7862,0.00104311,34.335555,0.933452,34.33655,0.933452,7857,0
7863,0.00104212,34.335918,0.933455,34.33655,0.933455,7857,0
7864,0.00104074,34.335915,0.933456,34.33655,0.933456,7857,0
7865,0.00104064,34.335815,0.933457,34.33655,0.933457,7857,0
7866,0.00104156,34.336288,0.933461,34.33655,0.933461,7857,0
7867,0.00104322,34.336466,0.93346,34.33655,0.933461,7857,0
7868,0.00104159,34.336469,0.933462,34.33655,0.933462,7857,0
7869,0.00104116,34.337175,0.933465,34.337175,0.933465,7869,1
7870,0.00104123,34.336894,0.933469,34.337175,0.933469,7869,0
7871,0.00104293,34.337016,0.933468,34.337175,0.933469,7869,0
7872,0.00104394,34.336895,0.93347,34.337175,0.93347,7869,0
7873,0.00104246,34.336867,0.933471,34.337175,0.933471,7869,0
7874,0.00104228,34.33783,0.933472,34.33783,0.933472,7874,1
7875,0.00104256,34.337882,0.933473,34.337882,0.933473,7875,1
7876,0.00104288,34.337737,0.933475,34.337882,0.933475,7875,0
7877,0.00104261,34.337726,0.933477,34.337882,0.933477,7875,0
7878,0.00104272,34.337756,0.933477,34.337882,0.933477,7875,0
7879,0.00104053,34.337948,0.93348,34.337948,0.93348,7879,1
7880,0.00104143,34.338023,0.93348,34.338023,0.93348,7880,1
7881,0.00104206,34.338255,0.933482,34.338255,0.933482,7881,1
7882,0.00104326,34.337984,0.933484,34.338255,0.933484,7881,0
7883,0.00104124,34.338114,0.933484,34.338255,0.933484,7881,0
7884,0.00104184,34.338605,0.933488,34.338605,0.933488,7884,1
7885,0.00104177,34.338792,0.933489,34.338792,0.933489,7885,1
7886,0.00104191,34.338877,0.933491,34.338877,0.933491,7886,1
7887,0.00104147,34.339389,0.933495,34.339389,0.933495,7887,1
7888,0.00104211,34.339264,0.933496,34.339389,0.933496,7887,0
7889,0.00104405,34.339193,0.933496,34.339389,0.933496,7887,0
7890,0.00104232,34.339915,0.933501,34.339915,0.933501,7890,1
7891,0.00103988,34.339432,0.933499,34.339915,0.933501,7890,0
7892,0.00104078,34.339715,0.933502,34.339915,0.933502,7890,0
7893,0.00104058,34.339564,0.933501,34.339915,0.933502,7890,0
7894,0.0010411,34.339857,0.933505,34.339915,0.933505,7890,0
7895,0.00104099,34.339545,0.933506,34.339915,0.933506,7890,0
7896,0.0010407,34.340245,0.933507,34.340245,0.933507,7896,1
7897,0.00104226,34.339758,0.933507,34.340245,0.933507,7896,0
7898,0.00104083,34.340445,0.933508,34.340445,0.933508,7898,1
7899,0.00104167,34.340868,0.933512,34.340868,0.933512,7899,1
7900,0.00104081,34.341032,0.933513,34.341032,0.933513,7900,1
7901,0.00103971,34.340576,0.933512,34.341032,0.933513,7900,0
7902,0.00103935,34.341265,0.933514,34.341265,0.933514,7902,1
7903,0.00103998,34.341573,0.933515,34.341573,0.933515,7903,1
7904,0.00104082,34.341099,0.933516,34.341573,0.933516,7903,0
7905,0.00103967,34.340371,0.933516,34.341573,0.933516,7903,0
7906,0.00104036,34.341279,0.933522,34.341573,0.933522,7903,0
7907,0.00104024,34.341033,0.933521,34.341573,0.933522,7903,0
7908,0.00104083,34.341581,0.933524,34.341581,0.933524,7908,1
7909,0.00104147,34.341618,0.933526,34.341618,0.933526,7909,1
7910,0.00104182,34.341539,0.933527,34.341618,0.933527,7909,0
7911,0.00104054,34.341837,0.933529,34.341837,0.933529,7911,1
7912,0.00104208,34.341706,0.933529,34.341837,0.933529,7911,0
7913,0.00103978,34.34178,0.933531,34.341837,0.933531,7911,0
7914,0.00104031,34.341738,0.93353,34.341837,0.933531,7911,0
7915,0.00104106,34.342616,0.933536,34.342616,0.933536,7915,1
7916,0.00104072,34.342834,0.933537,34.342834,0.933537,7916,1
7917,0.00104171,34.342893,0.933536,34.342893,0.933537,7916,0
7918,0.00103947,34.342697,0.933538,34.342893,0.933538,7916,0
7919,0.00103997,34.343153,0.933538,34.343153,0.933538,7916,0
7920,0.00104204,34.343167,0.933541,34.343167,0.933541,7920,1
7921,0.00104097,34.343514,0.933542,34.343514,0.933542,7921,1
7922,0.00104033,34.343588,0.933545,34.343588,0.933545,7922,1
7923,0.00104014,34.343222,0.933545,34.343588,0.933545,7922,0
7924,0.00104098,34.343902,0.933545,34.343902,0.933545,7922,0
7925,0.00104054,34.34369,0.933549,34.343902,0.933549,7922,0
7926,0.00104106,34.343354,0.93355,34.343902,0.93355,7922,0
7927,0.00104065,34.344028,0.933552,34.344028,0.933552,7927,1
7928,0.00104064,34.343969,0.93355,34.344028,0.933552,7927,0
7929,0.001041,34.344167,0.933553,34.344167,0.933553,7929,1
7930,0.00104007,34.344112,0.933556,34.344167,0.933556,7929,0
7931,0.00104051,34.344215,0.933554,34.344215,0.933556,7929,0
7932,0.00104043,34.343799,0.933556,34.344215,0.933556,7929,0
7933,0.00104089,34.344476,0.933559,34.344476,0.933559,7933,1
7934,0.00104158,34.344513,0.93356,34.344513,0.93356,7934,1
7935,0.00104122,34.344469,0.933562,34.344513,0.933562,7934,0
7936,0.00104155,34.344307,0.933565,34.344513,0.933565,7934,0
7937,0.00103942,34.344932,0.933563,34.344932,0.933565,7934,0
7938,0.00104077,34.344994,0.933566,34.344994,0.933566,7938,1
7939,0.00103927,34.344969,0.933565,34.344994,0.933566,7938,0
7940,0.00104132,34.345453,0.933568,34.345453,0.933568,7940,1
7941,0.00104015,34.345591,0.933569,34.345591,0.933569,7941,1
7942,0.00104117,34.345674,0.933572,34.345674,0.933572,7942,1
7943,0.00104114,34.345871,0.933572,34.345871,0.933572,7943,1
7944,0.00103941,34.345932,0.933576,34.345932,0.933576,7944,1
7945,0.00103945,34.345896,0.933578,34.345932,0.933578,7944,0
7946,0.00104029,34.346128,0.933576,34.346128,0.933578,7944,0
7947,0.0010402,34.345695,0.933578,34.346128,0.933578,7944,0
7948,0.00103963,34.345535,0.93358,34.346128,0.93358,7944,0
7949,0.00104076,34.345579,0.933583,34.346128,0.933583,7944,0
7950,0.00104048,34.346505,0.933579,34.346505,0.933583,7944,0
7951,0.00103959,34.346015,0.933584,34.346505,0.933584,7944,0
7952,0.00104078,34.346629,0.933586,34.346629,0.933586,7952,1
7953,0.00103992,34.346528,0.933589,34.346629,0.933589,7952,0
7954,0.0010392,34.346416,0.933589,34.346629,0.933589,7952,0
7955,0.00103876,34.346406,0.933593,34.346629,0.933593,7952,0
7956,0.00104078,34.346589,0.933592,34.346629,0.933593,7952,0
7957,0.00104002,34.347008,0.933593,34.347008,0.933593,7957,1
7958,0.00103969,34.346886,0.933594,34.347008,0.933594,7957,0
7959,0.00103956,34.347374,0.933595,34.347374,0.933595,7959,1
7960,0.00104006,34.347217,0.933597,34.347374,0.933597,7959,0
7961,0.0010397,34.347752,0.933597,34.347752,0.933597,7961,1
7962,0.00104045,34.347616,0.933598,34.347752,0.933598,7961,0
7963,0.00103928,34.347972,0.9336,34.347972,0.9336,7963,1
7964,0.001041,34.347663,0.9336,34.347972,0.9336,7963,0
7965,0.00103829,34.347778,0.933601,34.347972,0.933601,7963,0
7966,0.00103942,34.348376,0.933603,34.348376,0.933603,7966,1
7967,0.00103971,34.347709,0.933605,34.348376,0.933605,7966,0
7968,0.00103893,34.348059,0.933606,34.348376,0.933606,7966,0
7969,0.00103928,34.348199,0.933606,34.348376,0.933606,7966,0
7970,0.00103868,34.348224,0.933608,34.348376,0.933608,7966,0
7971,0.00103874,34.348461,0.93361,34.348461,0.93361,7971,1
7972,0.00104058,34.348859,0.93361,34.348859,0.93361,7971,0
7973,0.00103951,34.34867,0.933613,34.348859,0.933613,7971,0
7974,0.00104013,34.349046,0.933614,34.349046,0.933614,7974,1
7975,0.0010396,34.349044,0.933617,34.349046,0.933617,7974,0
7976,0.00103886,34.349285,0.933619,34.349285,0.933619,7976,1
7977,0.00103867,34.349867,0.933621,34.349867,0.933621,7977,1
7978,0.00103757,34.34875,0.933621,34.349867,0.933621,7977,0
7979,0.00103934,34.349344,0.933623,34.349867,0.933623,7977,0
7980,0.00103887,34.349207,0.933624,34.349867,0.933624,7977,0
7981,0.00103906,34.349848,0.933622,34.349867,0.933624,7977,0
7982,0.00104018,34.349565,0.933623,34.349867,0.933624,7977,0
7983,0.00103917,34.350126,0.933626,34.350126,0.933626,7983,1
7984,0.00103837,34.349789,0.933629,34.350126,0.933629,7983,0
7985,0.00103873,34.350244,0.933629,34.350244,0.933629,7985,1
7986,0.00103798,34.350158,0.933631,34.350244,0.933631,7985,0
7987,0.00103874,34.349842,0.933631,34.350244,0.933631,7985,0
7988,0.00103941,34.350372,0.933634,34.350372,0.933634,7988,1
7989,0.0010379,34.350261,0.933635,34.350372,0.933635,7988,0
7990,0.00103864,34.35046,0.933636,34.35046,0.933636,7990,1
7991,0.0010389,34.350653,0.933637,34.350653,0.933637,7991,1
7992,0.00103824,34.35076,0.933638,34.35076,0.933638,7992,1
7993,0.00103876,34.350228,0.93364,34.35076,0.93364,7992,0
7994,0.00103864,34.350624,0.93364,34.35076,0.93364,7992,0
7995,0.00103959,34.351478,0.933642,34.351478,0.933642,7995,1
7996,0.00104058,34.351054,0.933643,34.351478,0.933643,7995,0
7997,0.00103941,34.35148,0.933643,34.35148,0.933643,7995,0
7998,0.00103965,34.350474,0.933646,34.35148,0.933646,7995,0
7999,0.00103563,34.350518,0.933647,34.35148,0.933647,7995,0
8000,0.00103816,34.351311,0.933648,34.35148,0.933648,7995,0
8001,0.00103767,34.351696,0.933651,34.351696,0.933651,8001,1
8002,0.00103921,34.351846,0.933651,34.351846,0.933651,8002,1
8003,0.00103868,34.351844,0.933654,34.351846,0.933654,8002,0
8004,0.0010385,34.351216,0.933655,34.351846,0.933655,8002,0
8005,0.00103951,34.351761,0.933657,34.351846,0.933657,8002,0
8006,0.00103903,34.352569,0.933658,34.352569,0.933658,8006,1
8007,0.00103758,34.351887,0.933658,34.352569,0.933658,8006,0
8008,0.00103825,34.352426,0.933661,34.352569,0.933661,8006,0
8009,0.00103775,34.352466,0.933663,34.352569,0.933663,8006,0
8010,0.00103881,34.352256,0.933665,34.352569,0.933665,8006,0
8011,0.0010374,34.353219,0.933666,34.353219,0.933666,8011,1
8012,0.00103732,34.35286,0.933666,34.353219,0.933666,8011,0
8013,0.00103818,34.353444,0.933667,34.353444,0.933667,8013,1
8014,0.00103766,34.353463,0.933669,34.353463,0.933669,8014,1
8015,0.00103804,34.353383,0.933673,34.353463,0.933673,8014,0
8016,0.00103742,34.353732,0.933674,34.353732,0.933674,8016,1
8017,0.00103707,34.353217,0.933674,34.353732,0.933674,8016,0
8018,0.00103812,34.353627,0.933678,34.353732,0.933678,8016,0
8019,0.00103819,34.35302,0.933678,34.353732,0.933678,8016,0
8020,0.00103794,34.353874,0.93368,34.353874,0.93368,8020,1
8021,0.00103864,34.353495,0.933679,34.353874,0.93368,8020,0
8022,0.00103663,34.353761,0.93368,34.353874,0.93368,8020,0
8023,0.00103758,34.353863,0.933681,34.353874,0.933681,8020,0
8024,0.00103732,34.353991,0.933683,34.353991,0.933683,8024,1
8025,0.00103736,34.35403,0.933684,34.35403,0.933684,8025,1
8026,0.00103956,34.354464,0.933684,34.354464,0.933684,8025,0
8027,0.00103788,34.354775,0.933687,34.354775,0.933687,8027,1
8028,0.00103812,34.355391,0.93369,34.355391,0.93369,8028,1
8029,0.00103636,34.355104,0.933687,34.355391,0.93369,8028,0
8030,0.00103797,34.354678,0.933688,34.355391,0.93369,8028,0
8031,0.00103739,34.355375,0.933691,34.355391,0.933691,8028,0
8032,0.00103758,34.35541,0.933692,34.35541,0.933692,8032,1
8033,0.00103605,34.35592,0.933695,34.35592,0.933695,8033,1
8034,0.00103846,34.355713,0.933696,34.35592,0.933696,8033,0
8035,0.00103874,34.355596,0.933699,34.35592,0.933699,8033,0
8036,0.0010366,34.355694,0.933699,34.35592,0.933699,8033,0
8037,0.00103812,34.355885,0.933701,34.35592,0.933701,8033,0
8038,0.00103755,34.355981,0.933701,34.355981,0.933701,8033,0
8039,0.00103695,34.356326,0.933705,34.356326,0.933705,8039,1
8040,0.00103703,34.356041,0.933705,34.356326,0.933705,8039,0
8041,0.00103743,34.356576,0.933707,34.356576,0.933707,8041,1
8042,0.00103848,34.356295,0.933707,34.356576,0.933707,8041,0
8043,0.0010384,34.356526,0.933712,34.356576,0.933712,8041,0
8044,0.00103688,34.3565,0.933711,34.356576,0.933712,8041,0
8045,0.0010384,34.357093,0.933715,34.357093,0.933715,8045,1
8046,0.00103546,34.356865,0.933715,34.357093,0.933715,8045,0
8047,0.00103672,34.357337,0.933712,34.357337,0.933715,8045,0
8048,0.0010375,34.35623,0.933711,34.357337,0.933715,8045,0
8049,0.00103626,34.356392,0.933712,34.357337,0.933715,8045,0
8050,0.0010363,34.356533,0.933713,34.357337,0.933715,8045,0
8051,0.00103751,34.357122,0.933716,34.357337,0.933716,8045,0
8052,0.00103707,34.356514,0.933713,34.357337,0.933716,8045,0
8053,0.00103876,34.356448,0.933715,34.357337,0.933716,8045,0
8054,0.00103762,34.356983,0.93372,34.357337,0.93372,8045,0
8055,0.00103614,34.35731,0.933721,34.357337,0.933721,8045,0
8056,0.00103914,34.357647,0.933723,34.357647,0.933723,8056,1
8057,0.00103715,34.357413,0.933724,34.357647,0.933724,8056,0
8058,0.00103689,34.358009,0.933727,34.358009,0.933727,8058,1
8059,0.00103839,34.357876,0.93373,34.358009,0.93373,8058,0
8060,0.00103853,34.357806,0.933729,34.358009,0.93373,8058,0
8061,0.00103689,34.358014,0.933733,34.358014,0.933733,8061,1
8062,0.00103861,34.357751,0.933733,34.358014,0.933733,8061,0
8063,0.00103765,34.357745,0.933733,34.358014,0.933733,8061,0
8064,0.00103714,34.358493,0.933735,34.358493,0.933735,8064,1
8065,0.00103603,34.35838,0.933737,34.358493,0.933737,8064,0
8066,0.00103674,34.35865,0.933738,34.35865,0.933738,8066,1
8067,0.00103645,34.358927,0.933742,34.358927,0.933742,8067,1
8068,0.0010368,34.358893,0.933743,34.358927,0.933743,8067,0
8069,0.00103692,34.358747,0.93374,34.358927,0.933743,8067,0
8070,0.00103735,34.359374,0.933745,34.359374,0.933745,8070,1
8071,0.00103636,34.359274,0.933746,34.359374,0.933746,8070,0
8072,0.00103759,34.358931,0.933745,34.359374,0.933746,8070,0
8073,0.00103785,34.359189,0.933748,34.359374,0.933748,8070,0
8074,0.00103658,34.359599,0.93375,34.359599,0.93375,8074,1
8075,0.00103587,34.35937,0.93375,34.359599,0.93375,8074,0
8076,0.00103543,34.359138,0.93375,34.359599,0.93375,8074,0
8077,0.00103692,34.359828,0.933753,34.359828,0.933753,8077,1
8078,0.00103662,34.359079,0.933753,34.359828,0.933753,8077,0
8079,0.00103784,34.359957,0.933756,34.359957,0.933756,8079,1
8080,0.0010371,34.360357,0.93376,34.360357,0.93376,8080,1
8081,0.00103568,34.360396,0.933758,34.360396,0.93376,8080,0
8082,0.00103683,34.360582,0.93376,34.360582,0.93376,8082,1
8083,0.00103789,34.360381,0.933759,34.360582,0.93376,8082,0
8084,0.00103647,34.360857,0.933761,34.360857,0.933761,8084,1
8085,0.00103643,34.360856,0.933765,34.360857,0.933765,8084,0
8086,0.00103539,34.360857,0.933765,34.360857,0.933765,8084,0
8087,0.0010357,34.360883,0.933762,34.360883,0.933765,8084,0
8088,0.00103711,34.360745,0.933766,34.360883,0.933766,8084,0
8089,0.00103657,34.361213,0.93377,34.361213,0.93377,8089,1
8090,0.00103539,34.360894,0.93377,34.361213,0.93377,8089,0
8091,0.00103677,34.361044,0.93377,34.361213,0.93377,8089,0
8092,0.00103618,34.361238,0.933773,34.361238,0.933773,8092,1
8093,0.0010354,34.361472,0.933774,34.361472,0.933774,8093,1
8094,0.00103817,34.361182,0.933775,34.361472,0.933775,8093,0
8095,0.00103412,34.36179,0.933779,34.36179,0.933779,8095,1
8096,0.00103466,34.362005,0.933779,34.362005,0.933779,8096,1
8097,0.00103506,34.361732,0.93378,34.362005,0.93378,8096,0
8098,0.00103688,34.362305,0.933782,34.362305,0.933782,8098,1
8099,0.00103562,34.362202,0.933782,34.362305,0.933782,8098,0
8100,0.00103703,34.362291,0.933783,34.362305,0.933783,8098,0
8101,0.00103744,34.361687,0.933783,34.362305,0.933783,8098,0
8102,0.00103668,34.362304,0.933786,34.362305,0.933786,8098,0
8103,0.00103394,34.362443,0.933786,34.362443,0.933786,8103,1
8104,0.00103638,34.362821,0.933787,34.362821,0.933787,8104,1
8105,0.00103671,34.362951,0.93379,34.362951,0.93379,8105,1
8106,0.00103627,34.362509,0.93379,34.362951,0.93379,8105,0
8107,0.00103559,34.363164,0.93379,34.363164,0.93379,8107,1
8108,0.00103564,34.363049,0.933791,34.363164,0.933791,8107,0
8109,0.00103636,34.36305,0.933792,34.363164,0.933792,8107,0
8110,0.00103571,34.363041,0.933795,34.363164,0.933795,8107,0
8111,0.00103535,34.363399,0.933796,34.363399,0.933796,8111,1
8112,0.00103504,34.362672,0.933795,34.363399,0.933796,8111,0
8113,0.00103585,34.363582,0.933797,34.363582,0.933797,8113,1
8114,0.0010365,34.363108,0.933798,34.363582,0.933798,8113,0
8115,0.00103591,34.36334,0.933798,34.363582,0.933798,8113,0
8116,0.00103567,34.363418,0.933799,34.363582,0.933799,8113,0
8117,0.00103503,34.363636,0.933802,34.363636,0.933802,8117,1
8118,0.0010362,34.363429,0.933802,34.363636,0.933802,8117,0
8119,0.00103613,34.363832,0.933804,34.363832,0.933804,8119,1
8120,0.0010359,34.364266,0.933805,34.364266,0.933805,8120,1
8121,0.00103635,34.364216,0.933809,34.364266,0.933809,8120,0
8122,0.00103464,34.36423,0.933808,34.364266,0.933809,8120,0
8123,0.00103541,34.364536,0.933811,34.364536,0.933811,8123,1
8124,0.00103533,34.364531,0.933812,34.364536,0.933812,8123,0
8125,0.00103509,34.364654,0.933812,34.364654,0.933812,8125,1
8126,0.00103573,34.364674,0.933814,34.364674,0.933814,8126,1
8127,0.00103516,34.364716,0.933817,34.364716,0.933817,8127,1
8128,0.00103523,34.364835,0.933817,34.364835,0.933817,8128,1
8129,0.00103709,34.364906,0.933817,34.364906,0.933817,8128,0
8130,0.00103673,34.364775,0.933818,34.364906,0.933818,8128,0
8131,0.00103571,34.365171,0.933821,34.365171,0.933821,8131,1
8132,0.00103592,34.365372,0.933823,34.365372,0.933823,8132,1
8133,0.00103434,34.365169,0.933825,34.365372,0.933825,8132,0
8134,0.00103445,34.365744,0.933828,34.365744,0.933828,8134,1
8135,0.00103679,34.365989,0.933828,34.365989,0.933828,8135,1
8136,0.00103531,34.365622,0.933829,34.365989,0.933829,8135,0
8137,0.00103421,34.365567,0.93383,34.365989,0.93383,8135,0
8138,0.00103521,34.366005,0.93383,34.366005,0.93383,8135,0
8139,0.00103658,34.365698,0.933832,34.366005,0.933832,8135,0
8140,0.00103599,34.365854,0.933833,34.366005,0.933833,8135,0
8141,0.00103426,34.365824,0.933834,34.366005,0.933834,8135,0
8142,0.00103519,34.365896,0.933833,34.366005,0.933834,8135,0
8143,0.00103518,34.366702,0.93384,34.366702,0.93384,8143,1
8144,0.00103384,34.366471,0.933838,34.366702,0.93384,8143,0
8145,0.00103475,34.36686,0.93384,34.36686,0.93384,8143,0
8146,0.00103495,34.366669,0.933839,34.36686,0.93384,8143,0
8147,0.00103415,34.366575,0.933841,34.36686,0.933841,8143,0
8148,0.00103454,34.36671,0.933842,34.36686,0.933842,8143,0
8149,0.00103568,34.367259,0.933843,34.367259,0.933843,8149,1
8150,0.001036,34.366996,0.933843,34.367259,0.933843,8149,0
8151,0.00103531,34.367259,0.933845,34.367259,0.933845,8151,1
8152,0.00103501,34.367914,0.933852,34.367914,0.933852,8152,1
8153,0.00103404,34.367747,0.93385,34.367914,0.933852,8152,0
8154,0.00103604,34.367736,0.933852,34.367914,0.933852,8152,0
8155,0.00103476,34.367463,0.933852,34.367914,0.933852,8152,0
8156,0.00103535,34.367876,0.933855,34.367914,0.933855,8152,0
8157,0.00103497,34.367301,0.933854,34.367914,0.933855,8152,0
8158,0.00103546,34.368245,0.933857,34.368245,0.933857,8158,1
8159,0.00103441,34.368312,0.933859,34.368312,0.933859,8159,1
8160,0.00103334,34.367678,0.933856,34.368312,0.933859,8159,0
8161,0.00103327,34.368058,0.933859,34.368312,0.933859,8159,0
8162,0.00103476,34.367789,0.933858,34.368312,0.933859,8159,0
8163,0.00103316,34.368102,0.933863,34.368312,0.933863,8159,0
8164,0.00103331,34.368458,0.933862,34.368458,0.933863,8159,0
8165,0.00103408,34.3689,0.933867,34.3689,0.933867,8165,1
8166,0.0010348,34.369338,0.933867,34.369338,0.933867,8166,1
8167,0.00103391,34.369109,0.93387,34.369338,0.93387,8166,0
8168,0.00103337,34.369089,0.933867,34.369338,0.93387,8166,0
8169,0.00103461,34.369675,0.933872,34.369675,0.933872,8169,1
8170,0.00103433,34.369341,0.933874,34.369675,0.933874,8169,0
8171,0.00103477,34.369281,0.933873,34.369675,0.933874,8169,0
8172,0.00103259,34.369281,0.933873,34.369675,0.933874,8169,0
8173,0.00103343,34.370054,0.933878,34.370054,0.933878,8173,1
8174,0.00103378,34.37023,0.933881,34.37023,0.933881,8174,1
8175,0.00103301,34.370392,0.93388,34.370392,0.933881,8174,0
8176,0.00103396,34.370199,0.933884,34.370392,0.933884,8174,0
8177,0.00103326,34.370584,0.933883,34.370584,0.933884,8174,0
8178,0.00103326,34.370349,0.933882,34.370584,0.933884,8174,0
8179,0.00103248,34.371165,0.933886,34.371165,0.933886,8179,1
8180,0.00103403,34.37069,0.933884,34.371165,0.933886,8179,0
8181,0.00103313,34.371037,0.933887,34.371165,0.933887,8179,0
8182,0.0010332,34.371131,0.933887,34.371165,0.933887,8179,0
8183,0.00103456,34.371355,0.933888,34.371355,0.933888,8183,1
8184,0.00103415,34.371371,0.933886,34.371371,0.933888,8183,0
8185,0.00103254,34.371737,0.933888,34.371737,0.933888,8183,0
8186,0.00103396,34.371789,0.93389,34.371789,0.93389,8186,1
8187,0.00103316,34.371652,0.933893,34.371789,0.933893,8186,0
8188,0.00103529,34.371551,0.933895,34.371789,0.933895,8186,0
8189,0.00103384,34.372257,0.933894,34.372257,0.933895,8186,0
8190,0.00103455,34.372277,0.933898,34.372277,0.933898,8190,1
8191,0.0010328,34.372186,0.933898,34.372277,0.933898,8190,0
8192,0.00103351,34.372045,0.933902,34.372277,0.933902,8190,0
8193,0.00103471,34.372562,0.933902,34.372562,0.933902,8193,1
8194,0.00103286,34.372692,0.933905,34.372692,0.933905,8194,1
8195,0.00103329,34.37316,0.933904,34.37316,0.933905,8194,0
8196,0.00103341,34.3729,0.933907,34.37316,0.933907,8194,0
8197,0.00103353,34.37289,0.933907,34.37316,0.933907,8194,0
8198,0.00103385,34.372736,0.933909,34.37316,0.933909,8194,0
8199,0.00103306,34.373221,0.933908,34.373221,0.933909,8194,0
8200,0.00103342,34.373239,0.93391,34.373239,0.93391,8200,1
8201,0.00103226,34.373641,0.933907,34.373641,0.93391,8200,0
8202,0.00103406,34.373589,0.933911,34.373641,0.933911,8200,0
8203,0.00103376,34.373639,0.933911,34.373641,0.933911,8200,0
8204,0.00103404,34.374298,0.933912,34.374298,0.933912,8204,1
8205,0.00103235,34.37364,0.933913,34.374298,0.933913,8204,0
8206,0.00103259,34.374257,0.933916,34.374298,0.933916,8204,0
8207,0.00103224,34.374774,0.933919,34.374774,0.933919,8207,1
8208,0.00103109,34.374649,0.933921,34.374774,0.933921,8207,0
8209,0.00103365,34.37493,0.933921,34.37493,0.933921,8207,0
8210,0.00103116,34.374495,0.933924,34.37493,0.933924,8207,0
8211,0.00103399,34.374307,0.933928,34.37493,0.933928,8207,0
8212,0.00103294,34.374584,0.933929,34.37493,0.933929,8207,0
8213,0.00103363,34.374359,0.933928,34.37493,0.933929,8207,0
8214,0.00103248,34.375125,0.933933,34.375125,0.933933,8214,1
8215,0.00103371,34.37497,0.933932,34.375125,0.933933,8214,0
8216,0.00103232,34.375003,0.933934,34.375125,0.933934,8214,0
8217,0.00103193,34.375559,0.933936,34.375559,0.933936,8217,1
8218,0.00103137,34.375373,0.933936,34.375559,0.933936,8217,0
8219,0.00103378,34.375207,0.933938,34.375559,0.933938,8217,0
8220,0.00103337,34.375244,0.933938,34.375559,0.933938,8217,0
8221,0.00103379,34.375866,0.933942,34.375866,0.933942,8221,1
8222,0.00103358,34.375501,0.933942,34.375866,0.933942,8221,0
8223,0.00103243,34.375688,0.933943,34.375866,0.933943,8221,0
8224,0.00103289,34.375866,0.933941,34.375866,0.933943,8221,0
8225,0.0010332,34.375949,0.933943,34.375949,0.933943,8221,0
8226,0.00103342,34.375691,0.933944,34.375949,0.933944,8221,0
8227,0.00103332,34.375844,0.933947,34.375949,0.933947,8221,0
8228,0.00103256,34.376863,0.933949,34.376863,0.933949,8228,1
8229,0.00103227,34.376698,0.933951,34.376863,0.933951,8228,0
8230,0.00103369,34.376946,0.93395,34.376946,0.933951,8228,0
8231,0.00103238,34.376863,0.93395,34.376946,0.933951,8228,0
8232,0.00103329,34.378361,0.933974,34.378361,0.933974,8232,1
8233,0.0010323,34.378222,0.933976,34.378361,0.933976,8232,0
8234,0.00103213,34.378253,0.933976,34.378361,0.933976,8232,0
8235,0.00103306,34.378641,0.933978,34.378641,0.933978,8235,1
8236,0.00103293,34.379311,0.933985,34.379311,0.933985,8236,1
8237,0.00103226,34.37862,0.933982,34.379311,0.933985,8236,0
8238,0.00103307,34.379495,0.933985,34.379495,0.933985,8236,0
8239,0.00103283,34.379279,0.933984,34.379495,0.933985,8236,0
8240,0.00103355,34.378927,0.933984,34.379495,0.933985,8236,0
8241,0.00103293,34.379712,0.933988,34.379712,0.933988,8241,1
8242,0.00103124,34.379593,0.933986,34.379712,0.933988,8241,0
8243,0.00103212,34.379692,0.933988,34.379712,0.933988,8241,0
8244,0.00103241,34.379444,0.933989,34.379712,0.933989,8241,0
8245,0.00103206,34.380203,0.933993,34.380203,0.933993,8245,1
8246,0.00103246,34.380172,0.933994,34.380203,0.933994,8245,0
8247,0.00103196,34.380609,0.933996,34.380609,0.933996,8247,1
8248,0.00103239,34.379739,0.933994,34.380609,0.933996,8247,0
8249,0.00103222,34.380059,0.933996,34.380609,0.933996,8247,0
8250,0.00103128,34.380436,0.933998,34.380609,0.933998,8247,0
8251,0.00103145,34.380935,0.933999,34.380935,0.933999,8251,1
8252,0.00103273,34.380894,0.933997,34.380935,0.933999,8251,0
8253,0.0010323,34.381087,0.934001,34.381087,0.934001,8253,1
8254,0.00103198,34.381025,0.934001,34.381087,0.934001,8253,0
8255,0.00103238,34.381193,0.934004,34.381193,0.934004,8255,1
8256,0.00103209,34.38156,0.934006,34.38156,0.934006,8256,1
8257,0.00103338,34.381481,0.934007,34.38156,0.934007,8256,0
8258,0.0010327,34.381684,0.934006,34.381684,0.934007,8256,0
8259,0.00103314,34.381941,0.934009,34.381941,0.934009,8259,1
8260,0.00103067,34.382352,0.934012,34.382352,0.934012,8260,1
8261,0.00103193,34.382424,0.934014,34.382424,0.934014,8261,1
8262,0.00103198,34.38201,0.934015,34.382424,0.934015,8261,0
8263,0.00103209,34.38244,0.934016,34.38244,0.934016,8263,1
8264,0.00103151,34.381981,0.934014,34.38244,0.934016,8263,0
8265,0.00103098,34.382307,0.934014,34.38244,0.934016,8263,0
8266,0.00103143,34.382618,0.934018,34.382618,0.934018,8266,1
8267,0.00103189,34.382335,0.934015,34.382618,0.934018,8266,0
8268,0.00103139,34.382392,0.934018,34.382618,0.934018,8266,0
8269,0.00103061,34.382345,0.934019,34.382618,0.934019,8266,0
8270,0.00103263,34.382815,0.93402,34.382815,0.93402,8270,1
8271,0.00103219,34.382772,0.934021,34.382815,0.934021,8270,0
8272,0.00103164,34.382525,0.934025,34.382815,0.934025,8270,0
8273,0.00103084,34.382921,0.934025,34.382921,0.934025,8273,1
8274,0.00103022,34.383472,0.934027,34.383472,0.934027,8274,1
8275,0.00103235,34.383634,0.934027,34.383634,0.934027,8275,1
8276,0.00103166,34.383199,0.934029,34.383634,0.934029,8275,0
8277,0.00103212,34.38347,0.93403,34.383634,0.93403,8275,0
8278,0.00103039,34.383241,0.934033,34.383634,0.934033,8275,0
8279,0.00103215,34.383397,0.934031,34.383634,0.934033,8275,0
8280,0.00103163,34.383421,0.934032,34.383634,0.934033,8275,0
8281,0.00103191,34.383895,0.934032,34.383895,0.934033,8275,0
8282,0.00103185,34.383814,0.934033,34.383895,0.934033,8275,0
8283,0.00102979,34.383862,0.934036,34.383895,0.934036,8275,0
8284,0.00103147,34.384119,0.934039,34.384119,0.934039,8284,1
8285,0.00103108,34.38461,0.934039,34.38461,0.934039,8285,1
8286,0.0010318,34.384348,0.934042,34.38461,0.934042,8285,0
8287,0.0010327,34.384324,0.934042,34.38461,0.934042,8285,0
8288,0.00103217,34.384394,0.934043,34.38461,0.934043,8285,0
8289,0.00103013,34.384107,0.934043,34.38461,0.934043,8285,0
8290,0.00103136,34.38425,0.934039,34.38461,0.934043,8285,0
8291,0.00103145,34.384002,0.934042,34.38461,0.934043,8285,0
8292,0.0010302,34.383852,0.934037,34.38461,0.934043,8285,0
8293,0.00103154,34.38403,0.934042,34.38461,0.934043,8285,0
8294,0.00103103,34.384112,0.934043,34.38461,0.934043,8285,0
8295,0.00103101,34.384542,0.934047,34.38461,0.934047,8285,0
8296,0.0010311,34.384356,0.934049,34.38461,0.934049,8285,0
8297,0.00103025,34.384312,0.934048,34.38461,0.934049,8285,0
8298,0.00103189,34.384347,0.934051,34.38461,0.934051,8285,0
8299,0.00103089,34.384449,0.934053,34.38461,0.934053,8285,0
8300,0.00103066,34.384952,0.934053,34.384952,0.934053,8300,1
8301,0.00103123,34.384459,0.934055,34.384952,0.934055,8300,0
8302,0.00103061,34.384527,0.934055,34.384952,0.934055,8300,0
8303,0.00103131,34.384603,0.934059,34.384952,0.934059,8300,0
8304,0.0010316,34.385126,0.934059,34.385126,0.934059,8300,0
8305,0.00103191,34.384972,0.934058,34.385126,0.934059,8300,0
8306,0.00103102,34.38554,0.934063,34.38554,0.934063,8306,1
8307,0.0010311,34.385477,0.934061,34.38554,0.934063,8306,0
8308,0.00103147,34.385216,0.934062,34.38554,0.934063,8306,0
8309,0.00103041,34.385785,0.934066,34.385785,0.934066,8309,1
8310,0.0010301,34.386268,0.934065,34.386268,0.934066,8309,0
8311,0.00103093,34.386361,0.934069,34.386361,0.934069,8311,1
8312,0.00103083,34.386036,0.934067,34.386361,0.934069,8311,0
8313,0.00103084,34.385528,0.93407,34.386361,0.93407,8311,0
8314,0.00103131,34.385725,0.934071,34.386361,0.934071,8311,0
8315,0.00103071,34.385704,0.934074,34.386361,0.934074,8311,0
8316,0.00103022,34.386001,0.934076,34.386361,0.934076,8311,0
8317,0.00102919,34.386236,0.934078,34.386361,0.934078,8311,0
8318,0.00103033,34.386549,0.934079,34.386549,0.934079,8318,1
8319,0.00103066,34.386938,0.93408,34.386938,0.93408,8319,1
8320,0.00102934,34.387078,0.934082,34.387078,0.934082,8320,1
8321,0.0010308,34.387018,0.934081,34.387078,0.934082,8320,0
8322,0.00103141,34.3867,0.934084,34.387078,0.934084,8320,0
8323,0.00102885,34.386315,0.934081,34.387078,0.934084,8320,0
8324,0.00103132,34.387348,0.93409,34.387348,0.93409,8324,1
8325,0.00102933,34.387397,0.934089,34.387397,0.93409,8324,0
8326,0.00102967,34.387505,0.93409,34.387505,0.93409,8324,0
8327,0.00103011,34.387154,0.93409,34.387505,0.93409,8324,0
8328,0.00102994,34.387992,0.934093,34.387992,0.934093,8328,1
8329,0.00102956,34.387425,0.934094,34.387992,0.934094,8328,0
8330,0.00102933,34.387649,0.934095,34.387992,0.934095,8328,0
8331,0.00103164,34.388167,0.934097,34.388167,0.934097,8331,1
8332,0.00102989,34.388184,0.934097,34.388184,0.934097,8331,0
8333,0.00103002,34.388517,0.9341,34.388517,0.9341,8333,1
8334,0.00102958,34.388778,0.9341,34.388778,0.9341,8333,0
8335,0.00102956,34.388399,0.934101,34.388778,0.934101,8333,0
8336,0.00103095,34.388212,0.934102,34.388778,0.934102,8333,0
8337,0.00102996,34.388713,0.934107,34.388778,0.934107,8333,0
8338,0.00102959,34.388622,0.934105,34.388778,0.934107,8333,0
8339,0.00103016,34.388875,0.934105,34.388875,0.934107,8333,0
8340,0.00103126,34.389487,0.934109,34.389487,0.934109,8340,1
8341,0.00102981,34.388886,0.934108,34.389487,0.934109,8340,0
8342,0.00103063,34.389235,0.934108,34.389487,0.934109,8340,0
8343,0.00102871,34.389219,0.934108,34.389487,0.934109,8340,0
8344,0.00103061,34.389513,0.934113,34.389513,0.934113,8344,1
8345,0.00102946,34.38975,0.934114,34.38975,0.934114,8345,1
8346,0.00102867,34.389162,0.934112,34.38975,0.934114,8345,0
8347,0.0010294,34.389901,0.934116,34.389901,0.934116,8347,1
8348,0.00103065,34.38998,0.934116,34.38998,0.934116,8348,1
8349,0.0010298,34.390011,0.934119,34.390011,0.934119,8349,1
8350,0.00102974,34.390367,0.93412,34.390367,0.93412,8350,1
8351,0.0010292,34.390449,0.934122,34.390449,0.934122,8351,1
8352,0.00102902,34.390422,0.93412,34.390449,0.934122,8351,0
8353,0.00102888,34.390697,0.934122,34.390697,0.934122,8353,1
8354,0.00102937,34.390549,0.934124,34.390697,0.934124,8353,0
8355,0.00103056,34.391019,0.934124,34.391019,0.934124,8355,1
8356,0.00102885,34.391108,0.934123,34.391108,0.934124,8355,0
8357,0.00102882,34.390224,0.934123,34.391108,0.934124,8355,0
8358,0.00102837,34.39091,0.934125,34.391108,0.934125,8355,0
8359,0.00102947,34.390139,0.934127,34.391108,0.934127,8355,0
8360,0.00102911,34.390745,0.934131,34.391108,0.934131,8355,0
8361,0.0010305,34.390812,0.934133,34.391108,0.934133,8355,0
8362,0.00102826,34.390995,0.934137,34.391108,0.934137,8355,0
8363,0.00102911,34.390773,0.934137,34.391108,0.934137,8355,0
8364,0.00102933,34.390927,0.934137,34.391108,0.934137,8355,0
8365,0.00102844,34.39108,0.934141,34.391108,0.934141,8355,0
8366,0.00102968,34.391331,0.93414,34.391331,0.934141,8355,0
8367,0.00102923,34.391565,0.934144,34.391565,0.934144,8367,1
8368,0.00102832,34.391126,0.934143,34.391565,0.934144,8367,0
8369,0.00102951,34.390889,0.934145,34.391565,0.934145,8367,0
8370,0.0010306,34.390887,0.934147,34.391565,0.934147,8367,0
8371,0.0010302,34.391288,0.934146,34.391565,0.934147,8367,0
8372,0.00102786,34.391085,0.93415,34.391565,0.93415,8367,0
8373,0.00102709,34.39123,0.934153,34.391565,0.934153,8367,0
8374,0.00102795,34.391295,0.934153,34.391565,0.934153,8367,0
8375,0.00103142,34.391237,0.934156,34.391565,0.934156,8367,0
8376,0.00102947,34.391304,0.934156,34.391565,0.934156,8367,0
8377,0.00102916,34.390993,0.934157,34.391565,0.934157,8367,0
8378,0.00102868,34.391955,0.934159,34.391955,0.934159,8378,1
8379,0.00103012,34.392141,0.934161,34.392141,0.934161,8379,1
8380,0.00103097,34.391893,0.934164,34.392141,0.934164,8379,0
8381,0.0010292,34.39193,0.934165,34.392141,0.934165,8379,0
8382,0.00102732,34.392087,0.934164,34.392141,0.934165,8379,0
8383,0.00102857,34.392368,0.934166,34.392368,0.934166,8383,1
8384,0.00102908,34.392722,0.934166,34.392722,0.934166,8384,1
8385,0.00102836,34.392131,0.934168,34.392722,0.934168,8384,0
8386,0.00102992,34.392798,0.934169,34.392798,0.934169,8386,1
8387,0.00102786,34.39286,0.93417,34.39286,0.93417,8387,1
8388,0.00102843,34.393262,0.934174,34.393262,0.934174,8388,1
8389,0.00102844,34.392715,0.934174,34.393262,0.934174,8388,0
8390,0.00102921,34.393251,0.934173,34.393262,0.934174,8388,0
8391,0.00102855,34.39257,0.934173,34.393262,0.934174,8388,0
8392,0.00103019,34.392861,0.934176,34.393262,0.934176,8388,0
8393,0.0010274,34.393004,0.934176,34.393262,0.934176,8388,0
8394,0.00102905,34.392949,0.934177,34.393262,0.934177,8388,0
8395,0.00102752,34.393545,0.934181,34.393545,0.934181,8395,1
8396,0.00102944,34.393632,0.934182,34.393632,0.934182,8396,1
8397,0.00102871,34.393596,0.934185,34.393632,0.934185,8396,0
8398,0.00102753,34.39368,0.934183,34.39368,0.934185,8396,0
8399,0.00102746,34.394387,0.934189,34.394387,0.934189,8399,1
8400,0.00102905,34.394423,0.934189,34.394423,0.934189,8399,0
8401,0.00102806,34.393911,0.934187,34.394423,0.934189,8399,0
8402,0.00102881,34.39495,0.934193,34.39495,0.934193,8402,1
8403,0.00102749,34.394713,0.934192,34.39495,0.934193,8402,0
8404,0.00102825,34.39427,0.934194,34.39495,0.934194,8402,0
8405,0.00102796,34.394895,0.934197,34.39495,0.934197,8402,0
8406,0.001029,34.394759,0.934197,34.39495,0.934197,8402,0
8407,0.00102872,34.394882,0.934193,34.39495,0.934197,8402,0
8408,0.00102837,34.394632,0.934193,34.39495,0.934197,8402,0
8409,0.00102845,34.394048,0.934195,34.39495,0.934197,8402,0
8410,0.00102865,34.3946,0.934198,34.39495,0.934198,8402,0
8411,0.00102878,34.394585,0.934197,34.39495,0.934198,8402,0
8412,0.00102707,34.3948,0.9342,34.39495,0.9342,8402,0
8413,0.00102677,34.39501,0.9342,34.39501,0.9342,8402,0
8414,0.00102876,34.395445,0.934204,34.395445,0.934204,8414,1
8415,0.00102865,34.395449,0.934204,34.395449,0.934204,8415,1
8416,0.00102805,34.395352,0.934203,34.395449,0.934204,8415,0
8417,0.00102643,34.395794,0.934207,34.395794,0.934207,8417,1
8418,0.00102694,34.395719,0.934207,34.395794,0.934207,8417,0
8419,0.00102717,34.396424,0.934207,34.396424,0.934207,8417,0
8420,0.00102788,34.396101,0.934209,34.396424,0.934209,8417,0
8421,0.00102831,34.396286,0.934212,34.396424,0.934212,8417,0
8422,0.00102869,34.396309,0.934212,34.396424,0.934212,8417,0
8423,0.00102801,34.396366,0.934214,34.396424,0.934214,8417,0
8424,0.00102754,34.396551,0.934217,34.396551,0.934217,8424,1
8425,0.00102746,34.396964,0.934218,34.396964,0.934218,8425,1
8426,0.00102882,34.39673,0.934218,34.396964,0.934218,8425,0
8427,0.00102636,34.39655,0.934218,34.396964,0.934218,8425,0
8428,0.00102687,34.396684,0.934217,34.396964,0.934218,8425,0
8429,0.0010283,34.396875,0.934222,34.396964,0.934222,8425,0
8430,0.0010281,34.396733,0.934222,34.396964,0.934222,8425,0
8431,0.0010272,34.397108,0.934225,34.397108,0.934225,8431,1
8432,0.00102753,34.3974,0.934225,34.3974,0.934225,8432,1
8433,0.0010276,34.397543,0.934225,34.397543,0.934225,8433,1
8434,0.00102683,34.397483,0.934227,34.397543,0.934227,8433,0
8435,0.00102806,34.397703,0.934228,34.397703,0.934228,8435,1
8436,0.00102714,34.397792,0.93423,34.397792,0.93423,8436,1
8437,0.0010264,34.398415,0.934231,34.398415,0.934231,8437,1
8438,0.00102673,34.398758,0.934233,34.398758,0.934233,8438,1
8439,0.00102833,34.398416,0.934234,34.398758,0.934234,8438,0
8440,0.00102708,34.398444,0.934235,34.398758,0.934235,8438,0
8441,0.00102825,34.398348,0.934236,34.398758,0.934236,8438,0
8442,0.00102593,34.398536,0.934236,34.398758,0.934236,8438,0
8443,0.00102872,34.3987,0.934237,34.398758,0.934237,8438,0
8444,0.00102576,34.398911,0.93424,34.398911,0.93424,8444,1
8445,0.00102812,34.398806,0.93424,34.398911,0.93424,8444,0
8446,0.00102756,34.398883,0.934242,34.398911,0.934242,8444,0
8447,0.00102834,34.399119,0.934247,34.399119,0.934247,8447,1
8448,0.00102726,34.399347,0.934247,34.399347,0.934247,8448,1
8449,0.00102643,34.399333,0.934248,34.399347,0.934248,8448,0
8450,0.00102724,34.399352,0.934249,34.399352,0.934249,8450,1
8451,0.00102734,34.399772,0.934249,34.399772,0.934249,8450,0
8452,0.00102876,34.399739,0.93425,34.399772,0.93425,8450,0
8453,0.00102621,34.399953,0.934252,34.399953,0.934252,8453,1
8454,0.00102599,34.400008,0.934252,34.400008,0.934252,8453,0
8455,0.00102687,34.399972,0.934253,34.400008,0.934253,8453,0
8456,0.00102604,34.400102,0.934256,34.400102,0.934256,8456,1
8457,0.00102627,34.399812,0.934257,34.400102,0.934257,8456,0
8458,0.00102737,34.399879,0.934261,34.400102,0.934261,8456,0
8459,0.00102532,34.400357,0.934261,34.400357,0.934261,8459,1
8460,0.00102846,34.400578,0.934262,34.400578,0.934262,8460,1
8461,0.0010261,34.400489,0.934263,34.400578,0.934263,8460,0
8462,0.00102822,34.400736,0.934266,34.400736,0.934266,8462,1
8463,0.00102736,34.400507,0.934267,34.400736,0.934267,8462,0
8464,0.00102525,34.401143,0.934268,34.401143,0.934268,8464,1
8465,0.00102805,34.401051,0.934268,34.401143,0.934268,8464,0
8466,0.00102544,34.401283,0.93427,34.401283,0.93427,8466,1
8467,0.00102632,34.401211,0.934271,34.401283,0.934271,8466,0
8468,0.00102716,34.401371,0.934272,34.401371,0.934272,8468,1
8469,0.00102729,34.401585,0.934274,34.401585,0.934274,8469,1
8470,0.00102838,34.40116,0.934275,34.401585,0.934275,8469,0
8471,0.0010275,34.401432,0.934277,34.401585,0.934277,8469,0
8472,0.00102746,34.401914,0.934277,34.401914,0.934277,8469,0
8473,0.00102602,34.401735,0.934279,34.401914,0.934279,8469,0
8474,0.00102691,34.401885,0.934281,34.401914,0.934281,8469,0
8475,0.0010271,34.402658,0.934284,34.402658,0.934284,8475,1
8476,0.00102686,34.402628,0.934285,34.402658,0.934285,8475,0
8477,0.00102861,34.402629,0.934285,34.402658,0.934285,8475,0
8478,0.00102657,34.402856,0.934287,34.402856,0.934287,8478,1
8479,0.00102575,34.403164,0.934287,34.403164,0.934287,8478,0
8480,0.00102691,34.403087,0.93429,34.403164,0.93429,8478,0
8481,0.00102494,34.403252,0.93429,34.403252,0.93429,8478,0
8482,0.00102601,34.403068,0.93429,34.403252,0.93429,8478,0
8483,0.00102638,34.403397,0.934292,34.403397,0.934292,8483,1
8484,0.00102764,34.403472,0.934293,34.403472,0.934293,8484,1
8485,0.00102642,34.403485,0.934296,34.403485,0.934296,8485,1
8486,0.00102664,34.403244,0.934298,34.403485,0.934298,8485,0
8487,0.00102673,34.40369,0.934298,34.40369,0.934298,8487,1
8488,0.00102696,34.4039,0.934298,34.4039,0.934298,8488,1
8489,0.00102537,34.403752,0.934299,34.4039,0.934299,8488,0
8490,0.00102594,34.404301,0.934302,34.404301,0.934302,8490,1
8491,0.00102578,34.404032,0.934301,34.404301,0.934302,8490,0
8492,0.00102637,34.404208,0.934302,34.404301,0.934302,8490,0
8493,0.00102562,34.404754,0.934303,34.404754,0.934303,8493,1
8494,0.00102609,34.404339,0.934306,34.404754,0.934306,8493,0
8495,0.00102665,34.403928,0.934306,34.404754,0.934306,8493,0
8496,0.00102639,34.404499,0.934309,34.404754,0.934309,8493,0
8497,0.00102445,34.404302,0.934309,34.404754,0.934309,8493,0
8498,0.00102464,34.404496,0.934312,34.404754,0.934312,8493,0
8499,0.00102746,34.405339,0.934313,34.405339,0.934313,8499,1
8500,0.00102607,34.404889,0.934312,34.405339,0.934313,8499,0
8501,0.00102525,34.405371,0.934314,34.405371,0.934314,8501,1
8502,0.00102619,34.404664,0.934316,34.405371,0.934316,8501,0
8503,0.00102514,34.405303,0.934318,34.405371,0.934318,8501,0
8504,0.00102626,34.405426,0.934319,34.405426,0.934319,8504,1
8505,0.00102653,34.405807,0.934324,34.405807,0.934324,8505,1
8506,0.0010248,34.405765,0.934323,34.405807,0.934324,8505,0
8507,0.001027,34.405314,0.934322,34.405807,0.934324,8505,0
8508,0.00102625,34.405819,0.934323,34.405819,0.934324,8505,0
8509,0.00102641,34.40589,0.934325,34.40589,0.934325,8509,1
8510,0.00102601,34.405931,0.934325,34.405931,0.934325,8510,1
8511,0.00102487,34.406475,0.934326,34.406475,0.934326,8511,1
8512,0.00102653,34.406057,0.934328,34.406475,0.934328,8511,0
8513,0.00102699,34.405661,0.934329,34.406475,0.934329,8511,0
8514,0.00102604,34.406212,0.934329,34.406475,0.934329,8511,0
8515,0.00102444,34.406363,0.934332,34.406475,0.934332,8511,0
8516,0.00102672,34.406511,0.934334,34.406511,0.934334,8516,1
8517,0.00102568,34.406053,0.934336,34.406511,0.934336,8516,0
8518,0.0010259,34.406357,0.934335,34.406511,0.934336,8516,0
8519,0.00102407,34.406489,0.934338,34.406511,0.934338,8516,0
8520,0.001025,34.406708,0.934338,34.406708,0.934338,8520,1
8521,0.00102454,34.406653,0.93434,34.406708,0.93434,8520,0
8522,0.00102648,34.40727,0.934342,34.40727,0.934342,8522,1
8523,0.00102639,34.407088,0.934341,34.40727,0.934342,8522,0
8524,0.00102499,34.406775,0.934343,34.40727,0.934343,8522,0
8525,0.00102614,34.407276,0.934347,34.407276,0.934347,8525,1
8526,0.00102435,34.406973,0.934346,34.407276,0.934347,8525,0
8527,0.00102567,34.407693,0.934347,34.407693,0.934347,8527,1
8528,0.00102484,34.407483,0.934348,34.407693,0.934348,8527,0
8529,0.00102615,34.407572,0.934352,34.407693,0.934352,8527,0
8530,0.00102569,34.407884,0.934352,34.407884,0.934352,8530,1
8531,0.0010256,34.407292,0.934353,34.407884,0.934353,8530,0
8532,0.00102444,34.407689,0.934355,34.407884,0.934355,8530,0
8533,0.00102586,34.407309,0.934354,34.407884,0.934355,8530,0
8534,0.001024,34.408119,0.934356,34.408119,0.934356,8534,1
8535,0.0010259,34.408053,0.934358,34.408119,0.934358,8534,0
8536,0.00102451,34.408853,0.93436,34.408853,0.93436,8536,1
8537,0.00102409,34.407761,0.934358,34.408853,0.93436,8536,0
8538,0.00102364,34.407982,0.934359,34.408853,0.93436,8536,0
8539,0.00102602,34.408335,0.93436,34.408853,0.93436,8536,0
8540,0.0010255,34.408306,0.934361,34.408853,0.934361,8536,0
8541,0.00102486,34.408814,0.93436,34.408853,0.934361,8536,0
8542,0.0010254,34.408987,0.934363,34.408987,0.934363,8542,1
8543,0.00102492,34.408674,0.934366,34.408987,0.934366,8542,0
8544,0.00102525,34.408554,0.934365,34.408987,0.934366,8542,0
8545,0.00102382,34.408791,0.934367,34.408987,0.934367,8542,0
8546,0.00102267,34.408957,0.934369,34.408987,0.934369,8542,0
8547,0.00102494,34.409579,0.934371,34.409579,0.934371,8547,1
8548,0.00102455,34.409681,0.934371,34.409681,0.934371,8547,0
8549,0.00102466,34.409696,0.934373,34.409696,0.934373,8549,1
8550,0.00102467,34.40951,0.934373,34.409696,0.934373,8549,0
8551,0.00102371,34.409544,0.934375,34.409696,0.934375,8549,0
8552,0.0010247,34.409232,0.934376,34.409696,0.934376,8549,0
8553,0.00102352,34.409735,0.934379,34.409735,0.934379,8553,1
8554,0.00102343,34.409833,0.934378,34.409833,0.934379,8553,0
8555,0.00102488,34.409572,0.934379,34.409833,0.934379,8553,0
8556,0.0010239,34.40989,0.934381,34.40989,0.934381,8556,1
8557,0.00102459,34.409476,0.934374,34.40989,0.934381,8556,0
8558,0.00102519,34.40958,0.934377,34.40989,0.934381,8556,0
8559,0.00102757,34.409624,0.934377,34.40989,0.934381,8556,0
8560,0.00102432,34.409592,0.93438,34.40989,0.934381,8556,0
8561,0.0010251,34.409972,0.93438,34.409972,0.934381,8556,0
8562,0.00102552,34.409995,0.934383,34.409995,0.934383,8562,1
8563,0.0010255,34.409512,0.934383,34.409995,0.934383,8562,0
8564,0.00102582,34.409871,0.934385,34.409995,0.934385,8562,0
8565,0.00102464,34.410244,0.934389,34.410244,0.934389,8565,1
8566,0.00102388,34.409559,0.934388,34.410244,0.934389,8565,0
8567,0.00102356,34.409403,0.934389,34.410244,0.934389,8565,0
8568,0.00102521,34.409843,0.93439,34.410244,0.93439,8565,0
8569,0.00102405,34.410158,0.934391,34.410244,0.934391,8565,0
8570,0.00102376,34.409829,0.934391,34.410244,0.934391,8565,0
8571,0.00102415,34.409846,0.934394,34.410244,0.934394,8565,0
8572,0.00102397,34.409926,0.934393,34.410244,0.934394,8565,0
8573,0.0010241,34.410311,0.934395,34.410311,0.934395,8573,1
8574,0.00102424,34.410874,0.934398,34.410874,0.934398,8574,1
8575,0.00102477,34.41022,0.934396,34.410874,0.934398,8574,0
8576,0.00102371,34.410414,0.934396,34.410874,0.934398,8574,0
8577,0.00102415,34.410532,0.934398,34.410874,0.934398,8574,0
8578,0.00102572,34.410674,0.934401,34.410874,0.934401,8574,0
8579,0.00102446,34.41115,0.934404,34.41115,0.934404,8579,1
8580,0.00102351,34.410813,0.934405,34.41115,0.934405,8579,0
8581,0.00102491,34.411303,0.934405,34.411303,0.934405,8579,0
8582,0.00102362,34.411137,0.934407,34.411303,0.934407,8579,0
8583,0.00102453,34.410516,0.934405,34.411303,0.934407,8579,0
8584,0.00102393,34.411201,0.934408,34.411303,0.934408,8579,0
8585,0.00102378,34.411372,0.934411,34.411372,0.934411,8585,1
8586,0.00102584,34.411714,0.934411,34.411714,0.934411,8585,0
8587,0.0010244,34.411981,0.934413,34.411981,0.934413,8587,1
8588,0.00102355,34.411486,0.934413,34.411981,0.934413,8587,0
8589,0.00102314,34.411599,0.934414,34.411981,0.934414,8587,0
8590,0.00102351,34.411938,0.934417,34.411981,0.934417,8587,0
8591,0.00102477,34.411958,0.934419,34.411981,0.934419,8587,0
8592,0.00102354,34.411765,0.934425,34.411981,0.934425,8587,0
8593,0.00102375,34.412318,0.934421,34.412318,0.934425,8587,0
8594,0.0010235,34.412621,0.934424,34.412621,0.934425,8587,0
8595,0.00102406,34.412144,0.934425,34.412621,0.934425,8587,0
8596,0.0010233,34.412654,0.934425,34.412654,0.934425,8596,1
8597,0.0010228,34.412821,0.934426,34.412821,0.934426,8597,1
8598,0.00102386,34.412793,0.934426,34.412821,0.934426,8597,0
8599,0.00102202,34.413389,0.934432,34.413389,0.934432,8599,1
8600,0.00102263,34.413182,0.934432,34.413389,0.934432,8599,0
8601,0.00102384,34.413495,0.934431,34.413495,0.934432,8599,0
8602,0.00102449,34.413489,0.934433,34.413495,0.934433,8599,0
8603,0.00102319,34.413332,0.934433,34.413495,0.934433,8599,0
8604,0.00102387,34.413707,0.934435,34.413707,0.934435,8604,1
8605,0.0010241,34.41416,0.93444,34.41416,0.93444,8605,1
8606,0.00102425,34.413915,0.93444,34.41416,0.93444,8605,0
8607,0.00102414,34.414447,0.934443,34.414447,0.934443,8607,1
8608,0.00102288,34.414499,0.934442,34.414499,0.934443,8607,0
8609,0.00102405,34.414806,0.934443,34.414806,0.934443,8607,0
8610,0.00102244,34.414737,0.934441,34.414806,0.934443,8607,0
8611,0.00102338,34.414819,0.934443,34.414819,0.934443,8611,1
8612,0.00102171,34.414954,0.934445,34.414954,0.934445,8612,1
8613,0.00102454,34.415201,0.934444,34.415201,0.934445,8612,0
8614,0.00102347,34.415323,0.934445,34.415323,0.934445,8614,1
8615,0.0010237,34.415257,0.934451,34.415323,0.934451,8614,0
8616,0.00102346,34.41467,0.934447,34.415323,0.934451,8614,0
8617,0.00102302,34.415443,0.934452,34.415443,0.934452,8617,1
8618,0.00102212,34.415201,0.934452,34.415443,0.934452,8617,0
8619,0.00102322,34.415464,0.934453,34.415464,0.934453,8619,1
8620,0.00102213,34.415202,0.934454,34.415464,0.934454,8619,0
8621,0.00102334,34.415568,0.934458,34.415568,0.934458,8621,1
8622,0.00102441,34.415771,0.934458,34.415771,0.934458,8621,0
8623,0.0010233,34.415262,0.934459,34.415771,0.934459,8621,0
8624,0.00102461,34.415628,0.934463,34.415771,0.934463,8621,0
8625,0.00102239,34.415601,0.934461,34.415771,0.934463,8621,0
8626,0.00102313,34.41591,0.934463,34.41591,0.934463,8621,0
8627,0.00102302,34.416072,0.93446,34.416072,0.934463,8621,0
8628,0.00102388,34.415481,0.934459,34.416072,0.934463,8621,0
8629,0.00102392,34.415775,0.934465,34.416072,0.934465,8621,0
8630,0.00102335,34.415895,0.934465,34.416072,0.934465,8621,0
8631,0.00102463,34.416204,0.934467,34.416204,0.934467,8631,1
8632,0.0010244,34.415834,0.934469,34.416204,0.934469,8631,0
8633,0.00102343,34.415832,0.934467,34.416204,0.934469,8631,0
8634,0.00102341,34.416392,0.934471,34.416392,0.934471,8634,1
8635,0.00102153,34.41613,0.934472,34.416392,0.934472,8634,0
8636,0.00102257,34.416264,0.934472,34.416392,0.934472,8634,0
8637,0.00102181,34.416361,0.934472,34.416392,0.934472,8634,0
8638,0.00102358,34.41635,0.934474,34.416392,0.934474,8634,0
8639,0.00102142,34.41639,0.934474,34.416392,0.934474,8634,0
8640,0.00102238,34.416317,0.934475,34.416392,0.934475,8634,0
8641,0.00102256,34.417223,0.934477,34.417223,0.934477,8641,1
8642,0.00102191,34.417112,0.93448,34.417223,0.93448,8641,0
8643,0.00102361,34.41636,0.934477,34.417223,0.93448,8641,0
8644,0.00102261,34.41675,0.934483,34.417223,0.934483,8641,0
8645,0.00102358,34.417736,0.934484,34.417736,0.934484,8645,1
8646,0.00102327,34.41759,0.934484,34.417736,0.934484,8645,0
8647,0.00102225,34.417178,0.934486,34.417736,0.934486,8645,0
8648,0.00102333,34.417578,0.934486,34.417736,0.934486,8645,0
8649,0.00102205,34.417718,0.934489,34.417736,0.934489,8645,0
8650,0.00102157,34.417716,0.934489,34.417736,0.934489,8645,0
8651,0.00102376,34.417391,0.934492,34.417736,0.934492,8645,0
8652,0.00102189,34.41812,0.934491,34.41812,0.934492,8645,0
8653,0.00102317,34.418041,0.934492,34.41812,0.934492,8645,0
8654,0.0010217,34.418082,0.934493,34.41812,0.934493,8645,0
8655,0.00102527,34.418613,0.934495,34.418613,0.934495,8655,1
8656,0.00102148,34.418906,0.934497,34.418906,0.934497,8656,1
8657,0.00102287,34.41881,0.934498,34.418906,0.934498,8656,0
8658,0.0010226,34.418341,0.934499,34.418906,0.934499,8656,0
8659,0.00102232,34.419179,0.9345,34.419179,0.9345,8659,1
8660,0.00102281,34.418837,0.934501,34.419179,0.934501,8659,0
8661,0.00102317,34.418503,0.934501,34.419179,0.934501,8659,0
8662,0.00102367,34.418647,0.934504,34.419179,0.934504,8659,0
8663,0.00102382,34.418839,0.934504,34.419179,0.934504,8659,0
8664,0.00102203,34.41862,0.934505,34.419179,0.934505,8659,0
8665,0.00102157,34.418407,0.934507,34.419179,0.934507,8659,0
8666,0.00102139,34.418814,0.934508,34.419179,0.934508,8659,0
8667,0.00102262,34.418854,0.93451,34.419179,0.93451,8659,0
8668,0.00102086,34.419245,0.93451,34.419245,0.93451,8659,0
8669,0.00102386,34.41933,0.934511,34.41933,0.934511,8669,1
8670,0.00102196,34.418896,0.934509,34.41933,0.934511,8669,0
8671,0.00102255,34.419702,0.934513,34.419702,0.934513,8671,1
8672,0.00102327,34.419307,0.934511,34.419702,0.934513,8671,0
8673,0.00102259,34.419638,0.934514,34.419702,0.934514,8671,0
8674,0.00102274,34.420242,0.934517,34.420242,0.934517,8674,1
8675,0.00102073,34.419886,0.934518,34.420242,0.934518,8674,0
8676,0.00102255,34.42021,0.934517,34.420242,0.934518,8674,0
8677,0.00102101,34.420344,0.93452,34.420344,0.93452,8677,1
8678,0.00102323,34.420771,0.934521,34.420771,0.934521,8678,1
8679,0.00102167,34.420595,0.934522,34.420771,0.934522,8678,0
8680,0.00102324,34.420369,0.934522,34.420771,0.934522,8678,0
8681,0.00102193,34.420744,0.934524,34.420771,0.934524,8678,0
8682,0.00102188,34.420757,0.934524,34.420771,0.934524,8678,0
8683,0.00102214,34.420861,0.934526,34.420861,0.934526,8683,1
8684,0.00102099,34.420892,0.934528,34.420892,0.934528,8684,1
8685,0.00101994,34.420914,0.93453,34.420914,0.93453,8685,1
8686,0.00102284,34.420825,0.93453,34.420914,0.93453,8685,0
8687,0.00102161,34.421165,0.934533,34.421165,0.934533,8687,1
8688,0.00102219,34.421462,0.934533,34.421462,0.934533,8687,0
8689,0.00102326,34.421023,0.934534,34.421462,0.934534,8687,0
8690,0.00102189,34.4215,0.934533,34.4215,0.934534,8687,0
8691,0.00102148,34.421005,0.934536,34.4215,0.934536,8687,0
8692,0.00101805,34.421346,0.934535,34.4215,0.934536,8687,0
8693,0.00102219,34.421045,0.934537,34.4215,0.934537,8687,0
8694,0.00102142,34.422141,0.934534,34.422141,0.934537,8687,0
8695,0.0010214,34.422062,0.934535,34.422141,0.934537,8687,0
8696,0.00102205,34.422281,0.934534,34.422281,0.934537,8687,0
8697,0.00102006,34.422329,0.934538,34.422329,0.934538,8697,1
8698,0.00102107,34.422108,0.934538,34.422329,0.934538,8697,0
8699,0.0010231,34.422716,0.934543,34.422716,0.934543,8699,1
8700,0.00102122,34.422883,0.934543,34.422883,0.934543,8699,0
8701,0.00102124,34.423416,0.934546,34.423416,0.934546,8701,1
8702,0.0010227,34.42327,0.934542,34.423416,0.934546,8701,0
8703,0.00102162,34.423057,0.934544,34.423416,0.934546,8701,0
8704,0.00102205,34.423373,0.934544,34.423416,0.934546,8701,0
8705,0.00102129,34.423924,0.934546,34.423924,0.934546,8705,1
8706,0.00102229,34.424281,0.934545,34.424281,0.934546,8705,0
8707,0.00102107,34.424458,0.93455,34.424458,0.93455,8707,1
8708,0.00102024,34.424187,0.93455,34.424458,0.93455,8707,0
8709,0.00101955,34.424411,0.934553,34.424458,0.934553,8707,0
8710,0.00102068,34.424526,0.934556,34.424526,0.934556,8710,1
8711,0.00101924,34.424692,0.934555,34.424692,0.934556,8710,0
8712,0.00102159,34.424659,0.934554,34.424692,0.934556,8710,0
8713,0.00102093,34.424709,0.934557,34.424709,0.934557,8713,1
8714,0.00102055,34.425086,0.934561,34.425086,0.934561,8714,1
8715,0.00102109,34.425234,0.934561,34.425234,0.934561,8715,1
8716,0.00102183,34.42513,0.934562,34.425234,0.934562,8715,0
8717,0.00102127,34.424575,0.93456,34.425234,0.934562,8715,0
8718,0.00102156,34.425783,0.934566,34.425783,0.934566,8718,1
8719,0.00102041,34.424705,0.934564,34.425783,0.934566,8718,0
8720,0.00101995,34.425473,0.934566,34.425783,0.934566,8718,0
8721,0.00102213,34.425308,0.934568,34.425783,0.934568,8718,0
8722,0.00102125,34.42575,0.934568,34.425783,0.934568,8718,0
8723,0.00102198,34.425569,0.934571,34.425783,0.934571,8718,0
8724,0.00101984,34.42598,0.934571,34.42598,0.934571,8724,1
8725,0.00102135,34.425403,0.934569,34.42598,0.934571,8724,0
8726,0.00102171,34.425939,0.934572,34.42598,0.934572,8724,0
8727,0.00102107,34.426223,0.934575,34.426223,0.934575,8727,1
8728,0.00102151,34.4261,0.934574,34.426223,0.934575,8727,0
8729,0.00102161,34.425934,0.934576,34.426223,0.934576,8727,0
8730,0.00102072,34.426044,0.934577,34.426223,0.934577,8727,0
8731,0.0010203,34.426188,0.934581,34.426223,0.934581,8727,0
8732,0.00101977,34.426116,0.93458,34.426223,0.934581,8727,0
8733,0.00101961,34.426028,0.934582,34.426223,0.934582,8727,0
8734,0.00102107,34.4263,0.93458,34.4263,0.934582,8727,0
8735,0.00102043,34.426331,0.934582,34.426331,0.934582,8735,1
8736,0.00102135,34.426395,0.934584,34.426395,0.934584,8736,1
8737,0.00102013,34.426402,0.934585,34.426402,0.934585,8737,1
8738,0.00102038,34.426473,0.934587,34.426473,0.934587,8738,1
8739,0.00102069,34.426988,0.934588,34.426988,0.934588,8739,1
8740,0.00102087,34.42721,0.934588,34.42721,0.934588,8740,1
8741,0.00102066,34.426912,0.934588,34.42721,0.934588,8740,0
8742,0.00101823,34.427243,0.934592,34.427243,0.934592,8742,1
8743,0.00102075,34.4268,0.93459,34.427243,0.934592,8742,0
8744,0.00101798,34.427308,0.934597,34.427308,0.934597,8744,1
8745,0.00101872,34.427195,0.934597,34.427308,0.934597,8744,0
8746,0.00102094,34.427279,0.934596,34.427308,0.934597,8744,0
8747,0.00101971,34.427515,0.934598,34.427515,0.934598,8747,1
8748,0.00102145,34.427406,0.934599,34.427515,0.934599,8747,0
8749,0.00102109,34.427812,0.934604,34.427812,0.934604,8749,1
8750,0.0010218,34.427485,0.934602,34.427812,0.934604,8749,0
8751,0.00102099,34.427978,0.934604,34.427978,0.934604,8749,0
8752,0.00102149,34.428032,0.934604,34.428032,0.934604,8752,1
8753,0.00101988,34.427776,0.934605,34.428032,0.934605,8752,0
8754,0.00102121,34.428032,0.934606,34.428032,0.934606,8754,1
8755,0.00102026,34.429492,0.934631,34.429492,0.934631,8755,1
8756,0.00102108,34.430002,0.934633,34.430002,0.934633,8756,1
8757,0.00102001,34.42996,0.934632,34.430002,0.934633,8756,0
8758,0.00102107,34.43027,0.934633,34.43027,0.934633,8756,0
8759,0.00101995,34.429481,0.934633,34.43027,0.934633,8756,0
8760,0.00101956,34.430328,0.934636,34.430328,0.934636,8760,1
8761,0.00102001,34.430225,0.934636,34.430328,0.934636,8760,0
8762,0.00102083,34.430481,0.934635,34.430481,0.934636,8760,0
8763,0.0010193,34.430748,0.93464,34.430748,0.93464,8763,1
8764,0.00102145,34.430843,0.934639,34.430843,0.93464,8763,0
8765,0.00101978,34.43118,0.934641,34.43118,0.934641,8765,1
8766,0.00101926,34.430854,0.93464,34.43118,0.934641,8765,0
8767,0.00101907,34.430962,0.93464,34.43118,0.934641,8765,0
8768,0.00101954,34.431507,0.934645,34.431507,0.934645,8768,1
8769,0.00102067,34.431725,0.934646,34.431725,0.934646,8769,1
8770,0.00101982,34.431586,0.934645,34.431725,0.934646,8769,0
8771,0.00101922,34.431634,0.934647,34.431725,0.934647,8769,0
8772,0.00101818,34.43171,0.934646,34.431725,0.934647,8769,0
8773,0.00102013,34.432335,0.93465,34.432335,0.93465,8773,1
8774,0.00102043,34.432335,0.93465,34.432335,0.93465,8773,0
8775,0.00102072,34.431915,0.93465,34.432335,0.93465,8773,0
8776,0.00101856,34.432529,0.934653,34.432529,0.934653,8776,1
8777,0.00101984,34.432224,0.934653,34.432529,0.934653,8776,0
8778,0.00101851,34.43288,0.934654,34.43288,0.934654,8778,1
8779,0.00101882,34.433151,0.934657,34.433151,0.934657,8779,1
8780,0.00101958,34.43295,0.934658,34.433151,0.934658,8779,0
8781,0.00101992,34.433603,0.934659,34.433603,0.934659,8781,1
8782,0.0010175,34.433487,0.93466,34.433603,0.93466,8781,0
8783,0.00101844,34.43384,0.934661,34.43384,0.934661,8783,1
8784,0.00101948,34.43392,0.934661,34.43392,0.934661,8784,1
8785,0.00102091,34.434192,0.934663,34.434192,0.934663,8785,1
8786,0.00102037,34.433574,0.934665,34.434192,0.934665,8785,0
8787,0.00101879,34.434078,0.934666,34.434192,0.934666,8785,0
8788,0.00102007,34.434116,0.934666,34.434192,0.934666,8785,0
8789,0.00101971,34.434446,0.934669,34.434446,0.934669,8789,1
8790,0.00102034,34.434176,0.934668,34.434446,0.934669,8789,0
8791,0.00101858,34.433954,0.934668,34.434446,0.934669,8789,0
8792,0.00102007,34.434138,0.93467,34.434446,0.93467,8789,0
8793,0.00101828,34.433999,0.93467,34.434446,0.93467,8789,0
8794,0.00101807,34.434337,0.934675,34.434446,0.934675,8789,0
8795,0.00101913,34.434733,0.934673,34.434733,0.934675,8789,0
8796,0.00101962,34.434555,0.934675,34.434733,0.934675,8789,0
8797,0.00101726,34.434591,0.934674,34.434733,0.934675,8789,0
8798,0.00101813,34.435003,0.934676,34.435003,0.934676,8798,1
8799,0.0010192,34.435026,0.93468,34.435026,0.93468,8799,1
8800,0.00102038,34.435104,0.934681,34.435104,0.934681,8800,1
8801,0.00101953,34.434972,0.934683,34.435104,0.934683,8800,0
8802,0.00101986,34.434638,0.934683,34.435104,0.934683,8800,0
8803,0.00101944,34.435573,0.934685,34.435573,0.934685,8803,1
8804,0.0010193,34.435499,0.934684,34.435573,0.934685,8803,0
8805,0.0010188,34.435266,0.934683,34.435573,0.934685,8803,0
8806,0.00101973,34.43557,0.934686,34.435573,0.934686,8803,0
8807,0.00101956,34.435356,0.934688,34.435573,0.934688,8803,0
8808,0.00101865,34.435783,0.93469,34.435783,0.93469,8808,1
8809,0.00101961,34.435595,0.934687,34.435783,0.93469,8808,0
8810,0.00101882,34.435065,0.934685,34.435783,0.93469,8808,0
8811,0.0010187,34.435578,0.934689,34.435783,0.93469,8808,0
8812,0.00102015,34.435453,0.934689,34.435783,0.93469,8808,0
8813,0.00101874,34.435709,0.934692,34.435783,0.934692,8808,0
8814,0.00101721,34.435537,0.934689,34.435783,0.934692,8808,0
8815,0.00101834,34.436106,0.934694,34.436106,0.934694,8815,1
8816,0.00101956,34.435651,0.934693,34.436106,0.934694,8815,0
8817,0.00101754,34.435981,0.934696,34.436106,0.934696,8815,0
8818,0.00101753,34.43597,0.934696,34.436106,0.934696,8815,0
8819,0.0010177,34.436229,0.934697,34.436229,0.934697,8819,1
8820,0.0010178,34.436112,0.934697,34.436229,0.934697,8819,0
8821,0.00101762,34.436696,0.9347,34.436696,0.9347,8821,1
8822,0.00101829,34.436868,0.934703,34.436868,0.934703,8822,1
8823,0.0010184,34.436657,0.934704,34.436868,0.934704,8822,0
8824,0.00101866,34.437167,0.934706,34.437167,0.934706,8824,1
8825,0.00101729,34.437,0.934706,34.437167,0.934706,8824,0
8826,0.00101894,34.437123,0.934706,34.437167,0.934706,8824,0
8827,0.00101888,34.43679,0.934706,34.437167,0.934706,8824,0
8828,0.00101749,34.437016,0.93471,34.437167,0.93471,8824,0
8829,0.00102033,34.437124,0.93471,34.437167,0.93471,8824,0
8830,0.00101817,34.437015,0.93471,34.437167,0.93471,8824,0
8831,0.00101948,34.437548,0.934712,34.437548,0.934712,8831,1
8832,0.00101689,34.437405,0.934713,34.437548,0.934713,8831,0
8833,0.00101812,34.437426,0.934716,34.437548,0.934716,8831,0
8834,0.00101695,34.437863,0.934717,34.437863,0.934717,8834,1
8835,0.00101968,34.437831,0.934716,34.437863,0.934717,8834,0
8836,0.00101883,34.438118,0.934721,34.438118,0.934721,8836,1
8837,0.00101792,34.43858,0.934718,34.43858,0.934721,8836,0
8838,0.0010178,34.438047,0.934721,34.43858,0.934721,8836,0
8839,0.00101899,34.438213,0.934726,34.43858,0.934726,8836,0
8840,0.00101808,34.438421,0.934723,34.43858,0.934726,8836,0
8841,0.00101789,34.438218,0.934725,34.43858,0.934726,8836,0
8842,0.00101858,34.438377,0.934728,34.43858,0.934728,8836,0
8843,0.00101791,34.438527,0.934726,34.43858,0.934728,8836,0
8844,0.00101814,34.438427,0.934728,34.43858,0.934728,8836,0
8845,0.0010195,34.438348,0.93473,34.43858,0.93473,8836,0
8846,0.00101803,34.43855,0.934727,34.43858,0.93473,8836,0
8847,0.00101757,34.438842,0.934731,34.438842,0.934731,8847,1
8848,0.00101713,34.439358,0.934731,34.439358,0.934731,8847,0
8849,0.00101871,34.439149,0.934733,34.439358,0.934733,8847,0
8850,0.00101668,34.439571,0.934736,34.439571,0.934736,8850,1
8851,0.00101916,34.439033,0.934733,34.439571,0.934736,8850,0
8852,0.0010168,34.439363,0.934735,34.439571,0.934736,8850,0
8853,0.00101773,34.439186,0.934734,34.439571,0.934736,8850,0
8854,0.00101715,34.438865,0.934738,34.439571,0.934738,8850,0
8855,0.001018,34.43985,0.93474,34.43985,0.93474,8855,1
8856,0.00101682,34.44008,0.934743,34.44008,0.934743,8856,1
8857,0.00101859,34.439978,0.934742,34.44008,0.934743,8856,0
8858,0.00101766,34.440176,0.934743,34.440176,0.934743,8856,0
8859,0.0010183,34.440202,0.934745,34.440202,0.934745,8859,1
8860,0.00101873,34.440269,0.934746,34.440269,0.934746,8860,1
8861,0.00101741,34.44058,0.934747,34.44058,0.934747,8861,1
8862,0.0010181,34.440479,0.934748,34.44058,0.934748,8861,0
8863,0.00101723,34.440469,0.934748,34.44058,0.934748,8861,0
8864,0.00101844,34.440304,0.934748,34.44058,0.934748,8861,0
8865,0.00101871,34.440554,0.934751,34.44058,0.934751,8861,0
8866,0.00101859,34.440123,0.934753,34.44058,0.934753,8861,0
8867,0.00101805,34.440606,0.934753,34.440606,0.934753,8867,1
8868,0.00101807,34.440535,0.934753,34.440606,0.934753,8867,0
8869,0.00101863,34.440847,0.934754,34.440847,0.934754,8869,1
8870,0.00101871,34.440782,0.934757,34.440847,0.934757,8869,0
8871,0.00101861,34.440977,0.934758,34.440977,0.934758,8871,1
8872,0.00101815,34.441068,0.934759,34.441068,0.934759,8872,1
8873,0.00101755,34.441033,0.934759,34.441068,0.934759,8872,0
8874,0.00101786,34.441174,0.93476,34.441174,0.93476,8874,1
8875,0.00101784,34.441158,0.934758,34.441174,0.93476,8874,0
8876,0.00101807,34.441215,0.93476,34.441215,0.93476,8876,1
8877,0.00101791,34.440831,0.934757,34.441215,0.93476,8876,0
8878,0.0010168,34.441253,0.934763,34.441253,0.934763,8878,1
8879,0.00101707,34.441082,0.934764,34.441253,0.934764,8878,0
8880,0.00101596,34.441382,0.934766,34.441382,0.934766,8880,1
8881,0.0010165,34.44097,0.934766,34.441382,0.934766,8880,0
8882,0.00101769,34.441436,0.934769,34.441436,0.934769,8882,1
8883,0.00101856,34.441929,0.934767,34.441929,0.934769,8882,0
8884,0.00101814,34.441882,0.934771,34.441929,0.934771,8882,0
8885,0.00101787,34.441768,0.934773,34.441929,0.934773,8882,0
8886,0.00101696,34.442229,0.934776,34.442229,0.934776,8886,1
8887,0.00101712,34.442702,0.934776,34.442702,0.934776,8886,0
8888,0.00101858,34.441855,0.934778,34.442702,0.934778,8886,0
8889,0.00101688,34.44234,0.934779,34.442702,0.934779,8886,0
8890,0.00101726,34.442235,0.93478,34.442702,0.93478,8886,0
8891,0.00101912,34.442894,0.934783,34.442894,0.934783,8891,1
8892,0.00101795,34.442203,0.934783,34.442894,0.934783,8891,0
8893,0.00101732,34.442679,0.934787,34.442894,0.934787,8891,0
8894,0.00101747,34.442941,0.934786,34.442941,0.934787,8891,0
8895,0.00101858,34.443045,0.934786,34.443045,0.934787,8891,0
8896,0.00101734,34.443024,0.934786,34.443045,0.934787,8891,0
8897,0.00101775,34.443359,0.934789,34.443359,0.934789,8897,1
8898,0.00101686,34.443363,0.934789,34.443363,0.934789,8898,1
8899,0.00101814,34.442991,0.934788,34.443363,0.934789,8898,0
8900,0.00101622,34.442766,0.93479,34.443363,0.93479,8898,0
8901,0.00101771,34.443208,0.93479,34.443363,0.93479,8898,0
8902,0.00101682,34.443461,0.934793,34.443461,0.934793,8902,1
8903,0.00101579,34.443425,0.934794,34.443461,0.934794,8902,0
8904,0.00101742,34.443664,0.934796,34.443664,0.934796,8904,1
8905,0.00101577,34.44327,0.934798,34.443664,0.934798,8904,0
8906,0.00101573,34.443097,0.934796,34.443664,0.934798,8904,0
8907,0.0010173,34.443605,0.9348,34.443664,0.9348,8904,0
8908,0.00101869,34.443395,0.934801,34.443664,0.934801,8904,0
8909,0.00101664,34.443455,0.934801,34.443664,0.934801,8904,0
8910,0.00101749,34.443721,0.934803,34.443721,0.934803,8910,1
8911,0.00101544,34.444211,0.934804,34.444211,0.934804,8911,1
8912,0.00101701,34.444629,0.934806,34.444629,0.934806,8912,1
8913,0.00101654,34.444361,0.934807,34.444629,0.934807,8912,0
8914,0.00101663,34.443992,0.934807,34.444629,0.934807,8912,0
8915,0.00101751,34.444385,0.934807,34.444629,0.934807,8912,0
8916,0.00101681,34.443864,0.934808,34.444629,0.934808,8912,0
8917,0.00101624,34.444406,0.934811,34.444629,0.934811,8912,0
8918,0.0010165,34.444391,0.93481,34.444629,0.934811,8912,0
8919,0.00101729,34.444416,0.934811,34.444629,0.934811,8912,0
8920,0.00101681,34.445074,0.934815,34.445074,0.934815,8920,1
8921,0.00101644,34.444698,0.934812,34.445074,0.934815,8920,0
8922,0.00101785,34.444784,0.934815,34.445074,0.934815,8920,0
8923,0.00101846,34.44534,0.934819,34.44534,0.934819,8923,1
8924,0.00101709,34.444901,0.934819,34.44534,0.934819,8923,0
8925,0.00101519,34.44527,0.93482,34.44534,0.93482,8923,0
8926,0.0010162,34.445514,0.93482,34.445514,0.93482,8923,0
8927,0.00101604,34.446098,0.934824,34.446098,0.934824,8927,1
8928,0.00101765,34.445496,0.934823,34.446098,0.934824,8927,0
8929,0.00101763,34.44545,0.934823,34.446098,0.934824,8927,0
8930,0.00101647,34.445627,0.934824,34.446098,0.934824,8927,0
8931,0.00101676,34.445299,0.934826,34.446098,0.934826,8927,0
8932,0.00101575,34.44575,0.934826,34.446098,0.934826,8927,0
8933,0.00101498,34.445652,0.934827,34.446098,0.934827,8927,0
8934,0.00101592,34.445846,0.934828,34.446098,0.934828,8927,0
8935,0.00101568,34.445864,0.934828,34.446098,0.934828,8927,0
8936,0.00101587,34.446016,0.934832,34.446098,0.934832,8927,0
8937,0.00101656,34.446267,0.934834,34.446267,0.934834,8937,1
8938,0.00101594,34.445815,0.934833,34.446267,0.934834,8937,0
8939,0.00101675,34.446342,0.934833,34.446342,0.934834,8937,0
8940,0.00101757,34.446047,0.934837,34.446342,0.934837,8937,0
8941,0.00101666,34.446398,0.934839,34.446398,0.934839,8941,1
8942,0.00101396,34.446798,0.934838,34.446798,0.934839,8941,0
8943,0.00101538,34.446379,0.934838,34.446798,0.934839,8941,0
8944,0.00101569,34.446857,0.934843,34.446857,0.934843,8944,1
8945,0.00101698,34.446621,0.93484,34.446857,0.934843,8944,0
8946,0.00101796,34.44669,0.934843,34.446857,0.934843,8944,0
8947,0.0010158,34.447213,0.934843,34.447213,0.934843,8947,1
8948,0.00101557,34.446995,0.934845,34.447213,0.934845,8947,0
8949,0.00101691,34.447051,0.934845,34.447213,0.934845,8947,0
8950,0.0010154,34.447256,0.934846,34.447256,0.934846,8950,1
8951,0.00101564,34.447337,0.934848,34.447337,0.934848,8951,1
8952,0.00101536,34.447999,0.934852,34.447999,0.934852,8952,1
8953,0.0010165,34.447494,0.934851,34.447999,0.934852,8952,0
8954,0.00101656,34.447297,0.934852,34.447999,0.934852,8952,0
8955,0.00101624,34.447961,0.934854,34.447999,0.934854,8952,0
8956,0.00101643,34.447317,0.934856,34.447999,0.934856,8952,0
8957,0.00101623,34.447893,0.934861,34.447999,0.934861,8952,0
8958,0.00101663,34.447817,0.93486,34.447999,0.934861,8952,0
8959,0.00101439,34.448203,0.934861,34.448203,0.934861,8959,1
8960,0.00101603,34.447636,0.934861,34.448203,0.934861,8959,0
8961,0.00101599,34.44851,0.934863,34.44851,0.934863,8961,1
8962,0.00101532,34.448465,0.934862,34.44851,0.934863,8961,0
8963,0.00101425,34.448537,0.934861,34.448537,0.934863,8961,0
8964,0.0010154,34.448172,0.934863,34.448537,0.934863,8961,0
8965,0.00101624,34.448509,0.934864,34.448537,0.934864,8961,0
8966,0.00101628,34.44886,0.934867,34.44886,0.934867,8966,1
8967,0.00101679,34.448881,0.934869,34.448881,0.934869,8967,1
8968,0.00101624,34.449028,0.934868,34.449028,0.934869,8967,0
8969,0.00101623,34.449202,0.934871,34.449202,0.934871,8969,1
8970,0.00101709,34.449153,0.934873,34.449202,0.934873,8969,0
8971,0.00101471,34.44929,0.934872,34.44929,0.934873,8969,0
8972,0.00101569,34.449537,0.934876,34.449537,0.934876,8972,1
8973,0.00101515,34.449329,0.934878,34.449537,0.934878,8972,0
8974,0.00101425,34.449534,0.934876,34.449537,0.934878,8972,0
8975,0.00101524,34.449671,0.934877,34.449671,0.934878,8972,0
8976,0.00101433,34.449803,0.934876,34.449803,0.934878,8972,0
8977,0.00101585,34.449885,0.934877,34.449885,0.934878,8972,0
8978,0.00101549,34.450057,0.934879,34.450057,0.934879,8978,1
8979,0.00101516,34.450299,0.934882,34.450299,0.934882,8979,1
8980,0.00101557,34.449826,0.934881,34.450299,0.934882,8979,0
8981,0.00101328,34.450013,0.934883,34.450299,0.934883,8979,0
8982,0.00101465,34.450525,0.934886,34.450525,0.934886,8982,1
8983,0.0010157,34.450188,0.934886,34.450525,0.934886,8982,0
8984,0.00101532,34.450521,0.934888,34.450525,0.934888,8982,0
8985,0.00101588,34.450528,0.934886,34.450528,0.934888,8982,0
8986,0.00101599,34.451123,0.934889,34.451123,0.934889,8986,1
8987,0.00101598,34.450952,0.934892,34.451123,0.934892,8986,0
8988,0.00101401,34.450649,0.934891,34.451123,0.934892,8986,0
8989,0.00101513,34.451074,0.934893,34.451123,0.934893,8986,0
8990,0.00101529,34.451448,0.934894,34.451448,0.934894,8990,1
8991,0.0010149,34.451181,0.934896,34.451448,0.934896,8990,0
8992,0.0010151,34.4509,0.934896,34.451448,0.934896,8990,0
8993,0.00101325,34.451477,0.934897,34.451477,0.934897,8993,1
8994,0.00101486,34.451912,0.934898,34.451912,0.934898,8994,1
8995,0.00101546,34.451823,0.934898,34.451912,0.934898,8994,0
8996,0.00101518,34.451746,0.9349,34.451912,0.9349,8994,0
8997,0.00101604,34.452084,0.934902,34.452084,0.934902,8997,1
8998,0.00101494,34.451539,0.934903,34.452084,0.934903,8997,0
8999,0.00101419,34.451628,0.934901,34.452084,0.934903,8997,0
9000,0.00101421,34.451919,0.934902,34.452084,0.934903,8997,0
9001,0.00101472,34.452275,0.934904,34.452275,0.934904,9001,1
9002,0.00101502,34.452302,0.934906,34.452302,0.934906,9002,1
9003,0.00101425,34.452012,0.934908,34.452302,0.934908,9002,0
9004,0.00101395,34.451924,0.93491,34.452302,0.93491,9002,0
9005,0.00101567,34.452169,0.934911,34.452302,0.934911,9002,0
9006,0.00101525,34.451984,0.934909,34.452302,0.934911,9002,0
9007,0.00101487,34.453005,0.934915,34.453005,0.934915,9007,1
9008,0.00101328,34.45229,0.934912,34.453005,0.934915,9007,0
9009,0.00101649,34.452387,0.934916,34.453005,0.934916,9007,0
9010,0.00101477,34.453215,0.934917,34.453215,0.934917,9010,1
9011,0.00101247,34.453141,0.93492,34.453215,0.93492,9010,0
9012,0.00101527,34.453273,0.934919,34.453273,0.93492,9010,0
9013,0.00101543,34.453304,0.934921,34.453304,0.934921,9013,1
9014,0.00101452,34.453459,0.934921,34.453459,0.934921,9014,1
9015,0.00101491,34.453244,0.934922,34.453459,0.934922,9014,0
9016,0.00101504,34.454299,0.934925,34.454299,0.934925,9016,1
9017,0.00101391,34.454014,0.934925,34.454299,0.934925,9016,0
9018,0.00101374,34.453953,0.934925,34.454299,0.934925,9016,0
9019,0.00101505,34.453554,0.934924,34.454299,0.934925,9016,0
9020,0.00101555,34.454308,0.934929,34.454308,0.934929,9020,1
9021,0.00101401,34.454298,0.93493,34.454308,0.93493,9020,0
9022,0.00101382,34.45425,0.93493,34.454308,0.93493,9020,0
9023,0.00101419,34.454216,0.93493,34.454308,0.93493,9020,0
9024,0.00101583,34.454471,0.934927,34.454471,0.93493,9020,0
9025,0.00101373,34.454588,0.934932,34.454588,0.934932,9025,1
9026,0.00101338,34.45415,0.934935,34.454588,0.934935,9025,0
9027,0.00101248,34.454414,0.934934,34.454588,0.934935,9025,0
9028,0.00101396,34.454558,0.934935,34.454588,0.934935,9025,0
9029,0.00101206,34.455117,0.934937,34.455117,0.934937,9029,1
9030,0.00101403,34.454696,0.934937,34.455117,0.934937,9029,0
9031,0.00101622,34.455038,0.934942,34.455117,0.934942,9029,0
9032,0.00101349,34.454957,0.934941,34.455117,0.934942,9029,0
9033,0.00101525,34.455299,0.934944,34.455299,0.934944,9033,1
9034,0.00101357,34.455592,0.934946,34.455592,0.934946,9034,1
9035,0.00101372,34.456168,0.934947,34.456168,0.934947,9035,1
9036,0.00101368,34.455668,0.934951,34.456168,0.934951,9035,0
9037,0.00101472,34.455315,0.934949,34.456168,0.934951,9035,0
9038,0.00101352,34.455407,0.934948,34.456168,0.934951,9035,0
9039,0.00101505,34.455529,0.934949,34.456168,0.934951,9035,0
9040,0.00101436,34.455405,0.934949,34.456168,0.934951,9035,0
9041,0.00101519,34.455474,0.934951,34.456168,0.934951,9035,0
9042,0.00101422,34.456358,0.934952,34.456358,0.934952,9042,1
9043,0.00101445,34.456152,0.934952,34.456358,0.934952,9042,0
9044,0.00101429,34.456097,0.934954,34.456358,0.934954,9042,0
9045,0.0010138,34.45612,0.934954,34.456358,0.934954,9042,0
9046,0.00101284,34.456125,0.934954,34.456358,0.934954,9042,0
9047,0.00101246,34.456149,0.934957,34.456358,0.934957,9042,0
9048,0.00101403,34.456658,0.934959,34.456658,0.934959,9048,1
9049,0.00101414,34.456226,0.934958,34.456658,0.934959,9048,0
9050,0.00101516,34.456323,0.934961,34.456658,0.934961,9048,0
9051,0.00101384,34.457149,0.934962,34.457149,0.934962,9051,1
9052,0.00101441,34.456618,0.93496,34.457149,0.934962,9051,0
9053,0.00101392,34.456755,0.934961,34.457149,0.934962,9051,0
9054,0.00101333,34.456485,0.934964,34.457149,0.934964,9051,0
9055,0.00101407,34.456678,0.934965,34.457149,0.934965,9051,0
9056,0.00101516,34.456898,0.934966,34.457149,0.934966,9051,0
9057,0.00101431,34.456864,0.934968,34.457149,0.934968,9051,0
9058,0.00101374,34.456841,0.934969,34.457149,0.934969,9051,0
9059,0.00101067,34.457076,0.934972,34.457149,0.934972,9051,0
9060,0.00101396,34.457132,0.934972,34.457149,0.934972,9051,0
9061,0.00101345,34.457574,0.934973,34.457574,0.934973,9061,1
9062,0.00101345,34.457767,0.934972,34.457767,0.934973,9061,0
9063,0.0010148,34.457349,0.934975,34.457767,0.934975,9061,0
9064,0.00101307,34.457177,0.934975,34.457767,0.934975,9061,0
9065,0.00101342,34.457313,0.934975,34.457767,0.934975,9061,0
9066,0.00101345,34.457534,0.934977,34.457767,0.934977,9061,0
9067,0.00101309,34.457686,0.93498,34.457767,0.93498,9061,0
9068,0.00101153,34.457646,0.934981,34.457767,0.934981,9061,0
9069,0.00101356,34.458351,0.934985,34.458351,0.934985,9069,1
9070,0.00101332,34.457859,0.934984,34.458351,0.934985,9069,0
9071,0.00101206,34.458131,0.934984,34.458351,0.934985,9069,0
9072,0.0010143,34.458123,0.934985,34.458351,0.934985,9069,0
9073,0.00101325,34.458154,0.934986,34.458351,0.934986,9069,0
9074,0.00101235,34.458121,0.934989,34.458351,0.934989,9069,0
9075,0.00101384,34.458425,0.934988,34.458425,0.934989,9069,0
9076,0.00101448,34.458399,0.934992,34.458425,0.934992,9069,0
9077,0.00101404,34.458042,0.934992,34.458425,0.934992,9069,0
9078,0.00101288,34.457942,0.934992,34.458425,0.934992,9069,0
9079,0.00101334,34.458402,0.934995,34.458425,0.934995,9069,0
9080,0.00101454,34.458616,0.934994,34.458616,0.934995,9069,0
9081,0.00101361,34.458518,0.934988,34.458616,0.934995,9069,0
9082,0.00101335,34.458895,0.934991,34.458895,0.934995,9069,0
9083,0.00101338,34.459091,0.934993,34.459091,0.934995,9069,0
9084,0.00101237,34.458686,0.934993,34.459091,0.934995,9069,0
9085,0.00101255,34.458299,0.934993,34.459091,0.934995,9069,0
9086,0.00101346,34.45882,0.934996,34.459091,0.934996,9069,0
9087,0.00101395,34.458696,0.934998,34.459091,0.934998,9069,0
9088,0.00101294,34.458863,0.935,34.459091,0.935,9069,0
9089,0.00101318,34.459049,0.935001,34.459091,0.935001,9069,0
9090,0.00101247,34.459291,0.935001,34.459291,0.935001,9090,1
9091,0.00101343,34.458917,0.935003,34.459291,0.935003,9090,0
9092,0.00101392,34.45943,0.935004,34.45943,0.935004,9092,1
9093,0.00101147,34.459175,0.935007,34.45943,0.935007,9092,0
9094,0.00101206,34.459212,0.935008,34.45943,0.935008,9092,0
9095,0.00101227,34.459387,0.935006,34.45943,0.935008,9092,0
9096,0.00101339,34.459462,0.935007,34.459462,0.935008,9092,0
9097,0.00101304,34.459709,0.935009,34.459709,0.935009,9097,1
9098,0.00101286,34.45983,0.935009,34.45983,0.935009,9097,0
9099,0.00101177,34.459869,0.935011,34.459869,0.935011,9099,1
9100,0.00101235,34.460185,0.935015,34.460185,0.935015,9100,1
9101,0.00101396,34.459702,0.935014,34.460185,0.935015,9100,0
9102,0.00101235,34.460127,0.935016,34.460185,0.935016,9100,0
9103,0.00101235,34.459648,0.935016,34.460185,0.935016,9100,0
9104,0.00101184,34.459129,0.935017,34.460185,0.935017,9100,0
9105,0.00101085,34.459673,0.935019,34.460185,0.935019,9100,0
9106,0.0010118,34.459842,0.935022,34.460185,0.935022,9100,0
9107,0.00101233,34.460418,0.935023,34.460418,0.935023,9107,1
9108,0.00101228,34.460279,0.935023,34.460418,0.935023,9107,0
9109,0.00101232,34.459897,0.935024,34.460418,0.935024,9107,0
9110,0.00101331,34.460594,0.935028,34.460594,0.935028,9110,1
9111,0.00101207,34.460679,0.935029,34.460679,0.935029,9111,1
9112,0.0010131,34.460694,0.935029,34.460694,0.935029,9111,0
9113,0.00101093,34.460677,0.935032,34.460694,0.935032,9111,0
9114,0.00101207,34.461133,0.935035,34.461133,0.935035,9114,1
9115,0.00101205,34.461614,0.935034,34.461614,0.935035,9114,0
9116,0.00101193,34.461339,0.935037,34.461614,0.935037,9114,0
9117,0.00101355,34.46108,0.935037,34.461614,0.935037,9114,0
9118,0.00101182,34.461453,0.935039,34.461614,0.935039,9114,0
9119,0.00101278,34.461307,0.935039,34.461614,0.935039,9114,0
9120,0.00101201,34.461284,0.935038,34.461614,0.935039,9114,0
9121,0.00101092,34.461686,0.935041,34.461686,0.935041,9121,1
9122,0.00101053,34.461898,0.935042,34.461898,0.935042,9122,1
9123,0.00101158,34.462023,0.935043,34.462023,0.935043,9123,1
9124,0.00101174,34.46195,0.935043,34.462023,0.935043,9123,0
9125,0.00101199,34.461903,0.935047,34.462023,0.935047,9123,0
9126,0.00101299,34.462411,0.935049,34.462411,0.935049,9126,1
9127,0.00101284,34.462191,0.935048,34.462411,0.935049,9126,0
9128,0.00101138,34.46263,0.93505,34.46263,0.93505,9128,1
9129,0.00101146,34.462356,0.935052,34.46263,0.935052,9128,0
9130,0.0010124,34.463351,0.935053,34.463351,0.935053,9130,1
9131,0.00101264,34.462796,0.935057,34.463351,0.935057,9130,0
9132,0.00101101,34.463065,0.935058,34.463351,0.935058,9130,0
9133,0.00101283,34.463435,0.935056,34.463435,0.935058,9130,0
9134,0.00101104,34.463274,0.935057,34.463435,0.935058,9130,0
9135,0.00101198,34.463925,0.935061,34.463925,0.935061,9135,1
9136,0.00101104,34.463925,0.93506,34.463925,0.935061,9135,0
9137,0.00101112,34.46394,0.935063,34.46394,0.935063,9137,1
9138,0.00101234,34.463841,0.935062,34.46394,0.935063,9137,0
9139,0.00101212,34.463779,0.935064,34.46394,0.935064,9137,0
9140,0.00101055,34.463699,0.935065,34.46394,0.935065,9137,0
9141,0.00101163,34.463683,0.935064,34.46394,0.935065,9137,0
9142,0.0010117,34.464269,0.935067,34.464269,0.935067,9142,1
9143,0.00101247,34.464116,0.935068,34.464269,0.935068,9142,0
9144,0.00101166,34.464771,0.935072,34.464771,0.935072,9144,1
9145,0.00101178,34.464265,0.935071,34.464771,0.935072,9144,0
9146,0.00101256,34.464713,0.935072,34.464771,0.935072,9144,0
9147,0.0010119,34.464545,0.935071,34.464771,0.935072,9144,0
9148,0.00101092,34.464653,0.935072,34.464771,0.935072,9144,0
9149,0.00101124,34.464414,0.935073,34.464771,0.935073,9144,0
9150,0.00101255,34.46484,0.935074,34.46484,0.935074,9150,1
9151,0.001011,34.46499,0.935076,34.46499,0.935076,9151,1
9152,0.00101166,34.465563,0.935073,34.465563,0.935076,9151,0
9153,0.00101111,34.464329,0.935068,34.465563,0.935076,9151,0
9154,0.00101181,34.465106,0.935072,34.465563,0.935076,9151,0
9155,0.00101092,34.46476,0.935073,34.465563,0.935076,9151,0
9156,0.00101265,34.465137,0.935074,34.465563,0.935076,9151,0
9157,0.00101166,34.465147,0.935075,34.465563,0.935076,9151,0
9158,0.00101158,34.465047,0.935074,34.465563,0.935076,9151,0
9159,0.00101078,34.465216,0.935076,34.465563,0.935076,9151,0
9160,0.00101021,34.465063,0.935076,34.465563,0.935076,9151,0
9161,0.00101167,34.465311,0.935078,34.465563,0.935078,9151,0
9162,0.00101203,34.466063,0.935085,34.466063,0.935085,9162,1
9163,0.00101026,34.464981,0.935082,34.466063,0.935085,9162,0
9164,0.00101165,34.465319,0.935084,34.466063,0.935085,9162,0
9165,0.00101187,34.465683,0.935087,34.466063,0.935087,9162,0
9166,0.00101127,34.465777,0.935088,34.466063,0.935088,9162,0
9167,0.00101183,34.465626,0.935085,34.466063,0.935088,9162,0
9168,0.00101109,34.465753,0.935089,34.466063,0.935089,9162,0
9169,0.00101151,34.466301,0.93509,34.466301,0.93509,9169,1
9170,0.00100935,34.466139,0.935091,34.466301,0.935091,9169,0
9171,0.00100997,34.466153,0.935094,34.466301,0.935094,9169,0
9172,0.001012,34.466003,0.935093,34.466301,0.935094,9169,0
9173,0.0010112,34.465928,0.935094,34.466301,0.935094,9169,0
9174,0.00101046,34.466111,0.935094,34.466301,0.935094,9169,0
9175,0.00101113,34.466023,0.935097,34.466301,0.935097,9169,0
9176,0.001011,34.466494,0.935098,34.466494,0.935098,9176,1
9177,0.00101155,34.46622,0.935098,34.466494,0.935098,9176,0
9178,0.00101254,34.466354,0.9351,34.466494,0.9351,9176,0
9179,0.00101039,34.466662,0.935101,34.466662,0.935101,9179,1
9180,0.00101132,34.466192,0.9351,34.466662,0.935101,9179,0
9181,0.0010113,34.466624,0.935105,34.466662,0.935105,9179,0
9182,0.00101026,34.466605,0.935104,34.466662,0.935105,9179,0
9183,0.00101148,34.466879,0.935105,34.466879,0.935105,9179,0
9184,0.00101117,34.46691,0.935107,34.46691,0.935107,9184,1
9185,0.00101169,34.466707,0.935107,34.46691,0.935107,9184,0
9186,0.00101226,34.466507,0.935106,34.46691,0.935107,9184,0
9187,0.00101192,34.466824,0.935107,34.46691,0.935107,9184,0
9188,0.00101281,34.466416,0.935108,34.46691,0.935108,9184,0
9189,0.00100821,34.467168,0.935111,34.467168,0.935111,9189,1
9190,0.00101059,34.467551,0.935113,34.467551,0.935113,9190,1
9191,0.00100967,34.4674,0.935112,34.467551,0.935113,9190,0
9192,0.00101065,34.467365,0.935115,34.467551,0.935115,9190,0
9193,0.00101091,34.467402,0.935113,34.467551,0.935115,9190,0
9194,0.00101174,34.467429,0.935116,34.467551,0.935116,9190,0
9195,0.00100992,34.46744,0.935116,34.467551,0.935116,9190,0
9196,0.00101035,34.467736,0.935117,34.467736,0.935117,9196,1
9197,0.00101075,34.468099,0.935119,34.468099,0.935119,9197,1
9198,0.00101026,34.467789,0.935123,34.468099,0.935123,9197,0
9199,0.00101073,34.467783,0.935122,34.468099,0.935123,9197,0
9200,0.00101119,34.467879,0.935122,34.468099,0.935123,9197,0
9201,0.00101057,34.468423,0.935122,34.468423,0.935123,9197,0
9202,0.00101187,34.468685,0.935123,34.468685,0.935123,9202,1
9203,0.00100996,34.468457,0.935125,34.468685,0.935125,9202,0
9204,0.00101023,34.468494,0.935129,34.468685,0.935129,9202,0
9205,0.00101088,34.468746,0.93513,34.468746,0.93513,9205,1
9206,0.00101016,34.46829,0.935128,34.468746,0.93513,9205,0
9207,0.00101044,34.469247,0.935131,34.469247,0.935131,9207,1
9208,0.0010112,34.469275,0.935132,34.469275,0.935132,9208,1
9209,0.00101045,34.468822,0.93513,34.469275,0.935132,9208,0
9210,0.00101004,34.469381,0.935135,34.469381,0.935135,9210,1
9211,0.00101116,34.469147,0.935133,34.469381,0.935135,9210,0
9212,0.00101088,34.46943,0.935135,34.46943,0.935135,9212,1
9213,0.0010092,34.469368,0.935136,34.46943,0.935136,9212,0
9214,0.00100949,34.469315,0.935137,34.46943,0.935137,9212,0
9215,0.00101095,34.469522,0.935138,34.469522,0.935138,9215,1
9216,0.00101055,34.469791,0.935142,34.469791,0.935142,9216,1
9217,0.00101299,34.469178,0.93514,34.469791,0.935142,9216,0
9218,0.00101089,34.47008,0.935142,34.47008,0.935142,9218,1
9219,0.00100999,34.469555,0.935141,34.47008,0.935142,9218,0
9220,0.00101144,34.469937,0.935144,34.47008,0.935144,9218,0
9221,0.00101011,34.470221,0.935145,34.470221,0.935145,9221,1
9222,0.00101093,34.470675,0.935147,34.470675,0.935147,9222,1
9223,0.00100998,34.470651,0.935148,34.470675,0.935148,9222,0
9224,0.00101075,34.470587,0.93515,34.470675,0.93515,9222,0
9225,0.00100982,34.471389,0.935146,34.471389,0.93515,9222,0
9226,0.00101142,34.471789,0.935148,34.471789,0.93515,9222,0
9227,0.00101028,34.471761,0.93515,34.471789,0.93515,9222,0
9228,0.00100948,34.472128,0.935149,34.472128,0.93515,9222,0
9229,0.00100882,34.472094,0.935152,34.472128,0.935152,9222,0
9230,0.00100934,34.471736,0.935153,34.472128,0.935153,9222,0
9231,0.00101086,34.472182,0.935152,34.472182,0.935153,9222,0
9232,0.00100955,34.471812,0.935153,34.472182,0.935153,9222,0
9233,0.00100922,34.472188,0.935156,34.472188,0.935156,9233,1
9234,0.00100946,34.471989,0.935155,34.472188,0.935156,9233,0
9235,0.00101077,34.47208,0.935155,34.472188,0.935156,9233,0
9236,0.00100907,34.472518,0.935158,34.472518,0.935158,9236,1
9237,0.0010108,34.471971,0.935158,34.472518,0.935158,9236,0
9238,0.00100928,34.472724,0.935162,34.472724,0.935162,9238,1
9239,0.00101076,34.472791,0.935162,34.472791,0.935162,9239,1
9240,0.00100846,34.472946,0.935162,34.472946,0.935162,9240,1
9241,0.00100969,34.473057,0.935163,34.473057,0.935163,9241,1
9242,0.00100805,34.472762,0.935165,34.473057,0.935165,9241,0
9243,0.00100884,34.473429,0.935166,34.473429,0.935166,9243,1
9244,0.00101031,34.473354,0.935168,34.473429,0.935168,9243,0
9245,0.00101023,34.473188,0.935163,34.473429,0.935168,9243,0
9246,0.00100926,34.473137,0.935171,34.473429,0.935171,9243,0
9247,0.00100937,34.473626,0.935167,34.473626,0.935171,9243,0
9248,0.00100982,34.473935,0.935169,34.473935,0.935171,9243,0
9249,0.00101074,34.47387,0.93517,34.473935,0.935171,9243,0
9250,0.00101068,34.473482,0.935174,34.473935,0.935174,9243,0
9251,0.00101138,34.47378,0.935171,34.473935,0.935174,9243,0
9252,0.00100958,34.473855,0.935174,34.473935,0.935174,9243,0
9253,0.00100766,34.474771,0.935175,34.474771,0.935175,9253,1
9254,0.00100928,34.474351,0.935176,34.474771,0.935176,9253,0
9255,0.00100918,34.474641,0.935178,34.474771,0.935178,9253,0
9256,0.00101013,34.474429,0.935178,34.474771,0.935178,9253,0
9257,0.0010101,34.474771,0.935179,34.474771,0.935179,9253,0
9258,0.0010102,34.474927,0.93518,34.474927,0.93518,9258,1
9259,0.00100988,34.474684,0.935183,34.474927,0.935183,9258,0
9260,0.00101064,34.474709,0.93518,34.474927,0.935183,9258,0
9261,0.00100829,34.475645,0.935185,34.475645,0.935185,9261,1
9262,0.00101034,34.47512,0.935185,34.475645,0.935185,9261,0
9263,0.00100959,34.47519,0.935187,34.475645,0.935187,9261,0
9264,0.00100989,34.475657,0.935189,34.475657,0.935189,9264,1
9265,0.00100926,34.475287,0.935189,34.475657,0.935189,9264,0
9266,0.00100909,34.475385,0.935189,34.475657,0.935189,9264,0
9267,0.00100817,34.475663,0.935191,34.475663,0.935191,9267,1
9268,0.00100915,34.475941,0.935195,34.475941,0.935195,9268,1
9269,0.00101034,34.476067,0.935192,34.476067,0.935195,9268,0
9270,0.00101058,34.476025,0.935195,34.476067,0.935195,9268,0
9271,0.00100916,34.475845,0.935196,34.476067,0.935196,9268,0
9272,0.00100908,34.476314,0.935194,34.476314,0.935196,9268,0
9273,0.00100927,34.47623,0.935198,34.476314,0.935198,9268,0
9274,0.00100859,34.476144,0.935198,34.476314,0.935198,9268,0
9275,0.0010084,34.476489,0.935199,34.476489,0.935199,9275,1
9276,0.00101031,34.475987,0.935201,34.476489,0.935201,9275,0
9277,0.00100779,34.476171,0.935199,34.476489,0.935201,9275,0
9278,0.00100752,34.475905,0.9352,34.476489,0.935201,9275,0
9279,0.00100895,34.47627,0.935203,34.476489,0.935203,9275,0
9280,0.00100767,34.475984,0.935204,34.476489,0.935204,9275,0
9281,0.0010091,34.475986,0.935206,34.476489,0.935206,9275,0
9282,0.00100848,34.476483,0.935205,34.476489,0.935206,9275,0
9283,0.00100838,34.476284,0.935206,34.476489,0.935206,9275,0
9284,0.00100828,34.476672,0.935206,34.476672,0.935206,9275,0
9285,0.0010092,34.476912,0.935208,34.476912,0.935208,9285,1
9286,0.00100959,34.479995,0.935238,34.479995,0.935238,9286,1
9287,0.00100749,34.478454,0.935235,34.479995,0.935238,9286,0
9288,0.00100904,34.478622,0.935237,34.479995,0.935238,9286,0
9289,0.0010085,34.478495,0.935236,34.479995,0.935238,9286,0
9290,0.00100798,34.479076,0.935235,34.479995,0.935238,9286,0
9291,0.00100806,34.479053,0.935237,34.479995,0.935238,9286,0
9292,0.00100829,34.478909,0.935238,34.479995,0.935238,9286,0
9293,0.00100881,34.479098,0.93524,34.479995,0.93524,9286,0
9294,0.00100834,34.479173,0.93524,34.479995,0.93524,9286,0
9295,0.00100682,34.479464,0.935239,34.479995,0.93524,9286,0
9296,0.00100837,34.479706,0.935242,34.479995,0.935242,9286,0
9297,0.0010081,34.479731,0.935243,34.479995,0.935243,9286,0
9298,0.00100826,34.479757,0.935242,34.479995,0.935243,9286,0
9299,0.0010083,34.480248,0.935245,34.480248,0.935245,9299,1
9300,0.00100754,34.480171,0.935245,34.480248,0.935245,9299,0
9301,0.00100886,34.480222,0.935248,34.480248,0.935248,9299,0
9302,0.00100789,34.480767,0.935248,34.480767,0.935248,9299,0
9303,0.00100684,34.48041,0.93525,34.480767,0.93525,9299,0
9304,0.0010078,34.480241,0.93525,34.480767,0.93525,9299,0
9305,0.0010082,34.480841,0.935254,34.480841,0.935254,9305,1
9306,0.00100846,34.481159,0.935255,34.481159,0.935255,9306,1
9307,0.00100833,34.480721,0.935256,34.481159,0.935256,9306,0
9308,0.00100804,34.48138,0.935258,34.48138,0.935258,9308,1
9309,0.00100826,34.481321,0.935262,34.48138,0.935262,9308,0
9310,0.00100878,34.481241,0.93526,34.48138,0.935262,9308,0
9311,0.00100841,34.481383,0.935258,34.481383,0.935262,9308,0
9312,0.00100711,34.480998,0.935259,34.481383,0.935262,9308,0
9313,0.00100691,34.481297,0.935263,34.481383,0.935263,9308,0
9314,0.0010065,34.481337,0.935265,34.481383,0.935265,9308,0
9315,0.00100719,34.481834,0.935266,34.481834,0.935266,9315,1
9316,0.00100816,34.481789,0.935267,34.481834,0.935267,9315,0
9317,0.00100691,34.481858,0.935267,34.481858,0.935267,9317,1
9318,0.00100764,34.481731,0.935268,34.481858,0.935268,9317,0
9319,0.0010083,34.482091,0.935269,34.482091,0.935269,9319,1
9320,0.00100884,34.481973,0.93527,34.482091,0.93527,9319,0
9321,0.00100879,34.481645,0.93527,34.482091,0.93527,9319,0
9322,0.00100721,34.48208,0.935273,34.482091,0.935273,9319,0
9323,0.00100877,34.48188,0.935273,34.482091,0.935273,9319,0
9324,0.00100548,34.48193,0.935276,34.482091,0.935276,9319,0
9325,0.0010083,34.482231,0.935276,34.482231,0.935276,9319,0
9326,0.00100721,34.482285,0.935274,34.482285,0.935276,9319,0
9327,0.00100764,34.482572,0.935277,34.482572,0.935277,9327,1
9328,0.00100731,34.482968,0.93528,34.482968,0.93528,9328,1
9329,0.00100956,34.482648,0.935278,34.482968,0.93528,9328,0
9330,0.001008,34.482835,0.935282,34.482968,0.935282,9328,0
9331,0.00100621,34.482972,0.935281,34.482972,0.935282,9328,0
9332,0.00100845,34.482895,0.935282,34.482972,0.935282,9328,0
9333,0.00100808,34.482996,0.935285,34.482996,0.935285,9333,1
9334,0.00100701,34.48242,0.935279,34.482996,0.935285,9333,0
9335,0.001008,34.482375,0.935279,34.482996,0.935285,9333,0
9336,0.00100878,34.483124,0.935284,34.483124,0.935285,9333,0
9337,0.00100822,34.483027,0.935285,34.483124,0.935285,9333,0
9338,0.00100731,34.483029,0.935285,34.483124,0.935285,9333,0
9339,0.00100771,34.482955,0.935286,34.483124,0.935286,9333,0
9340,0.0010084,34.483289,0.935286,34.483289,0.935286,9333,0
9341,0.00100765,34.483453,0.935286,34.483453,0.935286,9341,1
9342,0.00100689,34.483121,0.935287,34.483453,0.935287,9341,0
9343,0.00100649,34.483584,0.935289,34.483584,0.935289,9343,1
9344,0.00100828,34.483504,0.93529,34.483584,0.93529,9343,0
9345,0.00100766,34.483383,0.935288,34.483584,0.93529,9343,0
9346,0.00100789,34.483479,0.93529,34.483584,0.93529,9343,0
9347,0.00100772,34.484176,0.935292,34.484176,0.935292,9347,1
9348,0.00100832,34.483515,0.935293,34.484176,0.935293,9347,0
9349,0.00100717,34.483501,0.935293,34.484176,0.935293,9347,0
9350,0.00100809,34.483353,0.93529,34.484176,0.935293,9347,0
9351,0.00100734,34.48428,0.93529,34.48428,0.935293,9347,0
9352,0.00100818,34.484112,0.935289,34.48428,0.935293,9347,0
9353,0.00100738,34.484104,0.93529,34.48428,0.935293,9347,0
9354,0.00100749,34.483832,0.935291,34.48428,0.935293,9347,0
9355,0.00100755,34.483965,0.935293,34.48428,0.935293,9347,0
9356,0.00100877,34.483794,0.935293,34.48428,0.935293,9347,0
9357,0.00100864,34.48394,0.935293,34.48428,0.935293,9347,0
9358,0.00100721,34.484052,0.935294,34.48428,0.935294,9347,0
9359,0.00100814,34.484025,0.935295,34.48428,0.935295,9347,0
9360,0.00100834,34.484169,0.935295,34.48428,0.935295,9347,0
9361,0.00100821,34.483888,0.935297,34.48428,0.935297,9347,0
9362,0.00100814,34.484286,0.935301,34.484286,0.935301,9362,1
9363,0.00100785,34.484443,0.935304,34.484443,0.935304,9363,1
9364,0.00100703,34.484095,0.935302,34.484443,0.935304,9363,0
9365,0.00100835,34.484123,0.935304,34.484443,0.935304,9363,0
9366,0.00100702,34.484021,0.935304,34.484443,0.935304,9363,0
9367,0.00100745,34.484271,0.935306,34.484443,0.935306,9363,0
9368,0.00100568,34.484517,0.93531,34.484517,0.93531,9368,1
9369,0.00100723,34.484189,0.93531,34.484517,0.93531,9368,0
9370,0.00100868,34.484395,0.93531,34.484517,0.93531,9368,0
9371,0.00100751,34.48434,0.93531,34.484517,0.93531,9368,0
9372,0.00100649,34.484574,0.935315,34.484574,0.935315,9372,1
9373,0.00100628,34.484336,0.935314,34.484574,0.935315,9372,0
9374,0.00100724,34.484632,0.935313,34.484632,0.935315,9372,0
9375,0.00100745,34.484881,0.935317,34.484881,0.935317,9375,1
9376,0.00100632,34.484507,0.935317,34.484881,0.935317,9375,0
9377,0.00100703,34.48478,0.935319,34.484881,0.935319,9375,0
9378,0.0010068,34.484907,0.935321,34.484907,0.935321,9378,1
9379,0.00100814,34.484875,0.935318,34.484907,0.935321,9378,0
9380,0.00100614,34.484646,0.935318,34.484907,0.935321,9378,0
9381,0.00100793,34.484969,0.93532,34.484969,0.935321,9378,0
9382,0.00100771,34.485304,0.935323,34.485304,0.935323,9382,1
9383,0.00100479,34.485392,0.935324,34.485392,0.935324,9383,1
9384,0.0010073,34.485411,0.935325,34.485411,0.935325,9384,1
9385,0.00100649,34.48568,0.935328,34.48568,0.935328,9385,1
9386,0.00100708,34.485487,0.935327,34.48568,0.935328,9385,0
9387,0.00100636,34.485509,0.935326,34.48568,0.935328,9385,0
9388,0.0010065,34.486048,0.93533,34.486048,0.93533,9388,1
9389,0.00100665,34.486071,0.935332,34.486071,0.935332,9389,1
9390,0.00100584,34.486001,0.935335,34.486071,0.935335,9389,0
9391,0.00100669,34.486321,0.935329,34.486321,0.935335,9389,0
9392,0.00100603,34.48608,0.935332,34.486321,0.935335,9389,0
9393,0.00100589,34.486407,0.935335,34.486407,0.935335,9393,1
9394,0.00100558,34.48635,0.935336,34.486407,0.935336,9393,0
9395,0.00100577,34.486309,0.935333,34.486407,0.935336,9393,0
9396,0.00100747,34.487463,0.935338,34.487463,0.935338,9396,1
9397,0.00100732,34.486687,0.935339,34.487463,0.935339,9396,0
9398,0.00100684,34.486422,0.935341,34.487463,0.935341,9396,0
9399,0.00100802,34.486878,0.935341,34.487463,0.935341,9396,0
9400,0.00100748,34.486656,0.935341,34.487463,0.935341,9396,0
9401,0.00100684,34.486957,0.935345,34.487463,0.935345,9396,0
9402,0.0010062,34.48676,0.935344,34.487463,0.935345,9396,0
9403,0.00100731,34.487115,0.935348,34.487463,0.935348,9396,0
9404,0.00100482,34.487417,0.935349,34.487463,0.935349,9396,0
9405,0.00100641,34.487417,0.93535,34.487463,0.93535,9396,0
9406,0.001006,34.48758,0.935351,34.48758,0.935351,9406,1
9407,0.00100714,34.487651,0.935352,34.487651,0.935352,9407,1
9408,0.0010071,34.487541,0.935352,34.487651,0.935352,9407,0
9409,0.0010066,34.487223,0.935349,34.487651,0.935352,9407,0
9410,0.00100713,34.487516,0.935352,34.487651,0.935352,9407,0
9411,0.0010068,34.487483,0.935353,34.487651,0.935353,9407,0
9412,0.00100566,34.487881,0.935353,34.487881,0.935353,9407,0
9413,0.00100671,34.488243,0.935356,34.488243,0.935356,9413,1
9414,0.00100702,34.488487,0.935359,34.488487,0.935359,9414,1
9415,0.00100721,34.488427,0.935357,34.488487,0.935359,9414,0
9416,0.00100715,34.488179,0.935359,34.488487,0.935359,9414,0
9417,0.001007,34.488596,0.935358,34.488596,0.935359,9414,0
9418,0.00100608,34.488497,0.935362,34.488596,0.935362,9414,0
9419,0.00100576,34.488935,0.935364,34.488935,0.935364,9419,1
9420,0.00100638,34.488682,0.935363,34.488935,0.935364,9419,0
9421,0.00100657,34.488437,0.935363,34.488935,0.935364,9419,0
9422,0.00100583,34.488809,0.935363,34.488935,0.935364,9419,0
9423,0.00100547,34.489274,0.935366,34.489274,0.935366,9423,1
9424,0.00100757,34.489127,0.935365,34.489274,0.935366,9423,0
9425,0.001007,34.489095,0.935367,34.489274,0.935367,9423,0
9426,0.00100602,34.489022,0.935365,34.489274,0.935367,9423,0
9427,0.00100621,34.489548,0.935369,34.489548,0.935369,9427,1
9428,0.00100712,34.489562,0.935371,34.489562,0.935371,9428,1
9429,0.00100534,34.489084,0.935365,34.489562,0.935371,9428,0
9430,0.0010066,34.489152,0.935368,34.489562,0.935371,9428,0
9431,0.0010056,34.489436,0.935372,34.489562,0.935372,9428,0
9432,0.00100641,34.489259,0.935373,34.489562,0.935373,9428,0
9433,0.00100648,34.489129,0.935374,34.489562,0.935374,9428,0
9434,0.00100666,34.489638,0.935374,34.489638,0.935374,9434,1
9435,0.00100721,34.489086,0.935375,34.489638,0.935375,9434,0
9436,0.00100757,34.489252,0.935375,34.489638,0.935375,9434,0
9437,0.0010056,34.489646,0.93538,34.489646,0.93538,9437,1
9438,0.00100515,34.490086,0.935381,34.490086,0.935381,9438,1
9439,0.00100477,34.489967,0.93538,34.490086,0.935381,9438,0
9440,0.00100664,34.489675,0.935381,34.490086,0.935381,9438,0
9441,0.00100528,34.489791,0.935383,34.490086,0.935383,9438,0
9442,0.00100637,34.490516,0.935384,34.490516,0.935384,9442,1
9443,0.00100755,34.490288,0.935384,34.490516,0.935384,9442,0
9444,0.00100591,34.490467,0.935386,34.490516,0.935386,9442,0
9445,0.00100731,34.489943,0.935384,34.490516,0.935386,9442,0
9446,0.0010057,34.490271,0.935385,34.490516,0.935386,9442,0
9447,0.00100485,34.490061,0.93539,34.490516,0.93539,9442,0
9448,0.00100478,34.490129,0.93539,34.490516,0.93539,9442,0
9449,0.00100641,34.490184,0.935392,34.490516,0.935392,9442,0
9450,0.00100623,34.490287,0.935391,34.490516,0.935392,9442,0
9451,0.00100511,34.490707,0.935394,34.490707,0.935394,9451,1
9452,0.00100461,34.490503,0.935393,34.490707,0.935394,9451,0
9453,0.0010061,34.490712,0.935396,34.490712,0.935396,9453,1
9454,0.00100476,34.491568,0.935399,34.491568,0.935399,9454,1
9455,0.00100556,34.491112,0.935397,34.491568,0.935399,9454,0
9456,0.00100504,34.491334,0.935399,34.491568,0.935399,9454,0
9457,0.00100619,34.491358,0.9354,34.491568,0.9354,9454,0
9458,0.00100613,34.491467,0.935404,34.491568,0.935404,9454,0
9459,0.00100419,34.491529,0.935406,34.491568,0.935406,9454,0
9460,0.00100584,34.491506,0.935407,34.491568,0.935407,9454,0
9461,0.00100524,34.491011,0.935403,34.491568,0.935407,9454,0
9462,0.00100548,34.491728,0.935407,34.491728,0.935407,9462,1
9463,0.0010059,34.491493,0.935408,34.491728,0.935408,9462,0
9464,0.00100637,34.491799,0.935409,34.491799,0.935409,9464,1
9465,0.00100493,34.492267,0.935411,34.492267,0.935411,9465,1
9466,0.00100426,34.491767,0.935411,34.492267,0.935411,9465,0
9467,0.00100542,34.491901,0.93541,34.492267,0.935411,9465,0
9468,0.00100618,34.492068,0.935413,34.492267,0.935413,9465,0
9469,0.0010056,34.492286,0.935414,34.492286,0.935414,9469,1
9470,0.00100571,34.492269,0.935416,34.492286,0.935416,9469,0
9471,0.00100409,34.492479,0.935418,34.492479,0.935418,9471,1
9472,0.00100411,34.492237,0.935417,34.492479,0.935418,9471,0
9473,0.00100356,34.493043,0.935419,34.493043,0.935419,9473,1
9474,0.00100563,34.492978,0.935421,34.493043,0.935421,9473,0
9475,0.00100595,34.492949,0.93542,34.493043,0.935421,9473,0
9476,0.00100437,34.49315,0.935422,34.49315,0.935422,9476,1
9477,0.00100614,34.492975,0.935422,34.49315,0.935422,9476,0
9478,0.00100585,34.493236,0.935425,34.493236,0.935425,9478,1
9479,0.00100556,34.493685,0.935426,34.493685,0.935426,9479,1
9480,0.0010063,34.493165,0.935423,34.493685,0.935426,9479,0
9481,0.00100497,34.493887,0.935429,34.493887,0.935429,9481,1
9482,0.00100637,34.4931,0.935425,34.493887,0.935429,9481,0
9483,0.00100583,34.493452,0.935428,34.493887,0.935429,9481,0
9484,0.00100563,34.493267,0.935428,34.493887,0.935429,9481,0
9485,0.00100469,34.493487,0.935431,34.493887,0.935431,9481,0
9486,0.00100564,34.49371,0.935432,34.493887,0.935432,9481,0
9487,0.00100577,34.494416,0.935436,34.494416,0.935436,9487,1
9488,0.00100558,34.494045,0.935434,34.494416,0.935436,9487,0
9489,0.00100548,34.494182,0.935435,34.494416,0.935436,9487,0
9490,0.00100477,34.494125,0.935437,34.494416,0.935437,9487,0
9491,0.00100359,34.494245,0.935437,34.494416,0.935437,9487,0
9492,0.00100506,34.494229,0.935439,34.494416,0.935439,9487,0
9493,0.00100386,34.494525,0.935438,34.494525,0.935439,9487,0
9494,0.00100325,34.494929,0.93544,34.494929,0.93544,9494,1
9495,0.00100533,34.495142,0.935443,34.495142,0.935443,9495,1
9496,0.00100485,34.49482,0.935441,34.495142,0.935443,9495,0
9497,0.00100465,34.494838,0.935443,34.495142,0.935443,9495,0
9498,0.00100536,34.495064,0.935445,34.495142,0.935445,9495,0
9499,0.00100557,34.495182,0.935446,34.495182,0.935446,9499,1
9500,0.00100617,34.495682,0.935444,34.495682,0.935446,9499,0
9501,0.00100459,34.495618,0.935444,34.495682,0.935446,9499,0
9502,0.00100503,34.495374,0.935444,34.495682,0.935446,9499,0
9503,0.00100491,34.495214,0.935445,34.495682,0.935446,9499,0
9504,0.00100484,34.495536,0.935446,34.495682,0.935446,9499,0
9505,0.001004,34.495302,0.935447,34.495682,0.935447,9499,0
9506,0.00100447,34.495585,0.935448,34.495682,0.935448,9499,0
9507,0.00100526,34.495568,0.935448,34.495682,0.935448,9499,0
9508,0.00100528,34.49559,0.935452,34.495682,0.935452,9499,0
9509,0.00100443,34.49588,0.935453,34.49588,0.935453,9509,1
9510,0.0010038,34.496018,0.935453,34.496018,0.935453,9509,0
9511,0.0010055,34.495868,0.935458,34.496018,0.935458,9509,0
9512,0.00100366,34.496047,0.935456,34.496047,0.935458,9509,0
9513,0.00100258,34.495721,0.935456,34.496047,0.935458,9509,0
9514,0.00100476,34.495782,0.935459,34.496047,0.935459,9509,0
9515,0.0010032,34.495722,0.935458,34.496047,0.935459,9509,0
9516,0.00100423,34.495998,0.935461,34.496047,0.935461,9509,0
9517,0.0010032,34.495947,0.935458,34.496047,0.935461,9509,0
9518,0.00100334,34.495831,0.935461,34.496047,0.935461,9509,0
9519,0.00100611,34.496664,0.935462,34.496664,0.935462,9519,1
9520,0.00100345,34.496261,0.935462,34.496664,0.935462,9519,0
9521,0.00100442,34.496486,0.935461,34.496664,0.935462,9519,0
9522,0.00100527,34.496338,0.935465,34.496664,0.935465,9519,0
9523,0.00100398,34.496811,0.935465,34.496811,0.935465,9523,1
9524,0.00100191,34.496309,0.935465,34.496811,0.935465,9523,0
9525,0.00100409,34.49692,0.935466,34.49692,0.935466,9525,1
9526,0.00100354,34.497136,0.935469,34.497136,0.935469,9526,1
9527,0.00100331,34.497172,0.935469,34.497172,0.935469,9527,1
9528,0.00100393,34.497323,0.935472,34.497323,0.935472,9528,1
9529,0.00100439,34.497255,0.935473,34.497323,0.935473,9528,0
9530,0.00100452,34.497327,0.935474,34.497327,0.935474,9530,1
9531,0.00100569,34.497498,0.935475,34.497498,0.935475,9531,1
9532,0.00100445,34.49794,0.935476,34.49794,0.935476,9532,1
9533,0.00100444,34.497485,0.935478,34.49794,0.935478,9532,0
9534,0.00100374,34.498056,0.935481,34.498056,0.935481,9534,1
9535,0.00100374,34.497587,0.935477,34.498056,0.935481,9534,0
9536,0.00100335,34.497621,0.935477,34.498056,0.935481,9534,0
9537,0.00100418,34.4977,0.93548,34.498056,0.935481,9534,0
9538,0.00100375,34.49766,0.935481,34.498056,0.935481,9534,0
9539,0.0010057,34.498191,0.935484,34.498191,0.935484,9539,1
9540,0.00100311,34.497626,0.935481,34.498191,0.935484,9539,0
9541,0.00100386,34.498281,0.935486,34.498281,0.935486,9541,1
9542,0.00100335,34.498637,0.935488,34.498637,0.935488,9542,1
9543,0.00100381,34.498334,0.935486,34.498637,0.935488,9542,0
9544,0.0010022,34.498264,0.935487,34.498637,0.935488,9542,0
9545,0.00100472,34.498662,0.93549,34.498662,0.93549,9545,1
9546,0.00100442,34.498552,0.93549,34.498662,0.93549,9545,0
9547,0.00100417,34.49836,0.93549,34.498662,0.93549,9545,0
9548,0.00100382,34.498788,0.935492,34.498788,0.935492,9548,1
9549,0.00100388,34.498602,0.935493,34.498788,0.935493,9548,0
9550,0.00100396,34.499165,0.935496,34.499165,0.935496,9550,1
9551,0.00100545,34.499175,0.935497,34.499175,0.935497,9551,1
9552,0.00100406,34.498861,0.935497,34.499175,0.935497,9551,0
9553,0.00100412,34.499094,0.935498,34.499175,0.935498,9551,0
9554,0.00100519,34.499159,0.935502,34.499175,0.935502,9551,0
9555,0.00100244,34.49905,0.935501,34.499175,0.935502,9551,0
9556,0.00100476,34.498844,0.935501,34.499175,0.935502,9551,0
9557,0.00100278,34.499577,0.935501,34.499577,0.935502,9551,0
9558,0.00100462,34.499318,0.9355,34.499577,0.935502,9551,0
9559,0.0010031,34.499603,0.935502,34.499603,0.935502,9559,1
9560,0.0010037,34.500048,0.935506,34.500048,0.935506,9560,1
9561,0.00100305,34.49976,0.935507,34.500048,0.935507,9560,0
9562,0.00100267,34.499713,0.935507,34.500048,0.935507,9560,0
9563,0.00100288,34.499957,0.935509,34.500048,0.935509,9560,0
9564,0.00100277,34.500055,0.935511,34.500055,0.935511,9564,1
9565,0.00100237,34.500516,0.93551,34.500516,0.935511,9564,0
9566,0.00100398,34.500625,0.935511,34.500625,0.935511,9566,1
9567,0.00100296,34.500285,0.93551,34.500625,0.935511,9566,0
9568,0.00100309,34.500331,0.935513,34.500625,0.935513,9566,0
9569,0.00100439,34.500518,0.935513,34.500625,0.935513,9566,0
9570,0.00100388,34.500759,0.935517,34.500759,0.935517,9570,1
9571,0.00100301,34.500579,0.935516,34.500759,0.935517,9570,0
9572,0.00100324,34.500733,0.935516,34.500759,0.935517,9570,0
9573,0.00100338,34.500998,0.93552,34.500998,0.93552,9573,1
9574,0.00100468,34.500715,0.93552,34.500998,0.93552,9573,0
9575,0.00100241,34.500947,0.935519,34.500998,0.93552,9573,0
9576,0.00100259,34.500775,0.935519,34.500998,0.93552,9573,0
9577,0.00100449,34.501196,0.935523,34.501196,0.935523,9577,1
9578,0.00100433,34.501389,0.935523,34.501389,0.935523,9578,1
9579,0.00100312,34.501517,0.935524,34.501517,0.935524,9579,1
9580,0.00100413,34.501564,0.935527,34.501564,0.935527,9580,1
9581,0.0010047,34.50171,0.935526,34.50171,0.935527,9580,0
9582,0.00100325,34.502044,0.935531,34.502044,0.935531,9582,1
9583,0.0010033,34.50204,0.935531,34.502044,0.935531,9582,0
9584,0.0010038,34.501539,0.935528,34.502044,0.935531,9582,0
9585,0.00100326,34.502106,0.935533,34.502106,0.935533,9585,1
9586,0.00100088,34.501939,0.935534,34.502106,0.935534,9585,0
9587,0.00100096,34.501919,0.935534,34.502106,0.935534,9585,0
9588,0.00100376,34.502207,0.935535,34.502207,0.935535,9588,1
9589,0.00100304,34.502735,0.935539,34.502735,0.935539,9589,1
9590,0.00100283,34.502124,0.935535,34.502735,0.935539,9589,0
9591,0.00100294,34.502591,0.935542,34.502735,0.935542,9589,0
9592,0.0010036,34.502543,0.93554,34.502735,0.935542,9589,0
9593,0.00100262,34.50287,0.935542,34.50287,0.935542,9593,1
9594,0.00100433,34.502754,0.935544,34.50287,0.935544,9593,0
9595,0.00100421,34.503006,0.935544,34.503006,0.935544,9595,1
9596,0.00100278,34.502947,0.935546,34.503006,0.935546,9595,0
9597,0.00100421,34.50294,0.935546,34.503006,0.935546,9595,0
9598,0.00100378,34.503334,0.935548,34.503334,0.935548,9598,1
9599,0.00100309,34.50357,0.93555,34.50357,0.93555,9599,1
9600,0.0010025,34.503203,0.935549,34.50357,0.93555,9599,0
9601,0.00100269,34.503358,0.93555,34.50357,0.93555,9599,0
9602,0.00100323,34.503377,0.93555,34.50357,0.93555,9599,0
9603,0.00100328,34.503205,0.935551,34.50357,0.935551,9599,0
9604,0.00100262,34.50359,0.935555,34.50359,0.935555,9604,1
9605,0.00100391,34.503738,0.935555,34.503738,0.935555,9604,0
9606,0.00100182,34.503594,0.935554,34.503738,0.935555,9604,0
9607,0.00100365,34.50417,0.935559,34.50417,0.935559,9607,1
9608,0.00100266,34.504256,0.935559,34.504256,0.935559,9608,1
9609,0.00100347,34.504545,0.935562,34.504545,0.935562,9609,1
9610,0.00100237,34.503665,0.935559,34.504545,0.935562,9609,0
9611,0.00100414,34.504233,0.935563,34.504545,0.935563,9609,0
9612,0.00100236,34.50408,0.935562,34.504545,0.935563,9609,0
9613,0.00100288,34.504262,0.935563,34.504545,0.935563,9609,0
9614,0.00100166,34.504396,0.935563,34.504545,0.935563,9609,0
9615,0.00100366,34.504616,0.935566,34.504616,0.935566,9615,1
9616,0.00100308,34.504617,0.935566,34.504617,0.935566,9615,0
9617,0.00100299,34.504723,0.935568,34.504723,0.935568,9617,1
9618,0.00100339,34.505228,0.935573,34.505228,0.935573,9618,1
9619,0.00100256,34.504965,0.93557,34.505228,0.935573,9618,0
9620,0.0010036,34.5049,0.93557,34.505228,0.935573,9618,0
9621,0.00100194,34.505207,0.935576,34.505228,0.935576,9618,0
9622,0.00100192,34.505644,0.935575,34.505644,0.935576,9618,0
9623,0.00100272,34.505355,0.935575,34.505644,0.935576,9618,0
9624,0.00100143,34.505355,0.935575,34.505644,0.935576,9618,0
9625,0.00100247,34.505801,0.935577,34.505801,0.935577,9625,1
9626,0.00100221,34.506073,0.935581,34.506073,0.935581,9626,1
9627,0.00100287,34.505678,0.93558,34.506073,0.935581,9626,0
9628,0.00100184,34.505482,0.935583,34.506073,0.935583,9626,0
9629,0.00100259,34.505358,0.935584,34.506073,0.935584,9626,0
9630,0.00100188,34.505435,0.935583,34.506073,0.935584,9626,0
9631,0.00100091,34.505873,0.935587,34.506073,0.935587,9626,0
9632,0.00100243,34.505738,0.935587,34.506073,0.935587,9626,0
9633,0.00100175,34.505616,0.935587,34.506073,0.935587,9626,0
9634,0.00100244,34.505691,0.935587,34.506073,0.935587,9626,0
9635,0.00100016,34.505737,0.935587,34.506073,0.935587,9626,0
9636,0.00100124,34.506126,0.935593,34.506126,0.935593,9636,1
9637,0.00100134,34.506055,0.935591,34.506126,0.935593,9636,0
9638,0.0010029,34.506272,0.935593,34.506272,0.935593,9638,1
9639,0.00100163,34.506519,0.935595,34.506519,0.935595,9639,1
9640,0.00100242,34.506662,0.935597,34.506662,0.935597,9640,1
9641,0.00100192,34.506428,0.935598,34.506662,0.935598,9640,0
9642,0.00100167,34.506428,0.935599,34.506662,0.935599,9640,0
9643,0.00100141,34.506416,0.935598,34.506662,0.935599,9640,0
9644,0.00100153,34.50662,0.935598,34.506662,0.935599,9640,0
9645,0.00100119,34.50684,0.935599,34.50684,0.935599,9645,1
9646,0.00100238,34.50703,0.9356,34.50703,0.9356,9646,1
9647,0.00100186,34.506926,0.935603,34.50703,0.935603,9646,0
9648,0.00100175,34.507251,0.935606,34.507251,0.935606,9648,1
9649,0.00100248,34.507184,0.935606,34.507251,0.935606,9648,0
9650,0.00100138,34.50747,0.935609,34.50747,0.935609,9650,1
9651,0.00100057,34.507106,0.935607,34.50747,0.935609,9650,0
9652,0.00100177,34.506918,0.935606,34.50747,0.935609,9650,0
9653,0.00100006,34.507701,0.93561,34.507701,0.93561,9653,1
9654,0.00100235,34.507384,0.935605,34.507701,0.93561,9653,0
9655,0.00100095,34.506969,0.935605,34.507701,0.93561,9653,0
9656,0.00100064,34.506764,0.935607,34.507701,0.93561,9653,0
9657,0.00100191,34.506873,0.935609,34.507701,0.93561,9653,0
9658,0.00100023,34.506945,0.935607,34.507701,0.93561,9653,0
9659,0.00100221,34.507735,0.935613,34.507735,0.935613,9659,1
9660,0.0010013,34.507588,0.935614,34.507735,0.935614,9659,0
9661,0.00100282,34.507558,0.935614,34.507735,0.935614,9659,0
9662,0.00100064,34.507211,0.935613,34.507735,0.935614,9659,0
9663,0.00100111,34.507791,0.935617,34.507791,0.935617,9663,1
9664,0.00100152,34.507115,0.935612,34.507791,0.935617,9663,0
9665,0.00100091,34.506967,0.935614,34.507791,0.935617,9663,0
9666,0.00099967,34.507593,0.935616,34.507791,0.935617,9663,0
9667,0.0010027,34.507217,0.935618,34.507791,0.935618,9663,0
9668,0.00100142,34.507439,0.935618,34.507791,0.935618,9663,0
9669,0.00100063,34.50775,0.935619,34.507791,0.935619,9663,0
9670,0.00100251,34.507993,0.935622,34.507993,0.935622,9670,1
9671,0.00100116,34.508117,0.935622,34.508117,0.935622,9671,1
9672,0.0010022,34.508073,0.935623,34.508117,0.935623,9671,0
9673,0.00100018,34.508165,0.935625,34.508165,0.935625,9673,1
9674,0.00100285,34.508169,0.935624,34.508169,0.935625,9673,0
9675,0.00100134,34.508178,0.935625,34.508178,0.935625,9675,1
9676,0.00100217,34.508382,0.935626,34.508382,0.935626,9676,1
9677,0.00100074,34.508246,0.935626,34.508382,0.935626,9676,0
9678,0.00100193,34.508117,0.935626,34.508382,0.935626,9676,0
9679,0.00100142,34.50824,0.935628,34.508382,0.935628,9676,0
9680,0.00099983,34.508482,0.935631,34.508482,0.935631,9680,1
9681,0.00100251,34.508568,0.935632,34.508568,0.935632,9681,1
9682,0.00100095,34.508339,0.93563,34.508568,0.935632,9681,0
9683,0.00100026,34.508736,0.935633,34.508736,0.935633,9683,1
9684,0.00100156,34.508627,0.935634,34.508736,0.935634,9683,0
9685,0.00100173,34.509067,0.935633,34.509067,0.935634,9683,0
9686,0.00100128,34.508641,0.935634,34.509067,0.935634,9683,0
9687,0.00100198,34.508743,0.935636,34.509067,0.935636,9683,0
9688,0.00099992,34.50888,0.935636,34.509067,0.935636,9683,0
9689,0.00100246,34.508978,0.935635,34.509067,0.935636,9683,0
9690,0.00100165,34.509247,0.935639,34.509247,0.935639,9690,1
9691,0.00100077,34.509155,0.93564,34.509247,0.93564,9690,0
9692,0.00100038,34.509569,0.935642,34.509569,0.935642,9692,1
9693,0.00100009,34.50977,0.935642,34.50977,0.935642,9693,1
9694,0.00100092,34.509197,0.93564,34.50977,0.935642,9693,0
9695,0.00100189,34.509409,0.935644,34.50977,0.935644,9693,0
9696,0.00100136,34.509872,0.935646,34.509872,0.935646,9696,1
9697,0.00100037,34.509767,0.935646,34.509872,0.935646,9696,0
9698,0.001002,34.509807,0.935646,34.509872,0.935646,9696,0
9699,0.00100169,34.50969,0.935646,34.509872,0.935646,9696,0
9700,0.00099913,34.509856,0.93565,34.509872,0.93565,9696,0
9701,0.00100146,34.50989,0.935652,34.50989,0.935652,9701,1
9702,0.00099847,34.509959,0.935653,34.509959,0.935653,9702,1
9703,0.00100047,34.510092,0.935651,34.510092,0.935653,9702,0
9704,0.00100198,34.510151,0.935652,34.510151,0.935653,9702,0
9705,0.00099964,34.510375,0.935656,34.510375,0.935656,9705,1
9706,0.0010012,34.510707,0.935655,34.510707,0.935656,9705,0
9707,0.00100019,34.510162,0.935653,34.510707,0.935656,9705,0
9708,0.00099967,34.510116,0.935654,34.510707,0.935656,9705,0
9709,0.0010012,34.510713,0.935657,34.510713,0.935657,9709,1
9710,0.00100139,34.510566,0.935656,34.510713,0.935657,9709,0
9711,0.00100077,34.510692,0.935658,34.510713,0.935658,9709,0
9712,0.00099993,34.510662,0.935658,34.510713,0.935658,9709,0
9713,0.001,34.511102,0.935661,34.511102,0.935661,9713,1
9714,0.00100112,34.510599,0.93566,34.511102,0.935661,9713,0
9715,0.00100137,34.510744,0.935661,34.511102,0.935661,9713,0
9716,0.00099941,34.511166,0.935662,34.511166,0.935662,9716,1
9717,0.00100006,34.510709,0.935662,34.511166,0.935662,9716,0
9718,0.00099938,34.51112,0.935664,34.511166,0.935664,9716,0
9719,0.00100191,34.511159,0.935666,34.511166,0.935666,9716,0
9720,0.00100098,34.511247,0.935668,34.511247,0.935668,9720,1
9721,0.00100059,34.511616,0.935669,34.511616,0.935669,9721,1
9722,0.00099937,34.510905,0.935669,34.511616,0.935669,9721,0
9723,0.00099995,34.511155,0.93567,34.511616,0.93567,9721,0
9724,0.00100216,34.511383,0.935676,34.511616,0.935676,9721,0
9725,0.00099969,34.51139,0.935674,34.511616,0.935676,9721,0
9726,0.00100034,34.512034,0.935678,34.512034,0.935678,9726,1
9727,0.00099986,34.511878,0.93568,34.512034,0.93568,9726,0
9728,0.00099994,34.512199,0.935678,34.512199,0.93568,9726,0
9729,0.00100056,34.512008,0.935678,34.512199,0.93568,9726,0
9730,0.00100076,34.512255,0.935679,34.512255,0.93568,9726,0
9731,0.0010001,34.512455,0.93568,34.512455,0.93568,9726,0
9732,0.00099952,34.512075,0.935677,34.512455,0.93568,9726,0
9733,0.00100101,34.512184,0.935678,34.512455,0.93568,9726,0
9734,0.00099969,34.512096,0.935681,34.512455,0.935681,9726,0
9735,0.00099925,34.511998,0.935681,34.512455,0.935681,9726,0
9736,0.00100001,34.511907,0.935682,34.512455,0.935682,9726,0
9737,0.00100094,34.512616,0.935685,34.512616,0.935685,9737,1
9738,0.00100039,34.512208,0.935686,34.512616,0.935686,9737,0
9739,0.00099937,34.51207,0.935687,34.512616,0.935687,9737,0
9740,0.00100105,34.5123,0.935689,34.512616,0.935689,9737,0
9741,0.00100147,34.512098,0.93569,34.512616,0.93569,9737,0
9742,0.00100077,34.512536,0.935694,34.512616,0.935694,9737,0
9743,0.00100051,34.512381,0.935694,34.512616,0.935694,9737,0
9744,0.00099871,34.512726,0.935694,34.512726,0.935694,9737,0
9745,0.00099943,34.513052,0.935697,34.513052,0.935697,9745,1
9746,0.00099942,34.513001,0.935696,34.513052,0.935697,9745,0
9747,0.00099891,34.51291,0.935695,34.513052,0.935697,9745,0
9748,0.00100025,34.512869,0.935695,34.513052,0.935697,9745,0
9749,0.00100058,34.513297,0.9357,34.513297,0.9357,9749,1
9750,0.00100173,34.51374,0.9357,34.51374,0.9357,9750,1
9751,0.0009986,34.513543,0.9357,34.51374,0.9357,9750,0
9752,0.00099932,34.513872,0.935703,34.513872,0.935703,9752,1
9753,0.00099983,34.514072,0.935701,34.514072,0.935703,9752,0
9754,0.00100026,34.514091,0.935704,34.514091,0.935704,9754,1
9755,0.00099973,34.514199,0.935703,34.514199,0.935704,9754,0
9756,0.00099877,34.513813,0.935702,34.514199,0.935704,9754,0
9757,0.0010011,34.513882,0.935704,34.514199,0.935704,9754,0
9758,0.00099862,34.513797,0.935704,34.514199,0.935704,9754,0
9759,0.00099933,34.513861,0.935706,34.514199,0.935706,9754,0
9760,0.00100053,34.51393,0.935706,34.514199,0.935706,9754,0
9761,0.00099801,34.514201,0.935709,34.514201,0.935709,9761,1
9762,0.0009994,34.513986,0.935709,34.514201,0.935709,9761,0
9763,0.00099994,34.514074,0.935709,34.514201,0.935709,9761,0
9764,0.00100019,34.514162,0.935709,34.514201,0.935709,9761,0
9765,0.00100045,34.514451,0.935712,34.514451,0.935712,9765,1
9766,0.00099897,34.51429,0.935712,34.514451,0.935712,9765,0
9767,0.00099958,34.514581,0.935713,34.514581,0.935713,9767,1
9768,0.00099986,34.514546,0.935714,34.514581,0.935714,9767,0
9769,0.00099986,34.514534,0.935713,34.514581,0.935714,9767,0
9770,0.00099925,34.51467,0.935716,34.51467,0.935716,9770,1
9771,0.00099871,34.514563,0.935716,34.51467,0.935716,9770,0
9772,0.00099919,34.514727,0.935717,34.514727,0.935717,9772,1
9773,0.00099916,34.515249,0.935719,34.515249,0.935719,9773,1
9774,0.0009986,34.515208,0.935719,34.515249,0.935719,9773,0
9775,0.00099983,34.514977,0.93572,34.515249,0.93572,9773,0
9776,0.00100087,34.515134,0.935722,34.515249,0.935722,9773,0
9777,0.00099946,34.514969,0.935722,34.515249,0.935722,9773,0
9778,0.00099857,34.515398,0.935724,34.515398,0.935724,9778,1
9779,0.00100035,34.515706,0.935728,34.515706,0.935728,9779,1
9780,0.00100104,34.515172,0.935728,34.515706,0.935728,9779,0
9781,0.0009994,34.516122,0.935729,34.516122,0.935729,9781,1
9782,0.00099808,34.515594,0.93573,34.516122,0.93573,9781,0
9783,0.00099908,34.515417,0.935728,34.516122,0.93573,9781,0
9784,0.00100035,34.515506,0.935731,34.516122,0.935731,9781,0
9785,0.00099962,34.515587,0.93573,34.516122,0.935731,9781,0
9786,0.00099988,34.516043,0.935731,34.516122,0.935731,9781,0
9787,0.00099981,34.515738,0.935734,34.516122,0.935734,9781,0
9788,0.00099888,34.516297,0.935733,34.516297,0.935734,9781,0
9789,0.00099998,34.516121,0.935734,34.516297,0.935734,9781,0
9790,0.00099944,34.516337,0.935735,34.516337,0.935735,9790,1
9791,0.00099901,34.516434,0.935738,34.516434,0.935738,9791,1
9792,0.00100006,34.516853,0.93574,34.516853,0.93574,9792,1
9793,0.00099923,34.51648,0.935739,34.516853,0.93574,9792,0
9794,0.0009992,34.516838,0.93574,34.516853,0.93574,9792,0
9795,0.00099909,34.516699,0.935741,34.516853,0.935741,9792,0
9796,0.00099891,34.516532,0.935741,34.516853,0.935741,9792,0
9797,0.00100065,34.516614,0.935745,34.516853,0.935745,9792,0
9798,0.00099849,34.516912,0.935746,34.516912,0.935746,9798,1
9799,0.00099908,34.516442,0.935746,34.516912,0.935746,9798,0
9800,0.00099992,34.516279,0.935744,34.516912,0.935746,9798,0
9801,0.00100061,34.516661,0.935746,34.516912,0.935746,9798,0
9802,0.00100079,34.517029,0.935748,34.517029,0.935748,9802,1
9803,0.00099809,34.5172,0.93575,34.5172,0.93575,9803,1
9804,0.00100038,34.517371,0.935752,34.517371,0.935752,9804,1
9805,0.00099748,34.517179,0.935753,34.517371,0.935753,9804,0
9806,0.00100031,34.517767,0.935753,34.517767,0.935753,9806,1
9807,0.00099943,34.517814,0.935751,34.517814,0.935753,9806,0
9808,0.00099932,34.518011,0.935751,34.518011,0.935753,9806,0
9809,0.00099807,34.51832,0.935752,34.51832,0.935753,9806,0
9810,0.00099952,34.51907,0.935755,34.51907,0.935755,9810,1
9811,0.00099928,34.518803,0.935754,34.51907,0.935755,9810,0
9812,0.00099878,34.519026,0.935752,34.51907,0.935755,9810,0
9813,0.00099908,34.51894,0.935753,34.51907,0.935755,9810,0
9814,0.00099877,34.519468,0.935756,34.519468,0.935756,9814,1
9815,0.00099879,34.519646,0.935753,34.519646,0.935756,9814,0
9816,0.000998,34.519849,0.935757,34.519849,0.935757,9816,1
9817,0.00099892,34.519516,0.935755,34.519849,0.935757,9816,0
9818,0.00099859,34.519459,0.935758,34.519849,0.935758,9816,0
9819,0.00099748,34.519488,0.93576,34.519849,0.93576,9816,0
9820,0.00099858,34.519689,0.93576,34.519849,0.93576,9816,0
9821,0.00099829,34.51998,0.935759,34.51998,0.93576,9816,0
9822,0.00099887,34.519843,0.935758,34.51998,0.93576,9816,0
9823,0.00099875,34.520081,0.93576,34.520081,0.93576,9816,0
9824,0.0009981,34.520285,0.935764,34.520285,0.935764,9824,1
9825,0.00099729,34.520844,0.935766,34.520844,0.935766,9825,1
9826,0.00099665,34.52014,0.935762,34.520844,0.935766,9825,0
9827,0.00099905,34.520592,0.935767,34.520844,0.935767,9825,0
9828,0.00099859,34.520694,0.935767,34.520844,0.935767,9825,0
9829,0.00099852,34.520694,0.935766,34.520844,0.935767,9825,0
9830,0.00099804,34.520947,0.935767,34.520947,0.935767,9830,1
9831,0.00099759,34.521039,0.935771,34.521039,0.935771,9831,1
9832,0.00099783,34.521035,0.935774,34.521039,0.935774,9831,0
9833,0.00099821,34.521486,0.935773,34.521486,0.935774,9831,0
9834,0.00099848,34.521474,0.935775,34.521486,0.935775,9831,0
9835,0.0009976,34.52162,0.935774,34.52162,0.935775,9831,0
9836,0.00099751,34.521583,0.935775,34.52162,0.935775,9831,0
9837,0.00099831,34.521194,0.935779,34.52162,0.935779,9831,0
9838,0.0009983,34.521458,0.935774,34.52162,0.935779,9831,0
9839,0.00099692,34.521495,0.935779,34.52162,0.935779,9831,0
9840,0.00099898,34.521485,0.935781,34.52162,0.935781,9831,0
9841,0.00099799,34.522003,0.935782,34.522003,0.935782,9841,1
9842,0.00099784,34.52171,0.935782,34.522003,0.935782,9841,0
9843,0.00100004,34.521784,0.935784,34.522003,0.935784,9841,0
9844,0.00099785,34.521905,0.935786,34.522003,0.935786,9841,0
9845,0.00099794,34.522182,0.935786,34.522182,0.935786,9845,1
9846,0.00099924,34.522289,0.935785,34.522289,0.935786,9845,0
9847,0.0010004,34.522439,0.935784,34.522439,0.935786,9845,0
9848,0.00099785,34.522463,0.93579,34.522463,0.93579,9848,1
9849,0.00099873,34.522394,0.935789,34.522463,0.93579,9848,0
9850,0.0009979,34.522739,0.935789,34.522739,0.93579,9848,0
9851,0.00099879,34.522634,0.935789,34.522739,0.93579,9848,0
9852,0.00099776,34.522591,0.935792,34.522739,0.935792,9848,0
9853,0.0009987,34.522966,0.93579,34.522966,0.935792,9848,0
9854,0.00099745,34.523024,0.935793,34.523024,0.935793,9854,1
9855,0.00099765,34.523201,0.935796,34.523201,0.935796,9855,1
9856,0.00099844,34.523117,0.935793,34.523201,0.935796,9855,0
9857,0.00099797,34.523207,0.935797,34.523207,0.935797,9857,1
9858,0.00099817,34.523577,0.935796,34.523577,0.935797,9857,0
9859,0.0009986,34.523609,0.935796,34.523609,0.935797,9857,0
9860,0.00099813,34.523504,0.935799,34.523609,0.935799,9857,0
9861,0.00099788,34.523506,0.935798,34.523609,0.935799,9857,0
9862,0.00099761,34.523549,0.935799,34.523609,0.935799,9857,0
9863,0.00099696,34.523285,0.935799,34.523609,0.935799,9857,0
9864,0.00099846,34.523811,0.935805,34.523811,0.935805,9864,1
9865,0.00099775,34.523924,0.935802,34.523924,0.935805,9864,0
9866,0.00099823,34.524008,0.935804,34.524008,0.935805,9864,0
9867,0.00099869,34.524199,0.935809,34.524199,0.935809,9867,1
9868,0.00099798,34.523676,0.935804,34.524199,0.935809,9867,0
9869,0.0009966,34.523725,0.935802,34.524199,0.935809,9867,0
9870,0.0009991,34.523148,0.935806,34.524199,0.935809,9867,0
9871,0.00099947,34.525102,0.93583,34.525102,0.93583,9871,1
9872,0.0009985,34.52514,0.935828,34.52514,0.93583,9871,0
9873,0.00099793,34.525561,0.935834,34.525561,0.935834,9873,1
9874,0.00099685,34.525786,0.935832,34.525786,0.935834,9873,0
9875,0.00099772,34.525363,0.935831,34.525786,0.935834,9873,0
9876,0.00099799,34.525977,0.935832,34.525977,0.935834,9873,0
9877,0.00099945,34.525991,0.935834,34.525991,0.935834,9877,1
9878,0.00099679,34.52602,0.935834,34.52602,0.935834,9877,0
9879,0.00099688,34.525691,0.935835,34.52602,0.935835,9877,0
9880,0.00099666,34.526002,0.935838,34.52602,0.935838,9877,0
9881,0.00099742,34.526422,0.935836,34.526422,0.935838,9877,0
9882,0.00099858,34.526029,0.935838,34.526422,0.935838,9877,0
9883,0.00099677,34.526855,0.935841,34.526855,0.935841,9883,1
9884,0.00099741,34.526987,0.935841,34.526987,0.935841,9884,1
9885,0.00099792,34.526992,0.935841,34.526992,0.935841,9884,0
9886,0.000997,34.526811,0.935842,34.526992,0.935842,9884,0
9887,0.0009982,34.527041,0.935842,34.527041,0.935842,9884,0
9888,0.00099784,34.526694,0.935843,34.527041,0.935843,9884,0
9889,0.0009974,34.527268,0.935846,34.527268,0.935846,9889,1
9890,0.00099562,34.527586,0.935846,34.527586,0.935846,9889,0
9891,0.00099542,34.527687,0.935847,34.527687,0.935847,9891,1
9892,0.00099749,34.527351,0.935848,34.527687,0.935848,9891,0
9893,0.00099694,34.527639,0.935848,34.527687,0.935848,9891,0
9894,0.00099652,34.527413,0.935849,34.527687,0.935849,9891,0
9895,0.00099765,34.527979,0.935852,34.527979,0.935852,9895,1
9896,0.00099618,34.52773,0.935851,34.527979,0.935852,9895,0
9897,0.00099617,34.527911,0.935854,34.527979,0.935854,9895,0
9898,0.000996,34.52791,0.935854,34.527979,0.935854,9895,0
9899,0.00099698,34.527951,0.935854,34.527979,0.935854,9895,0
9900,0.00099528,34.527715,0.935857,34.527979,0.935857,9895,0
9901,0.00099689,34.527943,0.935856,34.527979,0.935857,9895,0
9902,0.0009966,34.527996,0.935856,34.527996,0.935857,9895,0
9903,0.00099668,34.52814,0.935859,34.52814,0.935859,9903,1
9904,0.00099772,34.527898,0.935859,34.52814,0.935859,9903,0
9905,0.00099825,34.528542,0.935862,34.528542,0.935862,9905,1
9906,0.00099638,34.528082,0.935862,34.528542,0.935862,9905,0
9907,0.00099704,34.528075,0.935862,34.528542,0.935862,9905,0
9908,0.00099682,34.528398,0.935859,34.528542,0.935862,9905,0
9909,0.00099696,34.528306,0.935865,34.528542,0.935865,9905,0
9910,0.00099661,34.52855,0.935866,34.52855,0.935866,9910,1
9911,0.00099424,34.528787,0.935867,34.528787,0.935867,9911,1
9912,0.00099612,34.529105,0.935867,34.529105,0.935867,9912,1
9913,0.00099743,34.528881,0.935867,34.529105,0.935867,9912,0
9914,0.00099723,34.52874,0.935869,34.529105,0.935869,9912,0
9915,0.00099709,34.528751,0.935869,34.529105,0.935869,9912,0
9916,0.0009981,34.528667,0.93587,34.529105,0.93587,9912,0
9917,0.00099697,34.528872,0.935871,34.529105,0.935871,9912,0
9918,0.00099614,34.529165,0.935871,34.529165,0.935871,9912,0
9919,0.00099553,34.529112,0.935874,34.529165,0.935874,9912,0
9920,0.00099625,34.529405,0.935874,34.529405,0.935874,9912,0
9921,0.00099751,34.5292,0.935874,34.529405,0.935874,9912,0
9922,0.00099652,34.529279,0.935876,34.529405,0.935876,9912,0
9923,0.00099716,34.529156,0.935878,34.529405,0.935878,9912,0
9924,0.00099752,34.52921,0.935878,34.529405,0.935878,9912,0
9925,0.00099557,34.52965,0.935879,34.52965,0.935879,9925,1
9926,0.00099691,34.529411,0.935879,34.52965,0.935879,9925,0
9927,0.00099615,34.529898,0.93588,34.529898,0.93588,9927,1
9928,0.00099693,34.52972,0.935881,34.529898,0.935881,9927,0
9929,0.00099731,34.529648,0.935881,34.529898,0.935881,9927,0
9930,0.0009961,34.530158,0.935885,34.530158,0.935885,9930,1
9931,0.0009967,34.530337,0.935884,34.530337,0.935885,9930,0
9932,0.00099636,34.530395,0.935886,34.530395,0.935886,9932,1
9933,0.00099584,34.529931,0.935888,34.530395,0.935888,9932,0
9934,0.00099714,34.530571,0.935891,34.530571,0.935891,9934,1
9935,0.00099454,34.530519,0.935891,34.530571,0.935891,9934,0
9936,0.00099555,34.530434,0.935892,34.530571,0.935892,9934,0
9937,0.00099657,34.53062,0.935894,34.53062,0.935894,9937,1
9938,0.00099682,34.530748,0.935895,34.530748,0.935895,9938,1
9939,0.00099751,34.530261,0.93589,34.530748,0.935895,9938,0
9940,0.00099651,34.530438,0.93589,34.530748,0.935895,9938,0
9941,0.0009967,34.530582,0.935895,34.530748,0.935895,9938,0
9942,0.00099693,34.530453,0.935891,34.530748,0.935895,9938,0
9943,0.00099534,34.530404,0.935893,34.530748,0.935895,9938,0
9944,0.00099786,34.530401,0.935895,34.530748,0.935895,9938,0
9945,0.00099569,34.530371,0.935893,34.530748,0.935895,9938,0
9946,0.00099617,34.531127,0.935899,34.531127,0.935899,9946,1
9947,0.00099668,34.531057,0.935897,34.531127,0.935899,9946,0
9948,0.00099606,34.530987,0.9359,34.531127,0.9359,9946,0
9949,0.0009953,34.531663,0.935901,34.531663,0.935901,9949,1
9950,0.00099564,34.531294,0.935901,34.531663,0.935901,9949,0
9951,0.00099686,34.531397,0.935903,34.531663,0.935903,9949,0
9952,0.00099497,34.531422,0.935904,34.531663,0.935904,9949,0
9953,0.00099682,34.531262,0.935903,34.531663,0.935904,9949,0
9954,0.00099704,34.531649,0.935904,34.531663,0.935904,9949,0
9955,0.0009943,34.53198,0.935905,34.53198,0.935905,9955,1
9956,0.00099729,34.531935,0.935908,34.53198,0.935908,9955,0
9957,0.00099654,34.532004,0.93591,34.532004,0.93591,9957,1
9958,0.00099628,34.532063,0.935909,34.532063,0.93591,9957,0
9959,0.00099666,34.531796,0.935909,34.532063,0.93591,9957,0
9960,0.00099673,34.53237,0.935912,34.53237,0.935912,9960,1
9961,0.00099589,34.532369,0.935913,34.53237,0.935913,9960,0
9962,0.00099513,34.532153,0.935912,34.53237,0.935913,9960,0
9963,0.00099677,34.531878,0.935913,34.53237,0.935913,9960,0
9964,0.00099588,34.532265,0.935915,34.53237,0.935915,9960,0
9965,0.00099457,34.53244,0.935917,34.53244,0.935917,9965,1
9966,0.00099632,34.532254,0.935914,34.53244,0.935917,9965,0
9967,0.00099774,34.532658,0.935914,34.532658,0.935917,9965,0
9968,0.00099551,34.532282,0.935913,34.532658,0.935917,9965,0
9969,0.00099661,34.533075,0.935918,34.533075,0.935918,9969,1
9970,0.00099571,34.532696,0.935919,34.533075,0.935919,9969,0
9971,0.00099601,34.532872,0.935922,34.533075,0.935922,9969,0
9972,0.00099602,34.53291,0.935923,34.533075,0.935923,9969,0
9973,0.00099616,34.533165,0.935924,34.533165,0.935924,9973,1
9974,0.00099754,34.533156,0.935925,34.533165,0.935925,9973,0
9975,0.00099449,34.532883,0.935924,34.533165,0.935925,9973,0
9976,0.0009958,34.533049,0.935927,34.533165,0.935927,9973,0
9977,0.00099531,34.533189,0.935928,34.533189,0.935928,9977,1
9978,0.00099587,34.533574,0.935932,34.533574,0.935932,9978,1
9979,0.00099554,34.533255,0.93593,34.533574,0.935932,9978,0
9980,0.00099568,34.533332,0.935932,34.533574,0.935932,9978,0
9981,0.00099595,34.533451,0.935931,34.533574,0.935932,9978,0
9982,0.00099546,34.533531,0.935931,34.533574,0.935932,9978,0
9983,0.00099598,34.533556,0.935932,34.533574,0.935932,9978,0
9984,0.0009962,34.533654,0.935935,34.533654,0.935935,9984,1
9985,0.00099521,34.533913,0.935937,34.533913,0.935937,9985,1
9986,0.00099468,34.533312,0.935936,34.533913,0.935937,9985,0
9987,0.00099596,34.53338,0.935936,34.533913,0.935937,9985,0
9988,0.00099721,34.534245,0.935941,34.534245,0.935941,9988,1
9989,0.00099439,34.53418,0.935939,34.534245,0.935941,9988,0
9990,0.00099412,34.534236,0.935941,34.534245,0.935941,9988,0
9991,0.00099409,34.534322,0.93594,34.534322,0.935941,9988,0
9992,0.00099563,34.534275,0.935942,34.534322,0.935942,9988,0
9993,0.00099588,34.534033,0.935941,34.534322,0.935942,9988,0
9994,0.00099471,34.534674,0.935947,34.534674,0.935947,9994,1
9995,0.00099368,34.534617,0.935948,34.534674,0.935948,9994,0
9996,0.00099636,34.534508,0.935946,34.534674,0.935948,9994,0
9997,0.00099657,34.534475,0.935949,34.534674,0.935949,9994,0
9998,0.00099534,34.534644,0.935948,34.534674,0.935949,9994,0
9999,0.00099394,34.534415,0.935948,34.534674,0.935949,9994,0
10000,0.0009949,34.534659,0.935951,34.534674,0.935951,9994,0
